순번,시도본부,소방서,119안전센터명,주소,전화번호,geometry
1,서울,종로,세종로119안전센터,서울특별시 종로구 율곡로 78(운니동 114-2),02-6981-5740,[126.987649258831 37.5768173425423]
2,서울,종로,신교119안전센터,서울특별시 종로구 자하문로 93 (신교동),02-737-8119,[126.970027499987 37.5842789170648]
3,서울,종로,종로119안전센터,서울특별시 종로구 돈화문로 30 (묘동),02-747-7119,[126.992233420661 37.5712662536965]
4,서울,종로,연건119안전센터,서울특별시 종로구 대학로 91 (연건동),02-747-8119,[127.001835354449 37.5794142791836]
5,서울,종로,신영119안전센터,서울특별시 종로구 진흥로 477 (신영동),02-391-0119,[126.960846444543 37.6057957808925]
6,서울,종로,숭인119안전센터,서울특별시 종로구 숭인동길 63 (숭인동),02-929-0921,[127.021706560708 37.5777636587545]
7,서울,중부,을지로119안전센터,서울특별시 중구 을지로45길 43(신당동),02-2235-0119,[127.012025690221 37.566728573095]
8,서울,중부,무학119안전센터,서울특별시 중구 퇴계로 394 (무학동),02-2252-3311,[127.015378573704 37.5648664558126]
9,서울,중부,충무로119안전센터,서울특별시 중구 충무로 11(충무로3가),02-2265-0119,[126.992912675198 37.5621562365797]
10,서울,중부,회현119안전센터,서울특별시 중구 소공로 30(회현동2가),02-775-0119,[126.983364600162 37.558208190069]
11,서울,중부,신당119안전센터,서울특별시 중구 다산로8길 2(신당동),02-2238-0698,[127.009640800452 37.5529259688215]
12,서울,광진,구의119안전센터,서울특별시 광진구 광나루로 480 (구의동),02-6981-6768,[127.082778518406 37.5448260218652]
13,서울,광진,능동119안전센터,서울특별시 광진구 능동로 242 (능동),02-6981-6781,[127.076991345349 37.5516759040088]
14,서울,광진,중곡119안전센터,서울특별시 광진구 용마산로 150 (중곡동),02-6981-6791,[127.086643780864 37.5669486795626]
15,서울,용산,한강로119안전센터,서울특별시 용산구 한강대로 167 (한강로2가),02-6943-1520,[126.971506544727 37.5341074431998]
16,서울,용산,이태원119안전센터,서울특별시 용산구 이태원로 196 (이태원동),02-6943-1540,[126.995800074175 37.5343733575462]
17,서울,용산,후암119안전센터,서울특별시 용산구 후암로 34 (후암동),02-6943-1550,[126.977888643401 37.548930436814]
18,서울,용산,이촌119안전센터,서울특별시 용산구 이촌로2가길 1 (이촌동),02-6943-1560,[126.953423122186 37.5300531370846]
19,서울,용산,서빙고119안전센터,서울특별시 용산구 서빙고로67길 7 (서빙고동),02-6943-1570,[126.995010003972 37.5208326196955]
20,서울,동대문,장안119안전센터,서울특별시 동대문구 장한로 34 (장안동),02-6942-1350,[127.066724569715 37.5637542523416]
21,서울,동대문,청량리119안전센터,서울특별시 동대문구 왕산로 299 (청량리동),02-6942-1360,[127.052316985824 37.5871648475754]
22,서울,동대문,전농119안전센터,서울특별시 동대문구 황물로 3 (전농동),02-6942-1365,[127.046017913495 37.5763087872444]
23,서울,동대문,용두119안전센터,서울특별시 동대문구 왕산로 76 (용두동),02-6942-1370,[127.031745691291 37.5778486922352]
24,서울,동대문,휘경119안전센터,서울특별시 동대문구 망우로 106 (휘경동),02-6942-1375,[127.0651426879 37.5906585512362]
25,서울,영등포,영등포119안전센터,서울특별시 영등포구 문래로 197 (영등포동4가),02-6981-7150,[126.904188745933 37.5184389128995]
26,서울,영등포,여의도119안전센터,서울특별시 영등포구 의사당대로 162 (여의도동),02-783-0119,[126.927973753551 37.5172246813066]
27,서울,영등포,당산119안전센터,서울특별시 영등포구 양평로 70-1 (당산동6가),02-2633-0119,[126.899192700249 37.5354973829456]
28,서울,영등포,대림119안전센터,서울특별시 영등포구 도림로 212 (신길동),02-846-0119,[126.904060701993 37.4973134949082]
29,서울,영등포,신길119안전센터,서울특별시 영등포구 영등포로84길 31 (신길동),02-841-0119,[126.922193363902 37.5104280770526]
30,서울,성북,종암119안전센터,서울특별시 성북구 종암로27길 3 (종암동),02-6981-7351,[127.031747410745 37.6024227162113]
31,서울,성북,돈암119안전센터,서울특별시 성북구 보문로 192 (삼선동4가),02-6981-7361,[127.014439292796 37.590987927928]
32,서울,성북,길음119안전센터,서울특별시 성북구 정릉로 321 (길음동),02-6981-7372,[127.01921134912 37.6028203266818]
33,서울,성북,장위119안전센터,서울특별시 성북구 한천로 640 (장위동),02-6981-7383,[127.058227345965 37.6156172519303]
34,서울,은평,진관119안전센터,서울특별시 은평구 통일로 962 (진관동),02-6981-6151,[126.919788062767 37.6287565171839]
35,서울,은평,녹번119안전센터,서울특별시 은평구 은평로 245 (녹번동),02-6981-6171,[126.935146145667 37.6011049837261]
36,서울,은평,역촌119안전센터,서울특별시 은평구 갈현로 80 (역촌동),02-6981-6181,[126.910669577673 37.6049907333044]
37,서울,은평,수색119안전센터,서울특별시 은평구 수색로 320 (수색동),02-6981-6191,[126.889905679045 37.5852677029786]
38,서울,강남,삼성119안전센터,서울특별시 강남구 테헤란로 629 (삼성동),02-6981-7556,[127.066830196714 37.5102791937918]
39,서울,강남,영동119안전센터,서울특별시 강남구 도산대로 320 (논현동),02-517-5119,[127.03693433067 37.5221428647963]
40,서울,강남,역삼119안전센터,서울특별시 강남구 역삼로 236 (역삼동),02-557-0109,[127.042446564006 37.4971302963569]
41,서울,강남,수서119안전센터,서울특별시 강남구 광평로31길 6 (수서동),02-445-9019,[127.092841706314 37.4849268509466]
42,서울,강남,개포119안전센터,서울특별시 강남구 논현로 10길 19 (개포동),02-577-2540,[127.049895047376 37.4747004805241]
43,서울,강남,세곡119안전센터,서울특별시 강남구 밤고개로 268 (율현동),02-451-0882,[127.107194977868 37.4704424214155]
44,서울,서초,반포119안전센터,서울특별시 서초구 사평대로 67 (반포동),02-534-0119,[126.991933484053 37.4984499624536]
45,서울,서초,방배119안전센터,서울특별시 서초구 남부순환로 2155 (방배동),02-582-0119,[126.98820996058 37.4755003421939]
46,서울,서초,양재119안전센터,서울특별시 서초구 동산로 9 (양재동),02-572-5523,[127.040825131053 37.4694635060301]
47,서울,서초,서초119안전센터,서울특별시 서초구 효령로 400 (서초동),02-3473-0119,[127.027597379495 37.4880317322992]
48,서울,서초,잠원119안전센터,서울특별시 서초구 서초중앙로29길 6 (반포동),02-532-7119,[127.011600589722 37.4990716329324]
49,서울,서초,우면119안전센터,서울특별시 서초구 남부순환로340길 49 (서초동),02-522-6119,[127.021885024707 37.479576332262]
50,서울,강서,등촌119안전센터,서울특별시 강서구 양천로 550 (등촌동),02-6981-5120,[126.860047002918 37.5582460680719]
51,서울,강서,화곡119안전센터,서울특별시 강서구 까치산로 49 (화곡동),02-6981-5170,[126.845223517709 37.543664744296]
52,서울,강서,발산119안전센터,서울특별시 강서구 강서로 329 (내발산동),02-6981-5175,[126.836860953088 37.555261129542]
53,서울,강서,방화119안전센터,서울특별시 강서구 금낭화로26길 10 (방화동),02-6981-5180,[126.814281581572 37.5797935701872]
54,서울,강서,개화119안전센터,서울특별시 강서구 개화동로19길 8 (개화동),02-6981-5185,[126.803146069104 37.575000173221]
55,서울,강서,마곡119안전센터,서울특별시 강서구 마곡서로 9 (마곡동),02-6981-5190,[126.820718949632 37.5559362655126]
56,서울,강동,성내119안전센터,서울특별시 강동구 성내로 39 (성내동),02-6981-7750,[127.125372107356 37.5294578780874]
57,서울,강동,천호119안전센터,서울특별시 강동구 진황도로 37 (천호동),02-474-1721,[127.131370251226 37.538619937408]
58,서울,강동,고덕119안전센터,서울특별시 강동구 양재대로156길 133 (고덕동),02-426-0431,[127.151860472213 37.5571655644062]
59,서울,강동,암사119안전센터,서울특별시 강동구 올림픽로 815 (암사동),02-429-0427,[127.12863753848 37.5539834377479]
60,서울,강동,길동119안전센터,서울특별시 강동구 천중로 215 (길동),02-487-6119,[127.144357712705 37.5409744935373]
61,서울,강동,강일119안전센터,서울특별시 강동구 고덕로98길 22 (강일동),02-6981-7790,[127.17968449182 37.5573403955858]
62,서울,마포,신수119안전센터,서울특별시 마포구 창전로 76 (신수동),02-6981-7930,[126.933177803745 37.5493731987746]
63,서울,마포,염리119안전센터,서울특별시 마포구 토정로 37길 27 (염리동),02-713-0965,[126.945572683437 37.5417335945556]
64,서울,마포,서교119안전센터,서울특별시 마포구 양화로 60 (서교동),02-3143-2119,[126.915543990283 37.5502847053114]
65,서울,마포,성산119안전센터,서울특별시 마포구 월드컵북로 240 (성산동),02-304-0119,[126.90305825047 37.5706093453431]
66,서울,마포,공덕119안전센터,서울특별시 마포구 만리재옛길 82 (공덕동),02-3274-0976,[126.959767170966 37.5500487475154]
68,서울,도봉,방학119안전센터,서울특별시 도봉구 도봉로 666 (방학동),02-6981-8180,[127.043019014157 37.6640064725024]
69,서울,도봉,도봉119안전센터,서울특별시 도봉구 도봉로 721 (방학동),02-6981-8182,[127.04309259534 37.6689504865078]
70,서울,도봉,창동119안전센터,서울특별시 도봉구 해등로 25 (창동),02-6981-8184,[127.043734714786 37.646761768825]
71,서울,도봉,쌍문119안전센터,서울특별시 도봉구 노해로 152 (쌍문동),02-6981-8186,[127.026815972409 37.6481984004112]
72,서울,구로,수궁119안전센터,서울특별시 구로구 오리로 1285 (궁동),02-6981-6372,[126.82954314226 37.4962644992294]
73,서울,구로,고일119안전센터,서울특별시 구로구 경인로 408 (고척동),02-2619-0119,[126.86521575957 37.4977928295037]
74,서울,구로,고척119안전센터,서울특별시 구로구 고척로 195 (고척동),02-6981-6378,[126.854864624849 37.5049287806115]
75,서울,구로,구로119안전센터,서울특별시 구로구 구로동로 175 (구로동),02-6981-6384,[126.882548301049 37.4942274908725]
76,서울,구로,신도림119안전센터,서울특별시 구로구 경인로59길 57 (신도림동),02-6981-6390,[126.881212537772 37.5073244326985]
77,서울,구로,공단119안전센터,서울특별시 구로구 디지털로34길 56 (구로동),02-6981-6396,[126.898432630772 37.484225084951]
78,서울,노원,하계119안전센터,서울특별시 노원구 한글비석로1길 8 (하계동),02-6981-6940,[127.071107030841 37.6382549586524]
79,서울,노원,상계119안전센터,서울특별시 노원구 노원로26길 111 (상계동),02-6981-6969,[127.0716247327 37.6550522215901]
80,서울,노원,공릉119안전센터,서울특별시 노원구 화랑로 482 (공릉동),02-6981-6979,[127.080693450592 37.6190612991145]
81,서울,노원,월계119안전센터,서울특별시 노원구 월계로 323 (월계동),02-6981-6989,[127.056393818666 37.6288105788559]
82,서울,노원,수락119안전센터,서울특별시 노원구 동일로 1694 (상계동),02-6981-6999,[127.055776663279 37.6797401642825]
83,서울,관악,관악119안전센터,서울특별시 관악구 관악로 97 (봉천동),02-6981-8340,[126.952685489441 37.474124805543]
84,서울,관악,봉천119안전센터,서울특별시 관악구 은천로 54 (봉천동),02-886-0119,[126.941113960309 37.4859489532925]
85,서울,관악,신림119안전센터,서울특별시 관악구 봉천로 202 (신림동),02-874-0119,[126.923986693672 37.4896334876154]
86,서울,관악,난곡119안전센터,서울특별시 관악구 난곡로 243 (신림동),02-859-0119,[126.916070379965 37.4756896173156]
87,서울,관악,마천119안전센터,서울특별시 송파구 오금로51길 56 (마천동),02-6981-5343,[127.142591860451 37.4998334512085]
88,서울,송파,거여119안전센터,서울특별시 송파구 마천로 329 (마천동),02-6981-5362,[127.151828028702 37.494162814581]
89,서울,송파,방이119안전센터,서울특별시 송파구 강동대로 286 (방이동),02-6981-5370,[127.136571935167 37.519784557048]
90,서울,송파,잠실119안전센터,서울특별시 송파구 석촌호수로 151 (잠실동),02-6981-5378,[127.093893101316 37.5073164796842]
91,서울,송파,종합운동장119안전센터,서울특별시 송파구 올림픽로 25 (잠실동),02-6981-5387,[127.075939572603 37.5161996814031]
92,서울,송파,가락119안전센터,서울특별시 송파구 양재대로 932 (가락동),02-6981-5394,[127.108713599026 37.4945376921828]
93,서울,양천,양천119안전센터,서울특별시 양천구 목동서로 180 (목동),02-6981-8750,[126.872342277813 37.5302359667761]
94,서울,양천,신정119안전센터,서울특별시 양천구 신월로 268 (신정동),02-6981-8760,[126.850955859801 37.5217756482988]
95,서울,양천,목동119안전센터,서울특별시 양천구 안양천로 1139 (목동),02-6981-8765,[126.883552801526 37.5427783009136]
96,서울,양천,신월119안전센터,서울특별시 양천구 남부순환로 448 (신월동),02-6981-8790,[126.833084887826 37.527925585812]
97,서울,양천,신트리119안전센터,서울특별시 양천구 신정로 238 (신정동),02-6981-8795,[126.84798529112 37.5106105096518]
98,서울,양천,신내119안전센터,서울특별시 중랑구 신내로 183 (신내동),02-6981-8850,[127.09488645434 37.6153857016411]
99,서울,중랑,면목119안전센터,서울특별시 중랑구 동일로 475 (면목동),02-6981-8962,[127.079878532438 37.5728233444034]
100,서울,중랑,망우119안전센터,서울특별시 중랑구 용마산로 524 (망우동),02-6981-8972,[127.100571864346 37.5977258343186]
101,서울,중랑,중화119안전센터,서울특별시 중랑구 동일로 783 (중화동),02-6981-8982,[127.079334389398 37.600460399449]
102,서울,동작,동작119안전센터,서울특별시 동작구 여의대방로16길 55 (신대방동),02-6913-7871,[126.91771856513 37.4946721349965]
103,서울,동작,노량진119안전센터,서울특별시 동작구 노량진로 187 (노량진동),02-6913-7881,[126.946943945314 37.513669634701]
104,서울,동작,상도119안전센터,서울특별시 동작구 국사봉1길 17 (상도동),02-6913-7888,[126.929474600621 37.4990401585505]
105,서울,동작,백운119안전센터,서울특별시 동작구 사당로 63 (상도동),02-6913-7895,[126.961590416037 37.4948022151833]
106,서울,서대문,연희119안전센터,서울특별시 서대문구 연희로 182 (연희동),02-6981-5520,[126.935995916827 37.57320485877]
107,서울,서대문,북가좌119안전센터,서울특별시 서대문구 증가로 242 (북가좌동),02-6981-5539,[126.913003680191 37.5828643962709]
108,서울,서대문,홍은119안전센터,서울특별시 서대문구 홍은중앙로 83 (홍은동),02-6981-5549,[126.947029460621 37.5987232899088]
109,서울,서대문,북아현119안전센터,서울특별시 서대문구 북아현로 37 (북아현동),02-6981-5559,[126.955739118108 37.5606596163451]
110,서울,강북,번동119안전센터,서울특별시 강북구 한천로 911 (번동),02-6946-0250,[127.038180860463 37.6330513410328]
111,서울,강북,우이119안전센터,서울특별시 강북구 삼각산로 111 (수유동),02-904-0119,[127.016496342099 37.6409535904087]
112,서울,강북,미아119안전센터,서울특별시 강북구 도봉로 125 (미아동),02-983-9111,[127.02829468516 37.6200218033242]
113,서울,강북,삼각산119안전센터,서울특별시 강북구 솔샘로 208 (미아동),02-983-5119,[127.015503392069 37.6198625399321]
114,서울,강북,행당119안전센터,서울특별시 성동구 살곶이길 331(행당동),02-2622-1740,[127.039519760538 37.5538788610456]
115,서울,강북,성수119안전센터,서울특별시 성동구 뚝섬로 452(성수동2가),02-2622-1751,[127.060654486737 37.537176455916]
116,서울,성동,왕십리119안전센터,서울특별시 성동구 고산자로 249(도선동),02-2622-1761,[127.035474709777 37.5620370536455]
117,서울,성동,금호119안전센터,서울특별시 성동구 난계로 19(금호동1가),02-2622-1771,[127.024208560228 37.5540068802159]
118,서울,성동,시흥119안전센터,서울특별시 금천구 시흥대로45길 31 시흥119안전센터,02-6981-6552,[126.900483119901 37.4485476989236]
119,서울,성동,금천119안전센터,서울특별시 금천구 시흥대로 342(독산2동),,[126.897934083993 37.4641358331914]
120,부산,중부,중앙119안전센터,부산광역시 중구 중앙대로 110(중앙동4가),051-760-6111,[129.036729805709 35.1071098042428]
121,부산,중부,부민119안전센터,부산광역시 서구 임시수도기념로 21-4(부민동3가),051-760-6121,[129.01859290874 35.1032296520266]
122,부산,중부,충무119안전센터,부산광역시 서구 충무대로 186(남부민동),051-760-6131,[129.024782788649 35.0871102237157]
123,부산,중부,창선119안전센터,부산광역시 중구 대청로 68-1(부평동1가),051-760-6141,[129.027344019637 35.1028480957045]
124,부산,중부,초량119안전센터,부산광역시 동구 중앙대로 260번길 7(초량동),051-760-6151,[129.043208353802 35.1197972849571]
125,부산,부산진,부전119안전센터,부산광역시 부산진구 서전로 43(전포동),051-760-6211,[129.064634532602 35.1580729998094]
126,부산,부산진,범일119안전센터,부산광역시 동구 범일로 115(범일동),051-760-6221,[129.059044441256 35.1404322853997]
127,부산,부산진,수정119안전센터,부산광역시 동구 중앙대로 383-1(수정동),051-760-6231,[129.049215544755 35.1296131943422]
128,부산,부산진,가야119안전센터,부산광역시 부산진구 가야대로 627(가야동),051-760-6241,[129.040389978536 35.1557502150966]
129,부산,부산진,부암119안전센터,부산광역시 부산진구 신천대로 282(부암동),051-760-6251,[129.050728551944 35.1669035794401]
130,부산,부산진,당감119안전센터,부산광역시 부산진구 백양산로53번길 65(당감동),051-760-6261,[129.028526167136 35.17168920814]
131,부산,부산진,안창119안전센터,부산광역시 동구 안창로 62(범일동),051-760-6271,[129.041756814054 35.1460277441636]
132,부산,동래,연산119안전센터,부산광역시 연제구 고분로 216(연산동),051-760-6311,[129.105747814753 35.1834432601063]
133,부산,동래,수안119안전센터,부산광역시 동래구 명륜로45번길 7(수안동),051-760-6321,[129.083813837728 35.1981511198489]
134,부산,동래,온천119안전센터,부산광역시 동래구 우장춘로 196(온천동),051-760-6331,[129.077595570706 35.2232732651656]
135,부산,동래,양정119안전센터,부산광역시 부산진구 연수로 44(양정동),051-760-6341,[129.075933707902 35.1744807918893]
136,부산,동래,사직119안전센터,부산광역시 동래구 체육공원로 74(사직동),051-760-6351,[129.059243506078 35.1946573464887]
137,부산,북부,삼락119안전센터,부산광역시 사상구 삼덕로 17(삼락동),051-760-6411,[128.978757026489 35.174526513559]
138,부산,북부,감전119안전센터,부산광역시 사상구 가야대로 41(감전동),051-760-6421,[128.97739115958 35.1518619673133]
139,부산,북부,구포119안전센터,부산광역시 북구 만덕대로 31(덕천동),051-760-6431,[129.008363744595 35.2111460677691]
140,부산,북부,화명119안전센터,부산광역시 북구 금곡대로 184(화명동),051-760-6451,[129.010309958729 35.2252697756132]
141,부산,북부,주례119안전센터,부산광역시 사상구 양지로22번길 7(주례동),051-760-6461,[129.004149169682 35.1540753002093]
142,부산,북부,모라119안전센터,부산광역시 사상구 백양대로 950(모라동),051-760-6471,[128.992260216349 35.1909775780576]
143,부산,북부,학장119안전센터,부산광역시 사상구 학감대로 89(학장동),051-760-6481,[128.990454486897 35.1396785582034]
144,부산,북부,금곡119안전센터,부산광역시 북구 금곡대로616번길 151(금곡동),051-760-6491,[129.017668790653 35.2673640559246]
145,부산,북부,만덕119안전센터,부산광역시 북구 함박봉로 142(만덕동),051-760-6441,[129.033189188531 35.2048093141871]
146,부산,사하,신평119안전센터,부산광역시 사하구 장평로 270(신평동),051-760-6512,[128.973412192705 35.0906373939267]
147,부산,사하,괴정119안전센터,부산광역시 사하구 낙동대로 262(괴정동),051-760-6522,[128.988382534008 35.0994211596906]
148,부산,사하,하단119안전센터,부산광역시 사하구 낙동남로 1407(하단동),051-760-6532,[128.965590720102 35.1065237297469]
149,부산,사하,다대119안전센터,부산광역시 사하구 다대로 622(다대동),051-760-6542,[128.970370157716 35.0511794178346]
150,부산,사하,감천119안전센터,부산광역시 사하구 원양로 405(감천동),051-760-6552,[129.004796449761 35.0863013563412]
151,부산,해운대,우동119안전센터,부산광역시 해운대구 해운대해변로 106(우동),051-760-6611,[129.143703445807 35.1595604978668]
152,부산,해운대,중동119안전센터,부산광역시 해운대구 달맞이길 117번길 72(중동),051-760-6621,[129.175850286031 35.1606827424106]
153,부산,해운대,반여119안전센터,부산광역시 해운대구 선수촌로 21번길 64(반여동),051-760-6631,[129.117843919825 35.1974075682399]
154,부산,해운대,센텀119안전센터,부산광역시 해운대구 센텀동로 50(우동),051-760-6651,[129.130799084319 35.1737605321549]
155,부산,해운대,좌동119안전센터,부산광역시 해운대구 대천로67번길 35(좌동),051-760-6641,[129.166472141693 35.1736463536188]
156,부산,해운대,반송119안전센터,부산광역시 해운대구 아랫반송로 10(반송동),051-760-6661,[129.146991933939 35.2253819284519]
157,부산,금정,부곡119안전센터,부산광역시 금정구 중앙대로 1789(부곡동),051-760-6711,[129.092379154968 35.2438809711478]
158,부산,금정,서동119안전센터,부산광역시 동래구 반송로 331(명장동),051-760-6721,[129.103304301676 35.2090301504975]
159,부산,금정,남산119안전센터,부산광역시 금정구 두실로 46(남산동),051-760-6731,[129.086884619266 35.2614284381626]
160,부산,금정,산성119안전센터,부산광역시 금정구 산성로 396(금성동),051-760-6751,[129.050916427357 35.2510570365821]
161,부산,남부,광안119안전센터,부산광역시 수영구 광일로 64(광안동),051-760-6811,[129.107041710548 35.163161521483]
162,부산,남부,감만119안전센터,부산광역시 남구 우암로 81(감만동),051-760-6821,[129.080532673297 35.1177173779452]
163,부산,남부,대연119안전센터,부산광역시 남구 수영로 279(대연동),051-760-6831,[129.097028770099 35.1362203592161]
164,부산,남부,망미119안전센터,부산광역시 수영구 연수로 330(망미동),051-760-6841,[129.106488392905 35.1717912061164]
165,부산,남부,용당119안전센터,부산광역시 남구 신선로 398(용당동),051-760-6851,[129.098631395708 35.1206557323299]
166,부산,강서,녹산119안전센터,부산광역시 강서구 녹산산단361로 9(송정동),051-760-6011,[128.856793762837 35.0895965953527]
167,부산,강서,신호119안전센터,부산광역시 강서구 신호산단4로 62(신호동),051-760-6021,[128.879555042648 35.0854810216802]
168,부산,강서,대저119안전센터,부산광역시 강서구 대저로221번길 25(대저1동),051-760-6031,[128.976877727806 35.2156902542779]
169,부산,강서,강동119안전센터,부산광역시 강서구 제도로 696(강동동),051-760-6041,[128.916034605218 35.174774219279]
170,부산,강서,지사119안전센터,부산광역시 강서구 과학산단로333번길 3(지사동),051-760-6051,[128.833204957391 35.1485997843036]
171,부산,기장,정관119안전센터,부산광역시 기장군 정관읍 용수로 7(정관읍),051-760-5411,[129.179899715251 35.3248180735465]
172,부산,기장,기장119안전센터,부산광역시 기장군 기장읍 차성동로5번길 16(기장읍),051-760-5421,[129.215407691526 35.2385607157386]
173,부산,기장,송정119안전센터,부산광역시 해운대구 송정중앙로15번길 16(송정동),051-760-5431,[129.203028497643 35.183814521768]
175,부산,항만,동삼119안전센터,부산광역시 영도구 해양로 297(동삼동),051-760-6911,[129.076863835442 35.0817880955564]
176,부산,항만,영선119안전센터,부산광역시 영도구 태종로 115(영선동1가),051-760-6921,[129.043382325231 35.0912675679499]
177,부산,항만,부두119안전센터,부산광역시 동구 충장대로 286(좌천동),051-760-6931,[129.052236034558 35.125622611275]
178,부산,항만,청학119안전센터,부산광역시 영도구 태종로 274(청학동),051-760-6941,[129.056583424962 35.0981458827609]
179,대구,중부,남산119안전센터,대구광역시 중구 달구벌대로 1926,053-601-4571,[128.575242214597 35.8625785689275]
180,대구,중부,서문로119안전센터,대구광역시 중구 경상감영길 45,053-601-4572,[128.589982298673 35.8715731433801]
181,대구,중부,봉덕119안전센터,대구광역시 남구 희망로3길 29,053-601-4573,[128.599284436666 35.8490254861932]
182,대구,중부,대신119안전센터,대구광역시 중구 큰장로26길 45,053-601-4574,[128.580771841427 35.8689072112825]
183,대구,중부,삼덕119안전센터,대구광역시 중구 공평로 35,053-601-4575,[128.599668873827 35.8671886015582]
184,대구,중부,명덕119안전센터,대구광역시 남구 명덕로34길 22,053-601-4577,[128.587200983073 35.8555191778081]
185,대구,중부,성명119안전센터,대구광역시 남구 대명남로 12-1,053-601-4578,[128.560147424485 35.8333979731285]
186,대구,동부,신천119안전센터,대구광역시 동구 동대구로 507,053-605-5320,[128.625222806232 35.8759869614137]
187,대구,동부,동촌119안전센터,대구광역시 동구 해동로 180,053-605-5330,[128.648443985747 35.8867095397556]
188,대구,동부,안심119안전센터,대구광역시 동구 반야월로 291,053-605-5340,[128.720401312369 35.8720900282404]
189,대구,동부,불로119안전센터,대구광역시 동구 팔공로50길 19,053-605-5350,[128.64394213613 35.9219950386844]
190,대구,동부,공산119안전센터,대구광역시 동구 팔공산로 1579,053-605-5360,[128.697731684738 35.9627707255417]
191,대구,동부,율하119안전센터,대구광역시 동구 율하동로8길 5,053-605-5370,[128.701949350883 35.8620979192014]
192,대구,서부,평리119안전센터,대구광역시 서구 달서천로 186,053-320-4492,[128.554385807689 35.8818754968117]
193,대구,서부,이현119안전센터,대구광역시 서구 국채보상로 119,053-320-4493,[128.544138809243 35.8690806172515]
194,대구,서부,읍내119안전센터,대구광역시 북구 칠곡중앙대로 570,053-320-4494,[128.551522566796 35.946379463826]
195,대구,서부,내당119안전센터,대구광역시 서구 서대구로3길 16,053-320-4495,[128.555262861103 35.8594368131317]
196,대구,서부,비산119안전센터,대구광역시 서구 달서로 206,053-3204496,[128.57201760232 35.8804536808062]
197,대구,서부,태전119안전센터,대구광역시 북구 칠곡중앙대로 184,053-320-4497,[128.54884110844 35.9123518748603]
198,대구,서부,동천119안전센터,대구광역시 북구 구암로 155,053-320-4498,[128.557805521356 35.9319171587778]
199,대구,서부,금호119안전센터,대구광역시 북구 한강로 105,053-320-4469,[128.521380921734 35.8961757818337]
200,대구,북부,칠성119안전센터,대구광역시 북구 칠성남로 112,053-350-5720,[128.592313890025 35.8780015545334]
201,대구,북부,침산119안전센터,대구광역시 북구 침산남로 149,053-350-5740,[128.592261688783 35.8883583451459]
202,대구,북부,노원119안전센터,대구광역시 북구 노원로 42,053-350-5750,[128.567391204939 35.8921501800608]
203,대구,북부,대현119안전센터,대구광역시 북구 대현로 105,053-350-5770,[128.610631790953 35.882427256702]
204,대구,북부,무태119안전센터,대구광역시 북구 호국로43길 21,053-350-5780,[128.596895399219 35.9209290885842]
205,대구,북부,산격119안전센터,대구광역시 북구 유통단지로8길 88,053-350-5790,[128.614261138811 35.9061144710021]
206,대구,수성,범물119안전센터,대구광역시 수성구 청호로 87,053-607-3822,[128.644226302015 35.8254701590657]
207,대구,수성,만촌119안전센터,대구광역시 수성구 달구벌대로 2658,053-607-3842,[128.652109027714 35.8553360858601]
208,대구,수성,황금119안전센터,대구광역시 수성구 동대구로12길 41,053-607-3852,[128.62643436355 35.835493398991]
209,대구,수성,상동119안전센터,대구광역시 수성구 파동로51길 5,053-607-3862,[128.609375652635 35.8250946227159]
210,대구,수성,가창119안전센터,대구광역시 달성군 가창면 가창로 1100,053-607-3920,[128.622833173824 35.8027087441067]
211,대구,수성,수성119안전센터,대구광역시 수성구 들안로60길 30,053-607-3872,[128.620896369932 35.8567913176433]
212,대구,수성,무열로119안전센터,대구광역시 수성구 무열로 139,053-607-3882,[128.648155346012 35.8707343183583]
213,대구,수성,고산119안전센터,대구광역시 수성구 고산로 105,053-607-3892,[128.704478975967 35.8402055935931]
214,대구,달서,월성119안전센터,대구광역시 달서구 학산로 75,059-607-2932,[128.534732158566 35.8310595731462]
215,대구,달서,본리119안전센터,대구광역시 달서구 대명천로 134,053-607-2952,[128.545087338814 35.8396910460472]
216,대구,달서,송현119안전센터,대구광역시 달서구 월배로 262,053-607-2962,[128.542027763004 35.8200239685594]
217,대구,달서,도원119안전센터,대구광역시 달서구 도원로 8,053-607-2972,[128.535628122043 35.8090060720396]
218,대구,달성,현풍119안전센터,대구광역시 달성군 현풍읍 비슬로 480,053-602-4932,[128.44694626899 35.6824958990577]
219,대구,달성,논공119안전센터,대구광역시 달성군 논공읍 논공중앙로33길 5,053-602-4952,[128.45301393138 35.7301021498426]
220,대구,달성,화원119안전센터,대구광역시 달성군 화원읍 화암로 122,053-602-4962,[128.501658095844 35.7987791076404]
221,대구,달성,구지119안전센터,대구광역시 달성군 구지면 달성2차로 111,053-602-4972,[128.418980346813 35.6400521416582]
222,대구,달성,옥포119안전센터,대구광역시 달성군 옥포읍 돌미로 93,053-602-4982,[128.443880018482 35.7813948501566]
223,대구,강서,다사119안전센터,대구광역시 달성군 다사읍 달구벌대로 920,053-601-5620,[128.467426171603 35.8554228156061]
224,대구,강서,성서119안전센터,대구광역시 달서구 성서로 357,053-601-5630,[128.506903861042 35.8494454146795]
225,대구,강서,죽전119안전센터,대구광역시 달서구 와룡로 222,053-601-5640,[128.537639496198 35.8525959576037]
226,대구,강서,대천119안전센터,대구광역시 달서구 달서대로58길 129,053-601-5650,[128.506745953201 35.8249532512934]
227,대구,강서,매곡119안전센터,대구광역시 달성군 다사읍 달구벌대로 753,053-601-5660,[128.454198592999 35.861159614124]
228,인천,중부,중앙119안전센터,인천광역시 중구 인중로 204,032-870-5180,[126.622340066185 37.4701498156144]
229,인천,중부,송현119안전센터,인천광역시 동구 방축로 39,032-576-0119,[126.650986121906 37.4863115582023]
230,인천,중부,송림119안전센터,인천광역시 동구 샛골로 133,032-764-7119,[126.644083568743 37.4743116594514]
231,인천,중부,만석119안전센터,인천광역시 동구 제물량로 396,032-766-0119,[126.625813427573 37.4833974347001]
233,인천,중부,백령119안전센터,인천광역시 옹진군 백령면 백령남로 30,032-836-0119,[124.717686291899 37.967449896222]
234,인천,남동,구월119안전센터,인천광역시 남동구 인주대로 714,032-870-5221,[126.716891927554 37.4488805965133]
235,인천,남동,만수119안전센터,인천광역시 남동구 백범로 207,032-870-5222,[126.725854254857 37.4596249202579]
236,인천,남동,간석119안전센터,인천광역시 남동구 경인로 621,032-870-5223,[126.706372842588 37.4658256257215]
237,인천,남동,담방119안전센터,인천광역시 남동구 매소홀로 1044,032-870-5224,[126.739022151538 37.4393349446136]
238,인천,남동,서창119안전센터,인천광역시 남동구 서창방산로 61,032-870-5259,[126.751573194387 37.4226790774815]
239,인천,부평,갈산119안전센터,인천광역시 부평구 부평대로 324,032-723-5353,[126.722149279371 37.5202257852865]
240,인천,부평,부평119안전센터,인천광역시 부평구 부평대로 8,032-723-5354,[126.723440329378 37.4921697074499]
241,인천,부평,십정119안전센터,인천광역시 부평구 경원대로 1111,032-723-5355,[126.697246324424 37.4803070054783]
242,인천,부평,산곡119안전센터,인천광역시 부평구 마장로 198,032-723-5356,[126.703096556192 37.4957144367975]
243,인천,부평,부개119안전센터,인천광역시 부평구 부개로 6,032-723-5357,[126.739692385025 37.4978732318612]
244,인천,부평,삼산119안전센터,인천광역시 부평구 충선로 252,032-723-5358,[126.736067921195 37.5117671238055]
245,인천,서부,연희119안전센터,인천광역시 서구 서곶로292,032-723-5421,[126.677248182913 37.5433891634204]
246,인천,서부,가좌119안전센터,인천광역시 서구 백범로678번길 17,032-578-0119,[126.682607582309 37.4822906248163]
247,인천,서부,신현119안전센터,인천광역시 서구 가정로 333-1,032-572-0119,[126.672511011103 37.5147325881069]
248,인천,서부,석남119안전센터,인천광역시 서구 석남로102,032-571-0119,[126.672967800046 37.5005927312449]
249,인천,서부,검단119안전센터,인천광역시 서구 완정로 191,032-565-0119,[126.655133030614 37.602645173654]
251,인천,서부,검암119안전센터,인천광역시 서구 승학로 474,032-568-7119,[126.673594392091 37.5640759460826]
252,인천,서부,원당119안전센터,인천광역시 서구 원당대로 881,032-563-1195,[126.699661235414 37.5937816073867]
253,인천,서부,청라119안전센터,인천광역시 서구 청라한내로 77 ,032-569-5026,[126.627127676255 37.5321723566538]
254,인천,서부,원창119안전센터,인천광역시 서구 북항로32번길 47-5,032-577-0119,[126.644700629048 37.5105177892804]
255,인천,공단,고잔119안전센터,인천광역시 남동구 남동서로 208,032-723-5521,[126.693000037004 37.4081755045764]
257,인천,공단,도림119안전센터,인천광역시 남동구 비류대로 667,032-814-2119,[126.709113344636 37.4226793545092]
258,인천,공단,동춘119안전센터,인천광역시 연수구 앵고개로 241,032-813-2119,[126.671288972739 37.4091495210335]
259,인천,공단,논현119안전센터,인천광역시 남동구 소래역로 109,032-439-2119,[126.729675738644 37.4053359288932]
260,인천,공단,소래119안전센터,인천광역시 남동구 에코중앙로 86,032-432-0440,[126.720720286771 37.3864068663598]
261,인천,계양,작전119안전센터,인천광역시 계양구 장제로 774,032-650-5621,[126.734917972563 37.537054263815]
263,인천,계양,장기119안전센터,인천광역시 계양구 장기서로 14,032-515-6119,[126.733690329638 37.5763339796147]
264,인천,계양,효성119안전센터,인천광역시 계양구 효서로 96-1,032-541-0119,[126.706489933391 37.5275762841482]
265,인천,미추홀,신기119안전센터,인천광역시 미추홀구 인하로 190,032-870-3295,[126.669004448977 37.4484000155529]
266,인천,미추홀,주안119안전센터,인천광역시 미추홀구 한나루로 607,032-870-3452,[126.672270959541 37.460463810933]
267,인천,미추홀,도화119안전센터,인천광역시 미추홀구 장고개로 85,032-870-3453,[126.669304839088 37.4754500177007]
268,인천,미추홀,용현119안전센터,인천광역시 미추홀구 독배로 376,032-887-3454,[126.648575780992 37.4533880406862]
269,인천,미추홀,관교119안전센터,인천광역시 미추홀구 인하로 450,032-870-3455,[126.696590337942 37.4443091294376]
270,인천,미추홀,숭의119안전센터,인천광역시 미추홀구 석정로 51,032-870-3456,[126.643508202679 37.4655868339819]
271,인천,강화,불은119안전센터,인천광역시 강화군 불은면 중앙로 505,032-930-5811,[126.458337525047 37.712068398832]
272,인천,강화,강화119안전센터,인천광역시 강화군 강화읍 남문로23번길 11,032-930-5894,[126.487454831449 37.7396723408858]
273,인천,강화,길상119안전센터,인천광역시 강화군 길상면 마니산로 93,032-930-5822,[126.482567892195 37.6383381483064]
274,인천,강화,내가119안전센터,인천광역시 강화군 내가면 강화서로 235-1,032-930-5823,[126.390106700614 37.7175112457322]
275,인천,영종,공항119안전센터,인천광역시 중구 제2터미널대로 268 ,032-727-6180,[126.414707320002 37.4859886253755]
276,인천,영종,운서119안전센터,인천광역시 중구 흰바위로27번길 16,032-727-6182,[126.488414963111 37.493719510686]
277,인천,영종,운남119안전센터,인천광역시 중구 운남로 116,032-727-6181,[126.53330556623 37.488045907059]
278,인천,영종,용유119안전센터,인천광역시 중구 용유서로128번길 1,032-727-6183,[126.393957636148 37.4485444022982]
279,인천,송도,미래119안전센터,인천광역시 연수구 첨단대로 60번길 15,032-810-6660,[126.651588040332 37.3672280788106]
280,인천,송도,신송119안전센터,인천광역시 연수구 해돋이로 92,032-810-6683,[126.65189340908 37.3909227454514]
281,인천,송도,영흥119안전센터,인천광역시 영흥면 영흥로 283-32,032-810-6692,[126.483902564782 37.2564354715708]
282,인천,송도,국제119안전센터,인천광역시 연수구 센트럴로 412,032-831-6119,[126.6287822744 37.4102286285073]
283,광주,동부,대인119안전센터,광주광역시 동구 제봉로 210(대인동),062-606-4203,[126.914804784324 35.1544942942489]
284,광주,동부,용산119안전센터,광주광역시 동구 남문로 535(용산동),062-606-4403,[126.933035960262 35.1187559760266]
285,광주,동부,지산119안전센터,광주광역시 동구 밤실로30번길 16(지산동),062-606-4423,[126.938544457704 35.1499586827579]
286,광주,서부,화정119안전센터,광주광역시 서구 화운로 197(화정동),062-606-4255,[126.876225371873 35.1566943238505]
287,광주,서부,염주119안전센터,광주광역시 서구 염화로 77(화정동),062-606-4507,[126.873826825466 35.1415567447599]
288,광주,서부,금호119안전센터,광주광역시 서구 운천로 112(쌍촌동),062-606-4525,[126.858291647224 35.142713056313]
289,광주,서부,상무119안전센터,광주광역시 서구 치평로 65(치평동),062-606-4543,[126.847090991607 35.1532734790409]
290,광주,서부,풍암119안전센터,광주광역시 서구 회재로 907(금호동),062-606-4564,[126.862675176889 35.1237043065474]
291,광주,남부,송하119안전센터,광주광역시 남구 송암로58번길 13(송하동),062-606-4303,[126.878340652978 35.1105075675122]
292,광주,남부,월산119안전센터,광주광역시 남구 수박등로 1(월산동),062-606-4603,[126.894676110442 35.1406130131608]
293,광주,남부,봉선119안전센터,광주광역시 남구 오방로 63(방림동),062-606-4623,[126.918986688343 35.1310206509394]
294,광주,북부,문흥119안전센터,광주광역시 북구 서하로 290(오치동),062-606-4353,[126.912007146738 35.186288409879]
295,광주,북부,임동119안전센터,광주광역시 북구 서림로 5(임동),062-606-4703,[126.890709077159 35.1688675829341]
296,광주,북부,우산119안전센터,광주광역시 북구 동문대로 127(우산동),062-606-4723,[126.925875872643 35.1744981260011]
297,광주,북부,일곡119안전센터,광주광역시 북구 설죽로 529(일곡동),062-606-4743,[126.897301992454 35.206335469492]
298,광주,북부,두암119안전센터,광주광역시 북구 삼정로 5(두암동),062-606-4763,[126.936820863847 35.1623968350747]
299,광주,북부,동림119안전센터,광주광역시 북구 북문대로 202(동림동),062-606-4783,[126.87029106156 35.1864715696746]
300,광주,광산,하남119안전센터,광주광역시 광산구 하남산단1번로 13(하남동),062-606-4903,[126.79656403261 35.1860355882358]
301,광주,광산,송정119안전센터,광주광역시 광산구 상무대로 93-1(도산동),062-606-4803,[126.785494369408 35.1291275580212]
302,광주,광산,월곡119안전센터,광주광역시 광산구 우산로 85번길 12-5(우산동),062-606-4828,[126.809972323255 35.1573786468173]
303,광주,광산,비아119안전센터,광주광역시 광산구 비아로12번길 10(비아동),062-606-4843,[126.82361254924 35.2207615646222]
304,광주,광산,신가119안전센터,광주광역시 광산구 수등로 236(신가동),062-606-4863,[126.834783972802 35.184899640916]
305,광주,광산,첨단119안전센터,광주광역시 광산구 임방울대로825번길 16(쌍암동),062-606-4883,[126.84916639493 35.2187761746166]
306,광주,광산,평동119안전센터,광주광역시 광산구 월전로 59(월전동),062-606-4953,[126.773988762627 35.1243451127666]
307,대전,동부,가양119안전센터,대전광역시 동구 계족로 300,042-270-1221,[127.437600229189 36.3391599639671]
308,대전,동부,삼성119안전센터,대전광역시 동구 태전로 134,042-270-1231,[127.421960711264 36.3403249222378]
309,대전,동부,원동119안전센터,대전광역시 동구 대전천동로 508,042-270-1241,[127.432905315097 36.326992084421]
310,대전,동부,부사119안전센터,대전광역시 중구 대종로 373,042-270-1251,[127.428013823451 36.3173370007388]
311,대전,동부,산내119안전센터,대전광역시 동구 산내로 1328,042-270-1261,[127.467490677944 36.2819026369734]
312,대전,동부,용운119안전센터,대전광역시 동구 용운로 151번길 88,042-270-1271,[127.461790301749 36.3312891024176]
313,대전,둔산,갈마119안전센터,대전광역시 서구 갈마중로 15,042-270-1804,[127.371118455166 36.3479047129403]
314,대전,둔산,태평119안전센터,대전광역시 중구 동서대로 1235,042-270-1811,[127.396867216983 36.3266485633435]
315,대전,둔산,탄방119안전센터,대전광역시 서구 문정로 142,042-270-1821,[127.395267393678 36.3468208437512]
316,대전,둔산,월평119안전센터,대전광역시 서구 청사로 27,042-270-1831,[127.366880883004 36.3600075991843]
317,대전,둔산,샘머리119안전센터,대전광역시 서구 둔산로 101번길 26,042-270-1841,[127.385574503517 36.3525365819119]
318,대전,대덕,법동119안전센터,대전광역시 대덕구 계족로 682,042-270-1851,[127.42900736273 36.3723950007851]
319,대전,대덕,대화119안전센터,대전광역시 대덕구 대화로 81,042-270-1861,[127.410867457441 36.3669067389335]
320,대전,대덕,덕암119안전센터,대전광역시 대덕구 신탄진로 661,042-270-1871,[127.425650925499 36.4372837868107]
321,대전,대덕,문평119안전센터,대전광역시 대덕구 문평동로 18번길 34,042-270-1881,[127.404715940285 36.4469173628791]
322,대전,대덕,송촌119안전센터,대전광역시 대덕구 동춘당로 65,042-270-1891,[127.441960030546 36.363480000202]
323,대전,유성,도룡119안전센터,대전광역시 유성구 대덕대로 516,042-270-1903,[127.378851656093 36.3791959389675]
324,대전,유성,전민119안전센터,대전광역시 유성구 엑스포로 486-11,042-270-1912,[127.405981347732 36.3993172309193]
325,대전,유성,구암119안전센터,대전광역시 유성구 월드컵대로 263,042-270-1922,[127.329243104933 36.34892634766]
326,대전,유성,궁동119안전센터,대전광역시 유성구 궁동로 35,042-270-1931,[127.348708433962 36.363665992206]
327,대전,유성,노은119안전센터,대전광역시 유성구 노은로 101,042-270-1942,[127.31742731886 36.3686893756932]
328,대전,서부,복수119안전센터,대전광역시 서구 복수서로 67,042-270-1952,[127.372352374366 36.3093408889406]
329,대전,서부,문화119안전센터,대전광역시 중구 계룡로 918번길 67,042-270-1961,[127.411273335978 36.3193169015427]
330,대전,서부,산성119안전센터,대전광역시 중구 산성로 59,042-270-1971,[127.39500742182 36.3077276116695]
331,대전,서부,가수원119안전센터,대전광역시 서구 용소로 46,042-270-1981,[127.352688240847 36.3090655488135]
332,대전,서부,원내119안전센터,대전광역시 유성구 계백로 801번길 17,042-270-1991,[127.31888406396 36.2918952479765]
333,울산,중부,유곡119안전센터,울산광역시 중구 종가로 205,052-241-2409,[129.299310395371 35.5629507922677]
335,울산,중부,병영119안전센터,울산광역시 중구 구교로 226,052-241-2441,[129.342468653545 35.5645763519744]
336,울산,중부,태화119안전센터,울산광역시 중구 태화로 111,052-241-2531,[129.287964702283 35.5533900069999]
337,울산,남부,삼산119안전센터,울산광역시 남구 삼산중로 149,052-241-2580,[129.335437832909 35.5471316012368]
338,울산,남부,여천119안전센터,울산광역시 남구 여천로 81-33,052-241-2610,[129.341332848279 35.5253045346698]
339,울산,남부,신정119안전센터,울산광역시 남구 신정로 87번길 2,052-241-2630,[129.31959829925 35.5393680452438]
340,울산,남부,장생포119안전센터,울산광역시 남구 매암로 18,052-241-2560,[129.377417955259 35.5115616005605]
341,울산,남부,무거119안전센터,울산광역시 남구 문수로 89,052-241-2650,[129.26368361739 35.5389151580809]
342,울산,남부,공단119안전센터,울산광역시 남구 사평로 161,052-241-2670,[129.328188217345 35.5026521102749]
343,울산,남부,옥동119안전센터,울산광역시 남구 대공원입구로21번길 20,052-241-2690,[129.292187472633 35.5343323997831]
344,울산,동부,화암119안전센터,울산광역시 동구 꽃바위2가길 9,052-241-2720,[129.412592596677 35.4823516808126]
345,울산,동부,화정119안전센터,울산광역시 동구 방어진순환도로 601,052-241-2740,[129.426997376175 35.4955109497418]
346,울산,동부,전하119안전센터,울산광역시 동구 진성4가길 8,052-241-2760,[129.429083383624 35.509335725768]
347,울산,온산,송정119안전센터,울산광역시 북구 화동로 178,052-229-8200,[129.370124250994 35.6067847290472]
348,울산,온산,농소119안전센터,울산광역시 북구 아진로 72,052-229-8240,[129.340768875551 35.6299539700581]
349,울산,온산,매곡119안전센터,울산광역시 북구 오토밸리로 1024,052-229-8260,[129.359559216057 35.648714218408]
350,울산,온산,염포119안전센터,울산광역시 북구 염포로 769,052-229-8220,[129.399015603912 35.5264279914228]
351,울산,북부,강동119안전센터,울산광역시 북구 산하중앙2로 231 ,052-229-8280,[129.436772701423 35.6310028061008]
352,울산,북부,온산119안전센터,울산광역시 울주군 온산읍 덕신로 232,052-241-2860,[129.306633463856 35.4333845648914]
353,울산,북부,온양119안전센터,울산광역시 울주군 온양읍 온양로 74,052-241-2890,[129.279686190316 35.410864781411]
354,울산,북부,웅촌119안전센터,울산광역시 울주군 웅촌면 곡천검단로 9,052-241-2910,[129.206448429231 35.4634398139989]
355,울산,북부,화산119안전센터,울산광역시 울주군 온산읍 공단로 417,052-241-2840,[129.335212381319 35.4391202898825]
356,울산,울주,언양119안전센터,울산광역시 울주군 언양읍 남천둑길 99,052-241-2461,[129.135358521842 35.5588113105753]
357,울산,울주,범서119안전센터,울산광역시 울주군 범서읍 구영앞길 99,052-241-2501,[129.236260837646 35.5697616024895]
358,울산,울주,두서119안전센터,울산광역시 울주군 두서면 인보로 85,052-241-2551,[129.158888357141 35.6424359299989]
359,세종,조치원,조치원119안전센터,세종특별자치시 조치원읍 세종로 2439,044-300-8523,[127.288914218766 36.6047998641767]
360,세종,조치원,전의119안전센터,세종특별자치시 전의면 서정길 46-6,044-300-8533,[127.192342698227 36.6864835651022]
361,세종,조치원,부강119안전센터,세종특별자치시 부강면 청연로 7,044-300-8543,[127.37211917687 36.5283453242992]
362,세종,조치원,연서119안전센터,세종특별자치시 연서면 도신고복로 306,044-300-8553,[127.202303071461 36.5895635168403]
363,세종,세종,어진119안전센터,세종특별자치시 절재로 301(어진동),044-300-8623,[127.273670706878 36.5062711933573]
364,세종,세종,아름119안전센터,세종특별자치시 보듬3로 119(아름동),044-300-8633,[127.24664241317 36.5114201250681]
365,세종,세종,한솔119안전센터,세종특별자치시 노을3로 29(한솔동),044-300-8643,[127.259205055663 36.4805041088106]
366,세종,세종,보람119안전센터,세종특별자치시 남세종로 436(보람동),044-300-8653,[127.291369452805 36.4779283839499]
367,세종,세종,장군119안전센터,세종특별자치시 장군면 장척로 391,044-300-8664,[127.204294186359 36.4966110854925]
368,경기,수원,정자119안전센터,경기도 수원시 정자천로189번길 12,031-8012-9500,[126.995993076602 37.2971991256724]
369,경기,수원,원천119안전센터,경기도 수원시 영통구 중부대로 349,031-8012-9530,[127.054202938869 37.2731671592456]
370,경기,수원,파장119안전센터,경기도 수원시 장안구 서부로 2308,031-8012-9570,[126.979158725441 37.312384229078]
371,경기,수원,이의119안전센터,경기도 수원시 영통구 도청로 10,031-8012-9580,[127.055448351197 37.2866696524735]
372,경기,수원,영통119안전센터,경기도 수원시 영통구 매영로 325,031-8012-9140,[127.068832850913 37.2532212968554]
373,경기,수원남부,남부119안전센터,경기도 수원시 권선구 동수원로 286,031-639-8500,[127.036381693548 37.2547415387714]
374,경기,수원남부,매산119안전센터,경기도 수원시 팔달구 매산로 89,031-639-8520,[127.010674176609 37.2704984896655]
375,경기,수원남부,지만119안전센터,경기도 수원시 팔달구 경수대로 660,031-639-8530,[127.028680131585 37.2843119556419]
376,경기,수원남부,서둔119안전센터,경기도 수원시 권선구 서호동로 48,031-639-8540,[126.993384570387 37.2689455710514]
377,경기,수원남부,고색119안전센터,경기도 수원시 권선구 서부로 1614,031-639-8550,[126.97532182721 37.2532080967527]
378,경기,수원남부,호매실119안전센터,경기도 수원시 권선구 금곡로 194,031-639-8560,[126.951956384183 37.2732702851268]
379,경기,성남,수진119안전센터,경기도 성남시 수정구 제일로 111,031-720-0500,[127.133510891874 37.4366453961943]
380,경기,성남,신흥119안전센터,경기도 성남시 수정구 시민로 151,031-720-0510,[127.143268476109 37.4415522509298]
381,경기,성남,상대원119안전센터,경기도 성남시 중원구 둔촌대로 469,031-720-0530,[127.16900455194 37.4321495024829]
382,경기,성남,단대119안전센터,경기도 성남시 수정구 논골로 11번길 7-2,031-720-0520,[127.159564816335 37.4549335841352]
383,경기,성남,위례119안전센터,경기도 성남시 수정구 헌릉로 1003,031-720-0540,[127.143625302207 37.4619276808052]
384,경기,성남,태평119안전센터,경기도 성남시 수정구 성남대로 1312,031-720-0550,[127.127189319997 37.446859239286]
385,경기,분당,서현119안전센터,경기도 성남시 분당구 양현로 14,031-8018-3500,[127.119485991125 37.386039707594]
386,경기,분당,판교119안전센터,경기도 성남시 분당구 대왕판교로644번길 62,031-8018-3510,[127.113729043462 37.3995424240373]
387,경기,분당,서판교119안전센터,경기도 성남시 분당구 운중로 88,031-8018-3560,[127.072643544601 37.3912781032156]
388,경기,분당,수내119안전센터,경기도 성남시 분당구 백현로 241,031-8018-3520,[127.122594697553 37.3673527932452]
389,경기,분당,야탑119안전센터,경기도 성남시 분당구 양현로 485,031-8018-3530,[127.135949085891 37.4164671416142]
390,경기,분당,구미119안전센터,경기도 성남시 분당구 돌마로 138,031-8018-3550,[127.116516045543 37.3518938889055]
391,경기,부천,중앙119안전센터,경기도 부천시 신흥로 115 ,032-650-4500,[126.778035521764 37.4940412264581]
392,경기,부천,오정119안전센터,경기도 부천시 신흥로 499 ,032-650-4510,[126.777475664249 37.5277576759172]
393,경기,부천,중동119안전센터,경기도 부천시 부일로 346 ,032-650-4520,[126.768530283896 37.4877143241975]
394,경기,부천,괴안119안전센터,경기도 부천시 부광로8번길 49,032-650-4530,[126.810440093748 37.4827147084027]
395,경기,부천,원종119안전센터,경기도 부천시 원종로79번길 41 ,032-650-4540,[126.808502405233 37.5259780731203]
396,경기,부천,상동119안전센터,경기도 부천시 장말로 113 ,032-650-4550,[126.754495740347 37.4943022566557]
397,경기,부천,서부119안전센터,경기도 부천시 계남로 169 ,032-650-4560,[126.767776105783 37.5079076893328]
398,경기,부천,범박119안전센터,경기도 부천시 범안로 127,032-650-4570,[126.809426288878 37.4705466711072]
399,경기,부천,신상119안전센터,경기도 부천시 상동로117번길 36 ,032-650-4580,[126.751559934038 37.5081269769491]
400,경기,부천,여월119안전센터,경기도 부천시 여월로 62 ,032-650-4590,[126.805389715408 37.511369365853]
401,경기,안양,부림119안전센터,경기도 안양시 동안구 관평로212번길 32(관양동),031-470-0500,[126.960766351277 37.3959727363031]
402,경기,안양,안양119안전센터,경기도 안양시 만안구 현충로 55(안양동),031-470-0510,[126.925588860518 37.3903267857071]
403,경기,안양,관양119안전센터,경기도 안양시 동안구 동편로13번길 6(관양동),031-470-0530,[126.971580863499 37.4066453623605]
404,경기,안양,석수119안전센터,경기도 안양시 만안구 석수로 28(석수동),031-470-0540,[126.909249197122 37.4089925526693]
405,경기,안양,귀인119안전센터,경기도 안양시 동안구 평촌대로 104(평촌동),031-470-0550,[126.961499873535 37.3817977223212]
406,경기,안양,박달119안전센터,경기도 안양시 만안구 오리로 38(박달동),031-470-0560,[126.884777390079 37.4079221793162]
407,경기,안산,고잔119안전센터,경기도 안산시 단원구 화랑로 407,031-470-7500,[126.832958805798 37.3217355969893]
408,경기,안산,원시119안전센터,경기도 안산시 단원구 동산로 31,031-470-7510,[126.793593313585 37.3129658104123]
410,경기,안산,성곡119안전센터,경기도 안산시 단원구 장자골로 66,031-470-7540,[126.765526044663 37.3126852956175]
411,경기,안산,월피119안전센터,경기도 안산시 상록구 충장로 645,031-470-7550,[126.854451438203 37.335035369418]
412,경기,안산,군자119안전센터,경기도 안산시 단원구 번영1로 45,031-470-7560,[126.735823119242 37.319899446982]
413,경기,안산,사동119안전센터,경기도 안산시 상록구 항가울로 230,031-470-7570,[126.843649279599 37.300852612644]
414,경기,안산,대부119안전센터,경기도 안산시 단원구 영전로 375,031-470-7580,[126.617851099938 37.2402702028901]
415,경기,안산,반월119안전센터,경기도 안산시 상록구 건지미길 48,031-470-7590,[126.905538102688 37.3030077823494]
416,경기,안산,신길119안전센터,경기도 안산시 단원구 삼일로 50,031-470-7480,[126.783640867463 37.3350487087865]
417,경기,용인,역북119안전센터,경기도 용인시 처인구 명지로 45,031-8021-0500,[127.189884611282 37.2321556319159]
418,경기,용인,구갈119안전센터,경기도 용인시 기흥구 신구로 74,031-8021-0510,[127.109867687126 37.2789266876168]
419,경기,용인,수지119안전센터,경기도 용인시 수지구 풍덕천로 177,031-8021-0520,[127.100155394608 37.3260498412624]
420,경기,용인,양지119안전센터,경기도 용인시 처인구 양지면 남평로 46,031-8021-0530,[127.288921879735 37.2300889185434]
421,경기,용인,남사119안전센터,경기도 용인시 처인구 남사면 봉무로 13,031-8021-0540,[127.15226588343 37.1154285519964]
422,경기,용인,포곡119안전센터,경기도 용인시 처인구 포곡읍 포곡로 252,031-8021-0550,[127.230035112665 37.2776622890736]
423,경기,용인,이동119안전센터,경기도 용인시 처인구 이동면 백옥대로 416-2,031-8021-0560,[127.204263956227 37.1744704589177]
424,경기,용인,보정119안전센터,경기도 용인시 기흥구 보정로114번길 2,031-8021-0570,[127.115852904973 37.3196817006967]
425,경기,용인,백암119안전센터,경기도 용인시 처인구 백암면 백암로 247,031-8021-0580,[127.371362882119 37.1677158778686]
426,경기,용인,동백119안전센터,경기도 용인시 기흥구 동백6로 33,031-8021-0590,[127.155212968898 37.277723668565]
427,경기,용인,모현119안전센터,경기도 용인시 처인구 모현면 독점로 31-12,031-8021-0140,[127.241566290682 37.3292087399888]
428,경기,용인,기흥119안전센터,경기도 용인시 기흥구 한보라1로 128,031-8021-0150,[127.105914035643 37.2450204739035]
429,경기,평택,비전119안전센터,경기도 평택시 중앙로 273,031-8053-6500,[127.112846579541 36.9904544831465]
430,경기,평택,안중119안전센터,경기도 평택시 안중읍 안현로서7길 28,031-8053-6530,[126.92442361996 36.9818397799278]
432,경기,평택,포승119안전센터,경기도 평택시 포승읍 평택항로 156번길 11,031-8053-6540,[126.845441314086 36.9738585510612]
433,경기,송탄,신장119안전센터,경기도 평택시 경기대로 1627(신장동),031-685-8500,[127.062222203127 37.0896975029585]
434,경기,송탄,진위119안전센터,경기도 평택시 진위면 봉남길 30,031-685-8510,[127.087332319574 37.1009275346029]
435,경기,송탄,모곡119안전센터,경기도 평택시 산단로64번길 2 (모곡동),031-685-8520,[127.077065708167 37.0368089834677]
436,경기,송탄,서탄119안전센터,경기도 평택시 서탄면 서탄로 241,031-685-8530,[127.03710146001 37.1058403737273]
438,경기,송탄,청북119안전센터,경기도 평택시 청북면 현곡산단로 16,031-685-8550,[126.939209985828 37.0337297267315]
439,경기,광명,소하119안전센터,경기도 광명시 금하로 472,02-2610-3500,[126.885215428438 37.4486869393606]
441,경기,광명,하안119안전센터,경기도 광명시 범안로 1025,02-2610-3520,[126.877094070067 37.4615077485066]
442,경기,광명,광남119안전센터,경기도 광명시 목감로 34,02-2610-3530,[126.845605135979 37.4714777854294]
443,경기,시흥,시흥119안전센터,경기도 시흥시 정왕신길로 206,031-310-0500,[126.739531631495 37.349561429997]
444,경기,시흥,은행119안전센터,경기도 시흥시 대은로 4,031-310-0510,[126.793289026629 37.4393655399614]
445,경기,시흥,정왕119안전센터,경기도 공단1대로259번길 1,031-310-0520,[126.729716964601 37.3355707834922]
446,경기,시흥,연성119안전센터,경기도 시흥시 새재로 29,031-310-0530,[126.802937551443 37.381903084479]
447,경기,군포,오금119안전센터,경기도 군포시 고산로 429,031-479-8500,[126.927119503192 37.3525682799092]
448,경기,군포,산본119안전센터,경기도 군포시 산본로432번길 1,031-479-8510,[126.927271726196 37.368280216661]
449,경기,화성,향남119안전센터,경기도 화성시 향남읍 향남로 399 ,031-8012-6500,[126.920621081185 37.1310105683569]
450,경기,화성,정남119안전센터,경기도 화성시 정남면 정남동로 514,031-8012-6520,[127.00228093467 37.1650970946765]
451,경기,화성,반송119안전센터,경기도 화성시 동탄반석로 188,031-8012-6530,[127.072089494276 37.2054620517204]
452,경기,화성,목동119안전센터,경기도 화성시 동탄신리천로 359,031-8012-6460,[127.118212354055 37.1837999313775]
453,경기,화성,태안119안전센터,경기도 화성시 병점중앙로 148,031-8012-6580,[127.038996719416 37.2111789656722]
454,경기,화성,남양119안전센터,경기도 화성시 남양읍 남양시장로 48,031-8012-6550,[126.814669889363 37.2087221851313]
455,경기,화성,봉담119안전센터,경기도 화성시 봉담읍 동화새터길 135,031-8012-6560,[126.962891671273 37.2150247125758]
456,경기,화성,장안119안전센터,경기도 화성시 장안면 3.1만세로 119,031-8012-6570,[126.826112766551 37.0863476379114]
457,경기,이천,관고119안전센터,경기도 이천시 경충대로 2739,031-645-5500,[127.431582019057 37.2820570899899]
458,경기,이천,대월119안전센터,경기도 이천시 경충대로 1973,031-645-5510,[127.497398274234 37.2435670875158]
459,경기,이천,장호원119안전센터,경기도 이천시 서동대로 8829번길 71,031-645-5520,[127.614731641638 37.1170767191171]
460,경기,이천,마장119안전센터,경기도 이천시 마장면 중앙로 87,031-645-5530,[127.357833692897 37.2493756786865]
461,경기,김포,중앙119안전센터,경기도 김포시 감암로 111,031-980-4500,[126.7085359654 37.6415655279945]
463,경기,김포,마산119안전센터,경기도 김포시 김포한강8로 196,031-980-4570,[126.644319128034 37.6396597030133]
464,경기,김포,대곶119안전센터,경기도 김포시 대곶면 수남로 104,031-980-4560,[126.582481793136 37.633475202913]
465,경기,김포,통진119안전센터,경기도 김포시 통진읍 김포대로 2250,031-980-4520,[126.596328841226 37.6906614612924]
466,경기,김포,고촌119안전센터,경기도 김포시 고촌읍 은행영사정로 31,031-980-4530,[126.773758886841 37.6023740300638]
467,경기,김포,하성119안전센터,경기도 김포시 하성면 하성로 404,031-980-4540,[126.637666084616 37.7112774859604]
468,경기,광주,초월119안전센터,경기도 광주시 초월읍 무들로 112 광주소방서,031-799-2500,[127.299505970502 37.3855769959122]
469,경기,광주,송정119안전센터,경기도 광주시 수하길 36,031-799-2510,[127.264400372608 37.414802257586]
470,경기,광주,오포119안전센터,경기도 광주시 오포읍 오포로 910-5,031-799-2520,[127.233545285538 37.3714195780178]
472,경기,광주,능평119안전센터,경기도 광주시 오포읍 대명대길 30,031-799-2540,[127.168762715358 37.3572293057994]
473,경기,안성,도기119안전센터,경기도 안성시 미양로 855 (도기동),031-678-4500,[127.255784181787 37.000699863573]
474,경기,안성,미양119안전센터,경기도 안성시 미양면 제2공단3길 8 (계륵리),031-678-4510,[127.260519116241 36.9775506048715]
475,경기,안성,죽산119안전센터,경기도 안성시 죽산면 장원공단길 38 (장원리),031-678-4520,[127.42395333655 37.06805785599]
476,경기,안성,공도119안전센터,경기도 안성시 공도읍 공도로 111 (만정리),031-678-4530,[127.17311335385 37.0008203885791]
477,경기,안성,원곡119안전센터,경기도 안성시 원곡면 원곡물류단지로 162-20 (칠곡리),031-678-4540,[127.158221369189 37.0420731592264]
478,경기,하남,신장119안전센터,경기도 하남시 대청로 76,031-799-4500,[127.22042336185 37.539901048563]
480,경기,하남,덕풍119안전센터,경기도 하남시 덕풍서로 60,031-799-4530,[127.204485502633 37.5522687942907]
481,경기,의왕,고천119안전센터,경기도 의왕시 오봉로 9 ,031-596-0500,[126.974761209112 37.3441994554514]
482,경기,의왕,백운119안전센터,경기도 의왕시 안양판교로 187,031-596-0530,[126.992611211165 37.3904788127938]
483,경기,의왕,부곡119안전센터,경기도 의왕시 오봉로 289,031-596-0520,[126.952080468743 37.3277541213538]
484,경기,오산,세교119안전센터,경기도 오산시 문헌공로 30,031-8059-7500,[127.053822953256 37.1753074687709]
485,경기,오산,원동119안전센터,경기도 오산시 경기대로 99,031-8059-7520,[127.072257851627 37.1336252291928]
486,경기,오산,청학119안전센터,경기도 오산시 청학로 55-6,031-8059-7510,[127.063908310447 37.1547073565701]
487,경기,여주,월송119안전센터,경기도 여주시 우암로 110,031-887-8500,[127.625804145534 37.2916679914385]
488,경기,여주,가남119안전센터,경기도 여주시 가남읍 일신로 32,031-887-8510,[127.543507049653 37.213433617104]
489,경기,여주,북내119안전센터,경기도 여주시 북내면 도예로 440,031-887-8520,[127.677886876649 37.3247161360094]
490,경기,양평,공흥119안전센터,경기도 양평군 양평읍 경강로 2047 ,031-770-0500,[127.507338915387 37.5003379879327]
491,경기,양평,강상119안전센터,경기도 양평군 강상면 송학길 54 강상119안전센터,031-770-0520,[127.478213938883 37.4803451220548]
492,경기,양평,용문119안전센터,경기도 양평군 용문면 연수로 64,031-770-0530,[127.590302758126 37.493025248872]
493,경기,양평,양서119안전센터,경기도 양평군 양서면 양수리 1161-4,031-770-0546,[127.318934788081 37.540338490427]
494,경기,과천,중앙119안전센터,경기도 과천시 통영로 12,02-3314-500,[126.990524193228 37.4285643268157]
495,경기,과천,과천119안전센터,경기도 과천시 궁말로30,02-3314-510,[127.008850386329 37.4424090265084]
496,경기북,고양,원당119안전센터,경기도 고양시 덕양구 고양대로 1342,031-931-0500,[126.833202720242 37.6550890289514]
497,경기북,고양,능곡119안전센터,경기도 고양시 덕양구 토당로 48,031-931-0510,[126.820728358795 37.6202740111111]
498,경기북,고양,삼송119안전센터,경기도 고양시 덕양구 오금로 14,031-931-0520,[126.895058089883 37.6630597169794]
499,경기북,고양,행신119안전센터,경기도 고양시 덕양구 소원로 181번길 52,031-931-0530,[126.843413597695 37.6151826502824]
500,경기북,고양,화전119안전센터,경기도 고양시 덕양구 중앙로 78,031-931-0540,[126.877092734813 37.5964996136002]
501,경기북,일산,장항119안전센터,경기도 고양시 일산동구 중앙로 1325,031-930-0500,[126.769626641595 37.663282370918]
502,경기북,일산,백석119안전센터,경기도 고양시 일산동구 장백로 78,031-930-0510,[126.785013583628 37.6442126042292]
503,경기북,일산,주엽119안전센터,경기도 고양시 일산서구 주화로 82,031-930-0520,[126.759100503613 37.6702253670299]
506,경기북,일산,대화119안전센터,경기도 고양시 일산서구 중앙로 1630,031-930-0570,[126.7419669518 37.6789966302298]
508,경기북,일산,문화119안전센터,경기도 고양시 일산동구 태극로 7,031-930-0580,[126.750714406113 37.6637848661187]
509,경기북,의정부,금오119안전센터,경기도 의정부시 금오로23번길 22-40,031-849-7510,[127.069826839826 37.755136797668]
510,경기북,의정부,흥선119안전센터,경기도 의정부시 의정로 48,031-849-7500,[127.035361042324 37.7371559646345]
511,경기북,의정부,호원119안전센터,경기도 의정부시 평화로 322번길 7,031-849-7520,[127.048184065127 37.7207991573567]
512,경기북,의정부,송산119안전센터,경기도 의정부시 충의로 90,031-849-7530,[127.086542605958 37.7397958287481]
513,경기북,남양주,평내119안전센터,경기도 남양주시 평내동 평내로 25,031-590-0500,[127.232240174107 37.6433215355939]
514,경기북,남양주,진접119안전센터,경기도 남양주시 진접읍 금강로 1509-25,031-590-0520,[127.189731694104 37.7255635615024]
515,경기북,남양주,진건119안전센터,경기도 남양주시 진건읍 진건오남로 112-21,031-590-0550,[127.180251809493 37.6601477964371]
516,경기북,남양주,화도119안전센터,경기도 남양주시 화도읍 수레로1260번길 25,031-590-0540,[127.30480478415 37.650092392259]
517,경기북,남양주,와부119안전센터,경기도 남양주시 와부읍 덕소로97번길 34-2,031-590-0530,[127.216205219335 37.5857908381608]
519,경기북,남양주,오남119안전센터,경기도 남양주시 오남읍 진건오남로 772,031-590-0590,[127.20575965489 37.6968421497046]
520,경기북,남양주,가운119안전센터,경기도 남양주시 가운동 가운로 16,031-590-0570,[127.15839565181 37.604864008536]
521,경기북,파주,통일119안전센터,경기도 파주시 파주읍 통일로 1564 ,031-956-9500,[126.789496685703 37.8474853191245]
522,경기북,파주,금촌119안전센터,경기도 파주시 가나무로 136  ,031-956-9510,[126.780449241473 37.7538985908411]
523,경기북,파주,법원119안전센터,경기도 파주시 법원읍 화합로 141,031-956-9520,[126.882419089365 37.8467995768885]
524,경기북,파주,광탄119안전센터,경기도 파주시 광탄면 혜음로 1040 ,031-956-9530,[126.851304160625 37.7757791138266]
525,경기북,파주,탄현119안전센터,경기도 파주시 탄현면 필승로 458 ,031-956-9540,[126.687323365717 37.7814103774845]
526,경기북,파주,월롱119안전센터,경기도 파주시 월롱면 엘씨디로 310 ,031-956-9550,[126.752577134544 37.8152239180462]
527,경기북,파주,교하119안전센터,경기도 파주시 청석로 301 ,031-956-9560,[126.717243414825 37.7290174191164]
528,경기북,파주,적성119안전센터,경기도 파주시 적성면 감악산로 1220 ,031-956-9570,[126.928374733953 37.9555396819303]
529,경기북,파주,운정119안전센터,파주시 와석순환로 90,031-956-9580,[126.749743762205 37.7118381245211]
530,경기북,구리,교문119안전센터,경기도 구리시 아차산로487번길 46,031-570-6500,[127.127832898903 37.598289965826]
531,경기북,구리,인창119안전센터,경기도 건원대로34번길 28,031-570-6510,[127.141920629033 37.6041917488132]
532,경기북,구리,갈매119안전센터,경기도 구리시 산마루로68,031-570-6520,[127.120625093841 37.6295111168355]
533,경기북,포천,군내119안전센터,경기도 포천시 호국로 1538,031-538-5500,[127.202615939326 37.8913495611211]
534,경기북,포천,소흘119안전센터,경기도 포천시 소흘읍 송우로 182,031-538-5510,[127.13174003256 37.8360945080896]
535,경기북,포천,영북119안전센터,경기도 포천시 영북면 영북로 144,031-538-5520,[127.275438779423 38.087120511956]
536,경기북,포천,일동119안전센터,경기도 포천시 일동면 영일로 978,031-538-5530,[127.309969366675 37.9480490250794]
537,경기북,포천,가산119안전센터,경기도 포천시 포천로 890,031-538-5540,[127.194491734205 37.8484965104987]
538,경기북,포천,내촌119안전센터,경기도 포천시 내촌면 내촌로 120,031-538-5550,[127.230477025699 37.7904317665101]
539,경기북,포천,영중119안전센터,경기도 포천시 영중면 양문로 66,031-538-5560,[127.242747776886 37.9985156571718]
540,경기북,포천,선단119안전센터,경기도 포천시 호국로 1007-33,031-538-5570,[127.164965329385 37.8552980778232]
541,경기북,양주,백석119안전센터,경기도 양주시 꿈나무로 156,031-849-8500,[126.989398283979 37.7958712056516]
542,경기북,양주,회천119안전센터,경기도 양주시 화합로 1272,031-849-8510,[127.055589223047 37.8461677292825]
543,경기북,양주,광적119안전센터,경기도 양주시 광적면 광적로 55,031-849-8520,[126.981568127586 37.8234592178815]
544,경기북,양주,고읍119안전센터,경기도 양주시 고덕로 266,031-849-8530,[127.069887658369 37.8019131551347]
545,경기북,양주,남면119안전센터,경기도 양주시 남면 삼육사로 247,031-849-8540,[126.98646473674 37.9017388836514]
546,경기북,양주,장흥119안전센터,경기도 양주시 장흥면 일영로 794,031-849-8550,[126.936247198876 37.71204557241]
547,경기북,양주,옥정119안전센터,경기도 양주시 옥정로 8길 52,031-849-8560,[127.094040657856 37.8274430050036]
548,경기북,동두천,불현119안전센터,경기도 동두천시 지행로 6,031-830-5500,[127.047600860923 37.8922636252089]
549,경기북,동두천,소요119안전센터,경기 동두천시 평화로2910번길 65,031-830-5510,[127.065130915744 37.9464015597105]
550,경기북,가평,가평119안전센터,경기도 가평군 가평읍 가화로 36,031-734-500,[127.516447204938 37.8232629218916]
551,경기북,가평,조종119안전센터,경기도 가평군 조종면 현창로 14,031-734-520,[127.349804751171 37.8161627372582]
552,경기북,가평,설악119안전센터,경기도 가평군 설악면 한서로 12,031-734-530,[127.494994397214 37.6758776167968]
553,경기북,연천,은대119안전센터,경기도 연천군 전곡읍 평화로 892,031-830-0500,[127.068378668126 38.0482487444254]
554,경기북,연천,백학119안전센터,경기도 연천군 백학면 통구리 1067,031-830-0530,[126.913997426981 38.017431060094]
555,경기북,연천,전곡119안전센터,경기도 연천군 전곡읍 전곡로 27,031-830-0510,[127.071945296893 38.0162295654075]
556,경기북,연천,연천119안전센터,경기도 연천군 연천읍 차현로 92,031-830-0520,[127.076812710753 38.0994359467987]
557,강원,춘천,후평119안전센터,강원도 춘천시 후석로 446(후평동),033-248-4119,[127.743321389286 37.88938085608]
558,강원,춘천,소양119안전센터,강원도 춘천시 가연길16번길 16,033-256-0119,[127.722917907214 37.8790985900162]
559,강원,춘천,효자119안전센터,강원도 춘천시 효명길 8,033-251-0119,[127.726384162099 37.8710253658566]
560,강원,춘천,대룡119안전센터,강원도 춘천시 동내면 고은길 9,033-262-7119,[127.771148195435 37.8461967013743]
562,강원,춘천,신북119안전센터,강원도 춘천시 신북읍 신북로 35,033-243-5119,[127.751267006327 37.9284575568303]
563,강원,원주,혁신119안전센터,강원도 원주시 동부순환로 201(반곡동),033-769-1592,[127.973095458109 37.3337529388858]
564,강원,원주,명륜119안전센터,강원도 원주시 명륜동 832,033-763-6119,[127.94276695019 37.3270205418895]
565,강원,원주,학성119안전센터,강원도 원주시 학성길 122,033-732-4119,[127.944844680219 37.3536937756547]
566,강원,원주,단구119안전센터,강원도 원주시 강변로 255,033-763-1119,[127.961469748645 37.3305016864797]
567,강원,원주,신림119안전센터,강원도 원주시 신림면 치악로 27,033-763-8118,[128.079042773176 37.2297480513986]
568,강원,원주,우산119안전센터,강원도 원주시 우산공단길 9,033-742-6119,[127.941824631642 37.374095744699]
569,강원,원주,태장119안전센터,강원도 원주시 태장공단길 4,033-734-0119,[127.95263408993 37.4015076571564]
570,강원,원주,문막119안전센터,강원도 원주시 문막읍 문막시장1길 90,033-735-0119,[127.814528255632 37.3034689375246]
571,강원,원주,흥업119안전센터,강원도 원주시 흥업면 북원로 1569-81,033-765-2119,[127.909827621615 37.2934711127]
572,강원,원주,기업119안전센터,강원도 원주시 지정면 가곡리 1359-6,033-731-6119,[127.872047864205 37.3713142842414]
573,강원,강릉,유천119안전센터,강원도 강릉시 선수촌로 64-28(홍제동),033-645-0119,[128.87291276634 37.7573389871617]
574,강원,강릉,옥천119안전센터,강원도 강릉시 용지로 139(옥천동),033-648-2119,[128.902122765081 37.7610642465509]
575,강원,강릉,경포119안전센터,강원도 강릉시 해안로 502(안현동),033-644-2119,[128.90519519659 37.8050185271935]
576,강원,강릉,내곡119안전센터,강원도 강릉시 범일로 660(내곡동),033-647-7119,[128.884699084162 37.7448384670065]
577,강원,강릉,주문진119안전센터,강원도 강릉시 연곡면 연주로 226,033-662-2119,[128.831596005583 37.8740279545701]
578,강원,강릉,포남119안전센터,강원도 강릉시 하평2길 23(포남동),033-653-0119,[128.912905980189 37.7723137257484]
579,강원,강릉,옥계119안전센터,강원도 강릉시 옥계면 현내시장길 163,033-534-0119,[129.030129159797 37.6023230229975]
580,강원,동해,천곡119안전센터,강원도 동해시 천곡로 120(천곡동),033-533-3119,[129.118870832579 37.5245211709504]
581,강원,동해,묵호119안전센터,강원도 동해시 일출로 29(발한동),033-532-2119,[129.110657146281 37.5516043682953]
582,강원,동해,북삼119안전센터,강원도 동해시 효자남길 33-10(동회동),033-521-3119,[129.106876823229 37.4892996155971]
583,강원,동해,북평119안전센터,강원도 동해시 공단1로 21(구호동),033-521-5119,[129.142924875975 37.4715245730249]
584,강원,태백,황지119안전센터,강원도 태백시 태백로 1120(황지동),033-552-2119,[128.989323090733 37.158538174268]
585,강원,태백,장성119안전센터,강원도 태백시 석공길 16-9,033-581-6119,[129.008027822054 37.1034269434401]
586,강원,태백,철암119안전센터,강원도 태백시 동태백로 552,033-582-9119,[129.044157280554 37.1210275226656]
587,강원,태백,화전119안전센터,강원도 태백시 태백로 814,033-553-6119,[128.984246479299 37.1806082042806]
588,강원,속초,노학119안전센터,강원도 속초시 미시령로 3226,033-636-2119,[128.560137074218 38.2036377300564]
589,강원,속초,영랑119안전센터,강원도 속초시 번영로 188,033-632-9119,[128.590318030235 38.2154181935487]
590,강원,속초,설악119안전센터,강원도 속초시 청봉로5길 37,033-636-7119,[128.525448701027 38.1660722815352]
591,강원,삼척,봉황119안전센터,강원도 삼척시 봉황로 101,033-570-8510,[129.171235523588 37.4463954179999]
592,강원,삼척,도계119안전센터,강원도 삼척시 도계읍 도계강변3길 16,033-541-2119,[129.045749995389 37.2408521665702]
593,강원,삼척,원덕119안전센터,강원도 삼척시 원덕읍 삼척로 581,033-572-6119,[129.327033186476 37.185780954571]
594,강원,삼척,근덕119안전센터,강원도 삼척시 근덕면 교가길 37,033-574-1119,[129.228087009747 37.3801674933533]
595,강원,홍천,홍천119안전센터,강원도 홍천군 홍천읍 공작산로 99,033-435-0119,[127.902289669399 37.691331796649]
596,강원,홍천,양덕원119안전센터,강원도 홍천군 남면 시동로 46,033-432-4119,[127.770404528485 37.6115393900544]
597,강원,홍천,서석119안전센터,강원도 홍천군 서석면 풍암길2길 9,033-433-4119,[128.187753210279 37.7144852014884]
598,강원,홍천,팔봉119안전센터,강원도 홍천군 서면 팔봉산로 523,033-434-0119,[127.661828690062 37.6801885970855]
599,강원,횡성,횡성119안전센터,강원도 횡성군 횡성읍 문예로 157,033-340-9511,[127.973961102323 37.4853785244604]
600,강원,횡성,둔내119안전센터,강원도 횡성군 둔내면 고원남로 42,033-342-1119,[128.212301399289 37.5065461150453]
601,강원,횡성,우천119안전센터,강원도 횡성군 우천면 서동로 199,033-342-6119,[128.075088267768 37.4473933631567]
602,강원,횡성,공근119안전센터,강원도 횡성군 공근면 영서로 130-5,033-344-3119,[127.959408160646 37.5264693184276]
603,강원,영월,영월119안전센터,강원도 영월군 영월읍 영월로 1863,033-374-2119,[128.458431890208 37.1853910083386]
604,강원,영월,주천119안전센터,강원도 영월군 주천면 송학주천로 1467-15,033-372-7119,[128.269768022504 37.2748081920503]
605,강원,영월,중동119안전센터,강원도 영월군 중동면 응고개길 10-17,033-378-4119,[128.679805921633 37.1425496626982]
606,강원,평창,평창119안전센터,강원도 평창군 평창읍 살구실길 10,033-332-2119,[128.389278551061 37.3781618716028]
607,강원,평창,진부119안전센터,강원도 평창군 진부면 진부로 37,033-335-7119,[128.56743904201 37.6447420889305]
608,강원,평창,봉평119안전센터,강원도 평창군 봉평면 기풍로 107-6,033-336-0119,[128.377677449255 37.6124188749048]
609,강원,평창,대관령119안전센터,강원도 평창군 대관령면 올림픽로 62-20,033-335-5119,[128.701221003142 37.6725489882749]
610,강원,평창,대화119안전센터,강원도 평창군 대화면 평창대로 934,033-333-2119,[128.454298600943 37.5031124596024]
611,강원,정선,조양119안전센터,강원도 정선군 정선읍 녹송로 27,033-560-6511,[128.671902742967 37.3796652166046]
612,강원,정선,고한119안전센터,강원도 정선군 고한읍 강원남로 6455,033-591-3119,[128.869909423294 37.1949422896545]
613,강원,정선,신동119안전센터,강원도 정선군 신동읍 의림로 342,033-378-0119,[128.647180388732 37.2208475979562]
614,강원,정선,임계119안전센터,강원도 정선군 임계면 송계4길 9,033-562-6119,[128.852896870942 37.4953444700744]
615,강원,정선,사북119안전센터,강원도 정선군 사북읍 하이원길 29,033-592-2119,[128.815628622736 37.2241752093965]
616,강원,철원,태봉119안전센터,강원도 철원군 갈말읍 태봉로 1504,033-450-2510,[127.323759772258 38.1855620179527]
618,강원,철원,김화119안전센터,강원도 철원군 서면 약수로 76,033-458-1119,[127.435409376918 38.2454260530422]
619,강원,철원,갈말119안전센터,강원도 철원군 갈말읍 명성로 229,033-452-0119,[127.307223354955 38.1525785383499]
620,강원,화천,화천119안전센터,강원도 화천군 하남면 위라리길 47,033-440-7510,[127.713419461157 38.0978098430624]
621,강원,화천,양구119안전센터,강원도 양구군 양구읍 중심로 92,033-480-4514,[127.993970916395 38.0990680303695]
622,강원,양구,인제119안전센터,강원도 인제군 인제읍 비봉로 44번길 71,033-460-9510,[128.168634352287 38.0613534759034]
623,강원,인제,사내119안전센터,강원도 화천군 사내면 문화마을1길 6,033-441-4119,[127.52495635602 38.0680583977957]
624,강원,인제,원통119안전센터,강원도 인제군 북면 원통로 301,033-461-3119,[128.215704033967 38.1278730686078]
625,강원,인제,기린119안전센터,강원도 인제군 기린면 대내로 34-14,033-461-5119,[128.318457586499 37.964817212207]
626,강원,고성,간성119안전센터,강원도 고성군 간성읍 수성로 37-11,033-680-7513,[128.474091782775 38.3768557839556]
627,강원,고성,동광119안전센터,강원도 고성군 토성면 동해대로 5320,033-680-7532,[128.549182322222 38.2811783736476]
628,강원,고성,거진119안전센터,강원도 고성군 거진읍 수외길 19,033-680-7522,[128.452633928122 38.4410412827576]
629,강원,양양,양양119안전센터,강원도 양양군 양양읍 남대천로 33,033-639-7511,[128.622504088506 38.0674087077173]
630,강원,양양,하조대119안전센터,강원도 양양군 현북면 동해대로 1155-33,033-672-2119,[128.737962251226 37.9950729885524]
631,강원,양양,강현119안전센터,강원도 양양군 강현면 장산1길 26,033-673-9119,[128.597556691457 38.147802299657]
632,충북,청주동부,영운119안전센터,충청북도 청주시 상당구 영운로 61,043-251-0222,[127.494864257422 36.6209871240507]
633,충북,청주동부,사천119안전센터,충청북도 청주시 청원구 밀레니엄1로 63,043-251-0245,[127.475671033864 36.6799894102158]
634,충북,청주동부,북문119안전센터,충청북도 청주시 상당구 상당로 168,043-251-0255,[127.489969778533 36.6432859557195]
635,충북,청주동부,문의119안전센터,충청북도 청주시 상당구 문의면 문의시내1길 8,043-251-0265,[127.496552238884 36.5173125658655]
636,충북,청주동부,내수119안전센터,충청북도 청주시 청원구 내수읍 청암로80,043-251-0275,[127.539041229202 36.7245916654404]
637,충북,청주동부,오창119안전센터,충청북도 청주시 청원구 오창읍 중심상업2로 30,043-251-0285,[127.43242299307 36.7127808430325]
638,충북,청주서부,가경119안전센터,충청북도 청주시 흥덕구 가경로 143,043-249-9804,[127.437041756427 36.6272637092883]
640,충북,청주서부,산남119안전센터,충청북도 청주시 서원구 산미로 70,043-249-9837,[127.470425211909 36.6039606364321]
641,충북,청주서부,사직119안전센터,충청북도 청주시 서원구 사직대로 229,043-249-9852,[127.472344782474 36.6378561174586]
642,충북,청주서부,남이119안전센터,충청북도 청주시 서원구 청남로 866,043-249-9867,[127.428778359369 36.5307207457602]
643,충북,청주서부,오송119안전센터,충청북도 청주시 흥덕구 오송생명3로 71-5,043-249-9882,[127.326850116163 36.6316462799422]
644,충북,충주,목행119안전센터,충청북도 충주시 목행산단7로 9,043-841-3331,[127.920269935405 37.0032675482885]
645,충북,충주,호암119안전센터,충청북도 충주시 호암대로 13,043-841-3341,[127.927946570194 36.9592440836199]
646,충북,충주,연수119안전센터,충청북도 충주시 동수10길 1,043-841-3382,[127.935284622979 36.9827519355824]
647,충북,충주,서충주119안전센터,충청북도 충주시 대소원면 영평리 538 ,043-841-3391,[127.829663014652 37.0022955027509]
648,충북,충주,수안보119안전센터,충청북도 충주시 수안보면 관동길 9-7,043-841-3351,[127.994099199159 36.8470877274937]
650,충북,충주,앙성119안전센터,충청북도 충주시 앙성면 가곡로 1019,043-841-3371,[127.752254976212 37.1086918711394]
651,충북,제천,의림지119안전센터,충청북도 제천시 신죽하로 164,043-641-7300,[128.212852159945 37.1606175736619]
652,충북,제천,화산119안전센터,충청북도 제천시 강명길 17,043-641-7311,[128.20408651415 37.1186646461721]
653,충북,제천,봉양119안전센터,충청북도 제천시 봉양읍 북부로1433,043-641-7341,[128.128630418582 37.1315671640659]
654,충북,보은,보은119안전센터,충청북도 보은군 보은읍 남부로 4415,043-773-0210,[127.722057360606 36.4769727989803]
655,충북,보은,속리산119안전센터,충청북도 보은군 속리산면 법주사로 278,043-773-0230,[127.8238127313 36.5320794200376]
656,충북,보은,구병산119안전센터,충청북도 보은군 마로면 관기 송현로 48,043-773-0250,[127.814486572043 36.436657455567]
657,충북,옥천,옥천119안전센터,충청북도 옥천군 옥천읍 동부로 15,043-730-1900,[127.574623880487 36.3065699820088]
658,충북,옥천,청산119안전센터,충청북도 옥천군 청산면 남부로 2306,043-730-1920,[127.781322829396 36.3450498807999]
659,충북,영동,영동119안전센터,충청북도 영동군 영동읍 영동황간로 174,043-740-7110,[127.789063504952 36.1656380190708]
660,충북,영동,황간119안전센터,충청북도 영동군 황간면 황간로 132,043-740-7140,[127.903826356805 36.235319318584]
661,충북,영동,학산119안전센터,충청북도 영동군 학산면 서산로 92,043-740-7170,[127.685776499498 36.0996633112013]
662,충북,증평,증평119안전센터,충청북도 증평군 충청대로 1789,043-836-4119,[127.583753640244 36.7878466654707]
663,충북,진천,진천119안전센터,충청북도  진천군 진천읍 진광로 93,043-539-8200,[127.441141919647 36.8726674636512]
664,충북,진천,덕산119안전센터,충청북도  진천군 덕산읍 초금로 606-1,043-539-8240,[127.51066289333 36.8992837232293]
665,충북,진천,광혜원119안전센터,충청북도  진천군 광혜원면 화랑길 99,043-539-8220,[127.436670261932 36.9918164728127]
666,충북,괴산,괴산119안전센터,충청북도 괴산군 괴산읍 괴강로 69,043-760-0214,[127.801430897809 36.807584372708]
667,충북,괴산,청천119안전센터,충청북도 괴산군 청천면 선평길 78-9,043-760-0235,[127.734208400161 36.6581030988139]
668,충북,음성,금왕119안전센터,충청북도 음성군 금왕읍 응천서길 11,043-880-0301,[127.594995379437 36.9893274171386]
669,충북,음성,음성119안전센터,충청북도 음성군 음성읍 음성로 122,043-872-2119,[127.678527588952 36.9303827193708]
670,충북,음성,대소119안전센터,충청북도 음성군 대소면 오산로 74,043-881-7119,[127.486002927731 36.9695719867573]
671,충북,음성,감곡119안전센터,충청북도 음성군 감곡면 음성로 2652,043-881-3119,[127.643766832459 37.1123930394712]
672,충북,음성,삼성119안전센터,충청북도 음성군 삼성면 금일로 831,043-878-5119,[127.503353200208 37.0165115118666]
673,충북,단양,단양119안전센터,충청북도 단양군 단양읍 삼봉로 421-56,043-767-4210,[128.356432558513 36.989090897838]
674,충북,단양,매포119안전센터,충청북도 단양군 매포읍 평동4로 79,043-767-4230,[128.294829644835 37.0311150603238]
675,충남,천안동남,구성119안전센터,충청남도 천안시 동남구 천안대로 580,041-570-0332,[127.165347212185 36.7998732459904]
676,충남,천안동남,독립119안전센터,충청남도 천안시 동남구 목천읍 독립기념관로1,041-570-0362,[127.230398111736 36.7818719998049]
677,충남,천안동남,병천119안전센터,충청남도 천안시 동남구 병천면 아우내순대길 78,041-570-0382,[127.301040174552 36.7642350401251]
678,충남,천안동남,청당119안전센터,충청남도 천안시 동남구 청수14로 91,041-570-0406,[127.156146123355 36.7858138117939]
679,충남,천안동남,풍세119안전센터,충청남도 천안시 동남구 풍세면 풍세로 89,041-570-0428,[127.119764389021 36.7225417483936]
680,충남,천안서북,차암119안전센터,충청남도 천안시 서북구 직산읍 4산단2길 32,041-360-0330,[127.116121587203 36.8625791015043]
681,충남,천안서북,성거119안전센터,충청남도 천안시 서북구 성거읍 천흥8길 11번,041-360-0360,[127.207879713469 36.8833100924507]
682,충남,천안서북,서부119안전센터,충청남도 천안시 서북구 양지18길 22번,041-360-0380,[127.138790899248 36.812261613658]
683,충남,천안서북,두정119안전센터,충청남도 천안시 서북구 1공단2길 13,041-360-0400,[127.14628036103 36.8278419115655]
684,충남,천안서북,성환119안전센터,충청남도 천안시 서북구 성환읍 성환1로 395번,041-360-0420,[127.131170952803 36.9276617167886]
685,충남,천안서북,쌍용119안전센터,충청남도 천안시 서북구 월봉로 78번,041-360-0440,[127.118315482405 36.7975959000237]
686,충남,천안서북,입장119안전센터,충청남도 천안시 서북구 입장면 망향로 1107번,041-360-0460,[127.227266069173 36.9090362182185]
687,충남,천안서북,직산119안전센터,충청남도 천안시 서북구 직산읍 직산로 246,041-360-0480,[127.165678221396 36.8965294797538]
688,충남,천안서북,불당119안전센터,충청남도 천안시 서북구 불당23로 62,041-360-0490,[127.107724097429 36.8178315847693]
689,충남,공주,웅진119안전센터,충청남도 공주시 무령로 55,041-851-0332,[127.108349702415 36.4594491772586]
690,충남,공주,유구119안전센터,충청남도 공주시 유구읍 유구외곽로 368,041-851-0362,[126.945955254781 36.5399483740016]
691,충남,공주,신관119안전센터,충청남도 공주시 의당로 31,041-851-0382,[127.129817940747 36.4748854002002]
692,충남,공주,동학사119안전센터,충청남도 공주시 반포면 동학사1로 110,041-851-0402,[127.254004696807 36.3637423752592]
693,충남,공주,계룡119안전센터,충청남도 공주시 계룡면 월암송정길 18,041-851-0422,[127.141429227594 36.3613323711943]
694,충남,공주,정안119안전센터,충청남도 공주시 정안면 광정장터길 18,041-851-0442,[127.122662233647 36.608676458226]
695,충남,보령,명천119안전센터,충청남도 보령시 성주산로 63,041-930-0332,[126.60838779769 36.3333847163545]
696,충남,보령,신흑119안전센터,충청남도 보령시 대천항로 205,041-930-0362,[126.514333899208 36.3167558401613]
697,충남,보령,웅천119안전센터,충청남도 보령시 웅천읍 충서로 947,041-930-0383,[126.597154027456 36.2351111846094]
698,충남,보령,오천119안전센터,충청남도 보령시 오천면 충청수영로 701,041-930-0405,[126.53034814222 36.4371255574391]
699,충남,보령,주포119안전센터,충청남도 보령시 주포면 질재로 47-16,041-930-0424,[126.587587731956 36.4152907024938]
700,충남,아산,모종119안전센터,충청남도 아산시 모종로 77,041-538-0332,[127.025751383895 36.7860493954543]
701,충남,아산,둔포119안전센터,충청남도 아산시 충무로 1848,041-538-0362,[127.042834341877 36.9313796295363]
702,충남,아산,인주119안전센터,충청남도 아산시 인주면 공세길 19,041-538-0402,[126.910007531593 36.8804927684176]
703,충남,아산,신창119안전센터,충청남도 아산시 신창면 순천향로 48,041-538-0382,[126.935350075893 36.7711279050551]
704,충남,아산,배방119안전센터,충청남도 아산시 배방읍 배방로 38,041-538-0422,[127.053840607255 36.7738251942347]
705,충남,아산,탕정119안전센터,충청남도 아산시 탕정면 탕정면로 26,041-538-0442,[127.060003234621 36.7984865677561]
706,충남,아산,장재119안전센터,충청남도 아산시 배방읍 용연로 88,041-538-0462,[127.090532528307 36.7890462873573]
707,충남,서산,예천119안전센터,충청남도 서산시 호수공원 14로 26-4,041-689-0332,[126.4449059337 36.7733031726105]
708,충남,서산,대산119안전센터,충청남도 서산시 대산읍 망일산로 831-15,041-689-0362,[126.439533054837 36.9408502619711]
709,충남,서산,동부119안전센터,충청남도 서산시 학동3로 52,041-689-0382,[126.459621272407 36.7899097893621]
710,충남,서산,해미119안전센터,충청남도 서산시 해미면 성지3길 29,041-689-0402,[126.542802982635 36.7098209148642]
711,충남,서산,부석119안전센터,충청남도 서산시 부석면 강경벌로 10,041-689-0422,[126.393683859575 36.7174952340967]
712,충남,서산,성연119안전센터,충청남도 서산시 성연면 성연5로 92-31,041-689-0442,[126.446923967664 36.8259856128959]
713,충남,논산,내동119안전센터,충청남도 논산시 대학로 17,041-730-0333,[127.100382138691 36.1782807539474]
714,충남,논산,반월119안전센터,충청남도 논산시 해월로 155,041-730-0404,[127.084237162895 36.2045687245052]
715,충남,논산,강경119안전센터,충청남도 논산시 강경읍 동안로 3 ,041-730-0362,[127.018248524323 36.1578059769466]
716,충남,논산,연산119안전센터,충청남도 논산시 연산면 관창로 54,041-730-0429,[127.182784242012 36.212464884883]
717,충남,논산,연무119안전센터,충청남도 논산시 연무읍 동안로 1137,041-730-0382,[127.128254920562 36.1265218841546]
718,충남,계룡,엄사119안전센터,충청남도 계룡시 엄사면 문화로32,042-540-5330,[127.232831823762 36.2743137682266]
719,충남,계룡,두마119안전센터,충청남도 계룡시 두마면 사계로 170,042-540-5360,[127.274440421062 36.2619744754262]
720,충남,당진,당진119안전센터,충청남도 당진시 역천로 838,041-350-5338,[126.61793640797 36.8856483347998]
721,충남,당진,석문119안전센터,충청남도 당진시 석문면 보덕포로 1069-21,041-350-5362,[126.588500463136 36.9851112795467]
722,충남,당진,합덕119안전센터,충청남도 당진시 우강면 중방로 2,041-350-5382,[126.766655079421 36.8128206829239]
723,충남,당진,송악119안전센터,충청남도 당진시 송악읍 송악로 1019,041-350-5402,[126.768307908957 36.9601634612793]
724,충남,당진,신평119안전센터,충청남도 당진시 신평면 신평길 133,041-350-5422,[126.777149726958 36.8810740992264]
725,충남,당진,기지시119안전센터,충청남도 당진시 송악읍 틀모시로 844,041-350-5442,[126.690828751257 36.9084943848706]
726,충남,금산,금산119안전센터,충청남도 금산군 금산읍 삼풍로 2,041-750-1332,[127.480100253874 36.0999076458234]
727,충남,금산,추부119안전센터,충청남도 금산군 추부면 삼육로 47,041-750-1362,[127.468250142168 36.1939741926507]
728,충남,금산,복진119안전센터,충청남도 금산군 진산면 읍내로 49-1,041-750-1382,[127.368571436471 36.1435257054119]
729,충남,부여,백제119안전센터,충청남도 부여군 규암면 계백로17,041-830-0331,[126.882238818803 36.2749920555628]
730,충남,부여,사비119안전센터,충청남도 부여군 부여읍 북포로 29,041-830-0362,[126.926955710646 36.2858916775802]
731,충남,부여,홍산119안전센터,충청남도 부여군 홍산면 북토로 89,041-830-0382,[126.755399745384 36.2182278906827]
732,충남,부여,임천119안전센터,충청남도 부여군 임천면 성흥로179번길1,041-830-0402,[126.896509202901 36.1841632527781]
733,충남,부여,외산119안전센터,충청남도 부여군 외산면 만수로 235,041-830-0422,[126.705833631417 36.3020170126355]
734,충남,서천,장항119안전센터,충청남도 서천군 장항읍 장항로 37,041-955-0330,[126.683024430603 36.0134996895688]
735,충남,서천,서천119안전센터,충청남도 서천군 서천읍 충절로49번길 33-8,041-955-0360,[126.688609519362 36.0769103899706]
736,충남,서천,비인119안전센터,충청남도 서천군 비인면 비인로 141,041-955-0380,[126.605207635492 36.138292921571]
737,충남,서천,서면119안전센터,충청남도 서천군 서면 부사로 153,041-955-0400,[126.531586237077 36.1631377227899]
738,충남,서천,한산119안전센터,충청남도 서천군 한산면 충절로 1164,041-955-0420,[126.806212092479 36.0831147555616]
739,충남,서천,판교119안전센터,충청남도 서천군 판교면 대백제로 1953-24,041-955-0440,[126.689820241793 36.1579143761151]
740,충남,청양,청양119안전센터,충청남도 청양군 청양읍 충절로 1187,041-940-7332,[126.792452457117 36.4516447729291]
741,충남,청양,정산119안전센터,충청남도 청양군 정산면 서정4길 49,041-940-7362,[126.947867182144 36.4166106793771]
742,충남,홍성,구룡119안전센터,충청남도 홍성군 홍성읍 충절로 741,041-630-0334,[126.695420042075 36.5850165142852]
743,충남,홍성,광천119안전센터,충청남도 홍성군 광천읍 충서로 354,041-630-0382,[126.622479754295 36.5140381051398]
744,충남,홍성,옥암119안전센터,충청남도 홍성군 홍성읍 충서로 1258,041-630-0362,[126.657548566892 36.5888108009564]
745,충남,홍성,내포119안전센터,충청남도 홍성군 홍북읍 의향로 133,041-630-0422,[126.677031059751 36.6473145907495]
746,충남,홍성,갈산119안전센터,충청남도 홍성군 갈산면 갈산로150번길 16,041-630-0402,[126.554204614143 36.5999198254431]
747,충남,예산,오가119안전센터,충청남도 예산군 오가면 오가중앙로 111,041-330-4332,[126.801409702055 36.6865927990832]
748,충남,예산,금오119안전센터,충청남도 예산군 예산읍 예당관광로 760,041-330-4362,[126.827137510969 36.6785255562983]
749,충남,예산,삽교119안전센터,충청남도 예산군 삽교읍 삽교로1길 34,041-330-4382,[126.738359994768 36.6889796922077]
750,충남,예산,덕산119안전센터,충청남도 예산군 덕산면 도청대로 1160,041-330-4402,[126.673204323701 36.7048786234659]
751,충남,태안,태안119안전센터,충청남도 태안군 태안읍 동백로 100,041-671-0332,[126.286116379186 36.758023038539]
752,충남,태안,안면119안전센터,충청남도 태안군 안면읍 장터로 77,041-671-0362,[126.348115525895 36.5158941786787]
753,충남,태안,원북119안전센터,충청남도 태안군 원북면 원이로 1031,041-671-0382,[126.272391152573 36.8356518316828]
754,충남,태안,근흥119안전센터,충청남도 태안군 근흥면 신진대교길 201-8,041-671-0402,[126.147149943326 36.682573465937]
755,전북,전주덕진,금암119안전센터,전라북도 전주시 덕진구 백제대로 611,063-250-4272,[127.136654322808 35.8424000556701]
756,전북,전주덕진,아중119안전센터,전라북도 전주시 덕진구 진버들4길 16,063-250-4275,[127.163734526812 35.8360041486337]
757,전북,전주덕진,팔복119안전센터,전라북도 전주시 덕진구 온고을로 430,063-250-4273,[127.08231832469 35.850584030842]
759,전북,전주완산,효자119안전센터,전라북도 전주시 완산구 거마평로 73,063-220-4272,[127.116297274992 35.7989050342996]
760,전북,전주완산,서부119안전센터,전라북도 전주시 완산구 우전로 228,063-228-0119,[127.102276484372 35.8148824697547]
761,전북,전주완산,교동119안전센터,전라북도 전주시 완산구 경기전길 183,063-284-0119,[127.151743533443 35.8111921754936]
762,전북,전주완산,노송119안전센터,전라북도 전주시 완산구 관선4길 38,063-287-7119,[127.156075628084 35.8223131380775]
763,전북,전주완산,평화119안전센터,전라북도 전주시 완산구 평화로 105,063-236-4119,[127.133843653827 35.7862666499643]
764,전북,전주완산,임실119안전센터,전라북도 임실군 임실읍 감천로 33,063-642-2119,[127.288948725067 35.6106084854224]
765,전북,군산,사정119안전센터,전라북도 군산시 번영로 308 ,063-450-0228,[126.751107282223 35.9628424748557]
766,전북,군산,금동119안전센터,전라북도 군산시 군산창길 1,063-450-0274,[126.70721004979 35.9897598679008]
767,전북,군산,항만119안전센터,전라북도 군산시 임해로 462,063-450-0275,[126.628156709426 35.9713701888158]
768,전북,군산,비응119안전센터,전라북도 군산시 새만금북로 43,063-450-0279,[126.540828767198 35.9437718534851]
769,전북,군산,지곡119안전센터,전라북도 군산시 백토로 223,063-450-0273,[126.704757466955 35.9591036137075]
770,전북,군산,경암119안전센터,전라북도 군산시 구암3.1로 147,063-450-0277,[126.735633352419 35.9817136895589]
771,전북,군산,산북119안전센터,전라북도 군산시 산북로 71-11,063-450-0276,[126.672324175845 35.96027846853]
772,전북,군산,대야119안전센터,전라북도 군산시 대야면 대야관통로 5,063-450-0278,[126.806554005806 35.9428518007796]
773,전북,익산,팔봉119안전센터,전라북도 익산시 무왕로 1338,063-836-2119,[127.005109157716 35.9622408591675]
774,전북,익산,남중119안전센터,전라북도 익산시 인북로 397,063-855-0119,[126.962786631216 35.9635024308829]
775,전북,익산,공단119안전센터,전라북도 익산시 선화로 429,063-833-0119,[126.977055498432 35.9471630024029]
776,전북,익산,인화119안전센터,전라북도 익산시 목천로 301,063-852-0119,[126.954540867865 35.9283024919615]
777,전북,익산,모현119안전센터,전라북도 익산시 배산로 181,063-853-0119,[126.941782827119 35.9537274334825]
778,전북,익산,함열119안전센터,전라북도 익산시 함열읍 함열중앙로 133,063-861-0119,[126.971931661635 36.0761397477564]
779,전북,익산,금마119안전센터,전라북도 익산시 금마면 미륵사지로 130,063-839-3278,[127.047683467518 35.9977418431139]
780,전북,정읍,하북119안전센터,전라북도 정읍시 서부산업도로 507-5,063-570-1272,[126.85854841578 35.5882998335107]
781,전북,정읍,시기119안전센터,전라북도 정읍시 정읍남로 1421,063-570-1273,[126.857379190351 35.557782972682]
782,전북,정읍,신태인119안전센터,전라북도 정읍시 신태인읍 정신로 1241,063-570-1274,[126.878325844841 35.6913656817862]
783,전북,정읍,영원119안전센터,전라북도 정읍시 영원면 영원로 1048,063-570-1275,[126.784203667653 35.6521691702843]
784,전북,정읍,칠보119안전센터,전라북도 정읍시 태산로 2165 ,063-570-1276,[126.993448828035 35.6049100538881]
785,전북,남원,식정119안전센터,전라북도 남원시 요천로 1965,063-626-0119,[127.416133455859 35.4369194749939]
786,전북,남원,인월119안전센터,전라북도 남원시 인월면 황산로 1828,063-636-5119,[127.602401886864 35.4654098590939]
787,전북,남원,금지119안전센터,전라북도 남원시 금지면 요천로 430,063-635-2119,[127.303137068824 35.3479139670871]
788,전북,김제,교동119안전센터,전라북도 김제시 벽성로 278,063-540-4272,[126.870047580886 35.7989540491269]
789,전북,김제,만경119안전센터,전라북도 김제시 만경읍 만경공단1길 7,063-540-4273,[126.816969656609 35.8575843595976]
791,전북,김제,금산119안전센터,전라북도 김제시 금산면 금산사로 29,063-540-4274,[126.994637929065 35.719558553272]
792,전북,완주,봉동119안전센터,전라북도 완주군 삼례읍 삼봉로 518,063-290-0272,[127.124161855533 35.926374920642]
793,전북,완주,삼례119안전센터,전라북도 완주군 삼례읍 삼례역로 27,063-290-0273,[127.070535270978 35.9088634836676]
794,전북,완주,고산119안전센터,전라북도 완주군 고산면 고산로 49,063-290-0274,[127.202603225071 35.9759532299071]
795,전북,완주,혁신119안전센터,전라북도 완주군 이서면 지사제2로 12,063-290-0275,[127.023476563736 35.8321502851486]
796,전북,진안,진안119안전센터,전라북도 진안군 진안읍 쇠징계로 9,063-350-5273,[127.435475560587 35.7988932042729]
797,전북,진안,마령119안전센터,전라북도 진안군 마령면 임진로 2077-24,063-350-5276,[127.369792381626 35.7317950337605]
798,전북,장수,장계119안전센터,전라북도 장수군 장계면 육십령로 136,063-350-6272,[127.589528978223 35.7322551965133]
799,전북,장수,무주119안전센터,전라북도 무주군 무주읍 당산강변로 126,063-350-6274,[127.655151340969 36.0028189380435]
800,전북,장수,구천동119안전센터,전라북도 무주군 설천면 구천동1로 54,063-350-6286,[127.776864163929 35.9032293080921]
801,전북,장수,장수119안전센터,전라북도 장수군 장수읍 호비로 42,063-350-6275,[127.521240595813 35.6499327626246]
802,전북,순창,순창119안전센터,전라북도 순창군 순창읍 교성로 24,063-650-9272,[127.133916903634 35.3720522048209]
803,전북,고창,고창119안전센터,전라북도 고창군 고창읍 녹두로 1294,063-560-1272,[126.687777592227 35.4327981453438]
804,전북,고창,무장119안전센터,전라북도 고창군 무장면 무장남북로 20-5,063-560-1273,[126.561577527505 35.4165535303478]
805,전북,고창,흥덕119안전센터,전라북도 고창군 흥덕면 문화2길 21,063-560-1274,[126.703253690648 35.5173223225472]
806,전북,고창,대산119안전센터,전라북도 고창군 대산면 공음대산로 932,063-560-1275,[126.598368596188 35.3399141915314]
807,전북,부안,부안119안전센터,전라북도 부안군 행안면 변산로 86,063-580-1272,[126.711889327851 35.7297700289988]
808,전북,부안,격포119안전센터,전라북도 부안군 변산면 격포항길 64-17,063-580-1273,[126.470623336841 35.6200579150379]
809,전남,강진,하당119안전센터,전라남도 목포시 삼향천로 110,061-280-0890,[126.430249877727 34.8099467983613]
810,전남,강진,호남119안전센터,전라남도 목포시 영산로 165,061-280-0925,[126.387986315807 34.7971212405862]
811,전남,고흥,경동119안전센터,전라남도 목포시 유동로 42번길 1,061-280-0930,[126.380691510363 34.7855645891587]
812,전남,고흥,삼학119안전센터,전라남도 목포시 삼학로 218,061-280-0935,[126.406761604907 34.7901723114361]
813,전남,고흥,연산119안전센터,전라남도 목포시 산정공단로 64,061-280-0940,[126.377721276017 34.8187737486445]
814,전남,광양,학동119안전센터,전라남도 여수시 망마로 20,061-680-0890,[127.665052178312 34.7598782963305]
815,전남,광양,평여119안전센터,전라남도 여수시 여수산단로 321(평여동),061-680-0940,[127.67034750604 34.810882831578]
816,전남,광양,소라119안전센터,전라남도 여수시 소라면 여순로 297,061-680-0955,[127.614544459024 34.8310398909897]
817,전남,광양,연등119안전센터,전라남도 여수시 좌수영로 162(연등동),061-680-0925,[127.726713700646 34.7547661780573]
818,전남,나주,여서119안전센터,전라남도 여수시 문수로 131(문수동),061-680-0945,[127.708073989675 34.7565018379327]
819,전남,나주,봉산119안전센터,전라남도 여수시 어항단지로 222-5(남산동),061-680-0935,[127.730113933189 34.7302195784909]
820,전남,나주,돌산119안전센터,전라남도 여수시 돌산읍 강남로 34,061-680-0950,[127.750200094468 34.718643475608]
821,전남,나주,서면119안전센터,전라남도 순천시 서면 삼산로 281,061-750-0894,[127.503845763382 34.9867240256891]
822,전남,담양,저전119안전센터,전라남도 순천시 중앙로 19,061-750-0926,[127.48655006549 34.9480569869476]
823,전남,담양,왕조119안전센터,전라남도 순천시 기적의도서관 1길 30,061-750-0931,[127.524776748744 34.9526693019858]
824,전남,담양,연향119안전센터,전라남도 순천시 연향1로 26,061-750-0941,[127.517122154445 34.9447438618]
825,전남,담양,승주119안전센터,전라남도 순천시 승주읍 승평길 19-17,061-750-0936,[127.372862297453 35.0194817065959]
826,전남,목포,구례119안전센터,전라남도 구례군 구례읍 양정4길 37,061-750-0946,[127.470104322509 35.2024278363605]
827,전남,목포,해룡119안전센터,전라남도 순천시 해룡면 율촌산단5로 17,061-750-0952,[127.586508662235 34.8917262911057]
828,전남,목포,신대119안전센터,전라남도 순천시 해룡면 매안로142,061-750-0956,[127.550522896964 34.9359758568102]
829,전남,목포,경현119안전센터,전라남도 나주시 예향로 4201,061-330-0890,[126.709899650239 35.0278277967115]
830,전남,목포,이창119안전센터,전라남도 나주시 이창택지길 6-13,061-330-0925,[126.706424923694 34.9949754005522]
831,전남,무안,남평119안전센터,전라남도 나주시 남평읍 지석로 106,061-330-0930,[126.846022019665 35.0414021876664]
832,전남,무안,빛가람119안전센터,전라남도 나주시 그린로 296,061-330-0935,[126.796051416915 35.0130941856795]
833,전남,무안,중마119안전센터,전라남도 광양시 중마중앙로 109,061-798-0890,[127.697710860694 34.9400928936077]
834,전남,무안,금호119안전센터,전라남도 광양시 희망길 12-12(금호동),061-798-0935,[127.725291603057 34.9365825973532]
836,전남,보성,광영119안전센터,전라남도 광양시 금영로 87(광영동),061-798-0930,[127.720300192366 34.9587725708878]
837,전남,보성,담양119안전센터,전라남도 담양군 담양읍 추성로 1232,061-380-0890,[126.973080867581 35.3181126239202]
839,전남,순천,곡성119안전센터,전라남도 곡성군 곡성읍 학교로 7,061-380-0926,[127.289428131323 35.2772287103047]
840,전남,순천,옥과119안전센터,전라남도 곡성군 옥과면 리문6길 29,061-380-0931,[127.137462893287 35.2744919327175]
841,전남,순천,고흥119안전센터,전라남도 고흥군 풍양면 고흥로 1330,061-840-0890,[127.256037383808 34.5815688335529]
842,전남,순천,도양119안전센터,전라남도 고흥군 도양읍 녹동신항5길 4,061-840-0925,[127.141213459832 34.5259263650424]
843,전남,순천,과역119안전센터,전라남도 고흥군 과역면 과역로 974,061-840-0933,[127.371870215444 34.6835520443726]
844,전남,순천,벌교119안전센터,전라남도 보성군 벌교읍 녹색로 5247,061-859-0890,[127.315489229024 34.8384643541383]
845,전남,순천,보성119안전센터,전라남도 보성군 보성읍 송재로 160,061-859-0925,[127.080096105256 34.7700933240769]
846,전남,신안,홍교119안전센터,전라남도 보성군 벌교읍 홍암로 116-4,061-859-0930,[127.354388046707 34.8466716808287]
847,전남,신안,화순119안전센터,전라남도 화순군 화순읍 학포로 2750,061-379-0891,[126.971440009758 35.0507032795544]
848,전남,여수,능주119안전센터,전라남도 화순군 능주면 지석로 1428,061-379-0926,[126.949962536541 34.9960167262376]
849,전남,여수,동복119안전센터,전라남도 화순군 동복면 천변길 7,061-379-0931,[127.127384685111 35.070043456561]
850,전남,여수,장흥119안전센터,전라남도 장흥군 장흥읍 북부로 138,061-850-0891,[126.915634298616 34.6890789889294]
851,전남,여수,정남진119안전센터,전라남도 장흥군 관산읍 관산우회로 103,061-850-0926,[126.935396692341 34.5649748672377]
852,전남,여수,강진119안전센터,전라남도 강진군 군동면 중앙로 223,061-430-0890,[126.780926294304 34.6432283266768]
853,전남,여수,성전119안전센터,전라남도 강진군 성전면 송학리 837-2,061-430-0925,[126.737669600571 34.6792995036817]
854,전남,여수,해남119안전센터,전라남도 해남군 해남읍 교육청길 82,061-530-0890,[126.607853586651 34.5662175640549]
855,전남,영광,땅끝119안전센터,전라남도 해남군 송지면 미야길 237-3,061-530-0940,[126.522196523219 34.3780835357562]
856,전남,영광,삼호119안전센터,전라남도 영암군 삼호읍 나불로 192,061-460-0890,[126.43928848046 34.7667229478592]
857,전남,영암,영암119안전센터,전라남도 영암군 영암읍 월출로 46,061-460-0925,[126.685984635191 34.798537878788]
858,전남,영암,신북119안전센터,전라남도 영암군 신북면 모산리 661-1,061-460-0930,[126.694204399039 34.895619400523]
859,전남,영암,무안119안전센터,전라남도 무안군 무안읍 공항로 133,061-450-0890,[126.466312392965 34.9946986767509]
860,전남,완도,일로119안전센터,전라남도 무안군 일로읍 삼일로 493-1,061-450-0925,[126.490023175645 34.8511585317487]
861,전남,완도,해제119안전센터,전라남도 무안군 해제면 현해로 1621,061-450-0930,[126.301070837818 35.1124150641237]
862,전남,장성,남악119안전센터,전라남도 무안군 삼향읍 남악5로72번길81-18,061-450-0935,[126.482507388054 34.8115166660619]
863,전남,장성,함평119안전센터,전라남도 함평군 대동면 함장로 1202-93,061-338-0890,[126.531049119767 35.0524626533358]
864,전남,장흥,나산119안전센터,전라남도 함평군 나산면 함장로 2786,061-338-0925,[126.604528231618 35.1454302695949]
865,전남,장흥,영광119안전센터,전라남도 영광군 영광읍 함영로 3508,061-350-0890,[126.509111093115 35.2630143966526]
866,전남,진도,홍농119안전센터,전라남도 영광군 홍농읍 홍농로 543,061-350-0925,[126.449015240576 35.4023775171847]
867,전남,진도,장성119안전센터,전라남도 장성군 장성읍 단풍로 204,061-360-0891,[126.799637045711 35.320297144914]
868,전남,함평,삼계119안전센터,전라남도 장성군 삼계면 영장로 1632,061-360-0926,[126.667263598785 35.2550562724655]
869,전남,함평,완도119안전센터,전라남도 완도군 완도읍 농공단지길 7,061-470-0890,[126.729608529461 34.338637082004]
870,전남,해남,고금119안전센터,전라남도 완도군 고금면 고금동로 266,061-470-0925,[126.825313111885 34.4028878706562]
871,전남,해남,진도119안전센터,전라남도 진도군 진도대로 6945,061-530-0934,[126.247265252281 34.4730195021802]
872,전남,화순,임회119안전센터,전라남도 진도군 임회면 십일시장길 34,061-530-0946,[126.192925478525 34.411989685031]
873,전남,화순,신안119안전센터,전라남도 신안군 암태면 단고리 973-6,061-280-0950,[126.111937561569 34.8255054361455]
874,전남,화순,지도119안전센터,전라남도 신안군 지도읍 해제지도로 1304,061-280-0945,[126.204915527408 35.0588619663096]
875,경북,포항북부,덕산119안전센터,경상북도 포항시 북구 중앙로 332,054-260-2400,[129.36612464594 36.0425165178792]
876,경북,포항북부,두호119안전센터,경상북도 포항시 북구 삼호로 305,054-260-2410,[129.382955704263 36.0644229911993]
877,경북,포항북부,흥해119안전센터,경상북도 포항시 북구 흥해읍 중성로 67,054-260-2420,[129.350482936048 36.1091931901664]
878,경북,포항북부,장량119안전센터,경상북도 포항시 북구 법원로 158,054-260-2430,[129.387693096853 36.0887462293004]
879,경북,포항북부,기계119안전센터,경상북도 포항시 북구 기계면 기계로 371,054-260-2460,[129.182093586918 36.0849257615202]
880,경북,포항남부,일월119안전센터,경상북도 포항시 남구 동해안로 5890,054-284-2725,[129.418921720212 35.9933845880943]
881,경북,포항남부,해도119안전센터,경상북도 포항시 남구 중앙로 118,054-281-1119,[129.368661886355 36.023615615889]
882,경북,포항남부,제철119안전센터,경상북도 포항시 남구 철강로 360,054-286-0119,[129.378294484115 35.9784401511501]
883,경북,포항남부,연일119안전센터,경상북도 포항시 남구 연일읍 철강로 10,054-286-1119,[129.344154236178 35.9916088024287]
884,경북,포항남부,효자119안전센터,경상북도 포항시 남구 지곡로212번길 45,054-273-2119,[129.325532058198 36.0294554160021]
885,경북,포항남부,오천119안전센터,경상북도 포항시 남구 오천읍 해병로 369,054-292-0119,[129.409538071515 35.9627731646523]
886,경북,포항남부,구룡포119안전센터,경상북도 포항시 남구 구룡포읍 호미로 265,054-284-0119,[129.55938889163 35.9910263639309]
887,경북,포항남부,울릉119안전센터,경상북도 울릉군 울릉읍 울릉순환로 415,054-791-2119,[130.8980995951 37.4842311144687]
888,경북,경주,황오119안전센터,경상북도 경주시 알천남로 276,054-778-0601,[129.228398398755 35.8440856621929]
889,경북,경주,동부119안전센터,경상북도 경주시 중앙로 59,054-778-0611,[129.211467653835 35.8451808692264]
890,경북,경주,보문119안전센터,경상북도 경주시 경감로 587-8,054-778-0631,[129.287086207621 35.834926825627]
891,경북,경주,안강119안전센터,경상북도 경주시 안강읍 안강중앙로 146,054-778-0651,[129.215912045669 35.9932489664402]
892,경북,경주,감포119안전센터,경상북도 경주시 감포읍 동해안로 2153,054-778-0671,[129.493801873297 35.799035042424]
893,경북,경주,외동119안전센터,경상북도 경주시 외동읍 입실로1길 78-15,054-778-0661,[129.327293683107 35.71680083689]
894,경북,경주,건천119안전센터,경상북도 경주시 건천읍 내서로 1065,054-778-0681,[129.100209060737 35.8529548936357]
895,경북,경주,용황119안전센터,경상북도 경주시 공단로 25,054-778-0641,[129.217069555609 35.8753010485925]
896,경북,경주,불국사119안전센터,경상북도 경주시 불국신택지4길 4,054-778-0621,[129.327475386132 35.783852680819]
897,경북,김천,양금119안전센터,경상북도 김천시 강변로 219(양천동),054-436-0118,[128.122637320471 36.1067833702289]
898,경북,김천,다수119안전센터,경상북도 김천시 영남대로 1246,054-430-0119,[128.07286306873 36.1274005536936]
899,경북,김천,대광119안전센터,경상북도 김천시 공단로 152-36,054-432-0119,[128.138009094439 36.1483546513498]
900,경북,김천,지례119안전센터,경상북도 김천시 지례면 장터길 115,054-435-0119,[128.030582413276 35.9900641581425]
901,경북,김천,아포119안전센터,경상북도 김천시 아포읍 아포공단길 45,054-439-0119,[128.25497221683 36.1665543304616]
902,경북,김천,율곡119안전센터,경상북도 김천시 혁신7로 46,054-437-8119,[128.176223031825 36.1256098910065]
903,경북,안동,법흥119안전센터,경상북도 안동시 육사로 301,054-854-6119,[128.737283221629 36.5610425854574]
904,경북,안동,용상119안전센터,경상북도 안동시 마들6길 27,054-821-1119,[128.761745143609 36.5507967700038]
905,경북,안동,풍산119안전센터,경상북도 안동시 풍산읍 풍산태사로 1162,054-858-4119,[128.581904287983 36.5803369328111]
906,경북,안동,옥동119안전센터,경상북도 안동시 광명로 85,054-853-6119,[128.694258986378 36.5587275983537]
907,경북,안동,도산119안전센터,경상북도 안동시 도산면 퇴계로 2171,054-856-7119,[128.824552287829 36.7103720318103]
908,경북,안동,청송119안전센터,경상북도 청송군 청송읍 길안청송로 1630,054-873-1119,[129.041896479636 36.4338705449257]
909,경북,안동,진보119안전센터,경상북도 청송군 진보면 청송로 6346,054-874-5119,[129.039583874716 36.5212786477136]
910,경북,안동,영양119안전센터,경상북도 영양군 영양읍 군민회관길 42-14,054-682-3119,[129.11647700759 36.6595306168991]
911,경북,안동,입암119안전센터,경상북도 영양군 입암면 입암로 153,054-682-4119,[129.087205190532 36.5981137982651]
912,경북,구미,공단119안전센터,경상북도 구미시 수출대로 112,054-461-3119,[128.376521985916 36.1105438132303]
913,경북,구미,송정119안전센터,경상북도 구미시 백산로 207,054-452-0119,[128.351052767573 36.1142652285029]
914,경북,구미,원평119안전센터,경상북도 구미시 산업로 174,054-454-6119,[128.340637303124 36.1286747759188]
915,경북,구미,봉곡119안전센터,경상북도 구미시 봉곡동로 48,054-452-2119,[128.315391252882 36.1546316933164]
916,경북,구미,인동119안전센터,경상북도 구미시 이계북로 147,054-471-0119,[128.41838118213 36.1061039267216]
917,경북,구미,선산119안전센터,경상북도 구미시 선산읍 선산대로 1400-13,054-482-0119,[128.305003300981 36.2394246280629]
918,경북,구미,고아119안전센터,경상북도 구미시 고아읍 선산대로 821,054-481-3119,[128.339436560136 36.1996110306163]
919,경북,구미,해평119안전센터,경상북도 구미시 해평면 강동로 1663,054-474-4119,[128.391099400293 36.1988933179385]
920,경북,구미,상림119안전센터,경상북도 구미시 상림로 45,054-465-9116,[128.360358338795 36.0900146719196]
921,경북,구미,옥계119안전센터,경상북도 구미시 산동면 산호대로41길 4,054-471-5119,[128.439443684298 36.1388358600764]
922,경북,영주,문수119안전센터,경상북도 영주시 문수면 적서로448번길 17,054-630-0401,[128.633121885404 36.7919759999712]
923,경북,영주,가흥119안전센터,경상북도 영주시 선비로 181,054-630-0441,[128.619011474167 36.8207832045621]
924,경북,영주,풍기119안전센터,경상북도 영주시 풍기읍 기주로 159,054-630-0411,[128.519081766731 36.873234041835]
925,경북,영주,봉화119안전센터,경상북도 봉화군 봉화읍 문수로 42,054-630-0421,[128.735760798053 36.9001890901319]
926,경북,영주,춘양119안전센터,경상북도 봉화군 춘양면 소천로 22,054-630-0431,[128.920948618578 36.9217777651533]
927,경북,영주,명호119안전센터,경상북도 봉화군 명호면 도천길 18-46,054-630-0451,[128.9017806103 36.8582247757022]
928,경북,영천,동부119안전센터,경상북도 영천시 호국로 187,054-339-6901,[128.957861366269 35.9776356060849]
929,경북,영천,남부119안전센터,경상북도 영천시 한방로 176-0,054-339-6942,[128.947281768117 35.9389341057518]
930,경북,영천,금호119안전센터,경상북도 영천시 금호읍 오계공단길 5,054-339-6911,[128.887565907491 35.9137904542333]
931,경북,영천,신녕119안전센터,경상북도 영천시 신녕면 어릿골길 11,054-339-6921,[128.778902776607 36.0438880294344]
932,경북,상주,서성119안전센터,경상북도 상주시 상산로 322,054-530-3802,[128.159536212948 36.4196352874884]
933,경북,상주,함창119안전센터,경상북도 상주시 함창읍 가야로 46-1,054-530-3810,[128.178392974115 36.5664732877647]
934,경북,상주,청리119안전센터,경상북도 상주시 청리면 마공공단로 152,054-530-3820,[128.126084035105 36.3185293440531]
935,경북,상주,화서119안전센터,경상북도 상주시 화서면 상현무동길 5,054-530-3830,[127.948054117454 36.4463518241312]
936,경북,문경,점촌119안전센터,경상북도 문경시 중앙로 305,054-555-2119,[128.209543173171 36.6100851919393]
937,경북,문경,모전119안전센터,경상북도 문경시 모전로 173,054-555-5119,[128.187984875447 36.5963287614294]
938,경북,문경,가은119안전센터,경상북도 문경시 가은읍 가은로 126,054-571-5119,[128.062684532972 36.6422224173453]
939,경북,문경,문경119안전센터,경상북도 문경시 문경읍 새재로 501,054-571-0119,[128.102529719044 36.734819727557]
940,경북,경산,압량119안전센터,경상북도 경산시 압량읍 김유신로 12,053-813-1119,[128.769710248433 35.8384638503274]
941,경북,경산,중앙119안전센터,경상북도 경산시 장산로 143,053-813-0119,[128.74077341012 35.8187285703387]
942,경북,경산,중산119안전센터,경상북도 경산시 펜타힐즈4로 1,053-817-1191,[128.719589575296 35.8308663256105]
943,경북,경산,하양119안전센터,경상북도 경산시 하양읍 대경로 793,053-852-0119,[128.825771901657 35.9151376297434]
945,경북,경산,자인119안전센터,경상북도 경산시 자인면 금학로 25-11,053-857-2119,[128.826186828424 35.8214875406256]
947,경북,의성,의성119안전센터,경상북도 의성군 의성읍 홍술로 187,054-834-7119,[128.699140837471 36.3582669409566]
948,경북,의성,안계119안전센터,경상북도 의성군 안계면 안계길 100,054-861-0119,[128.441022523713 36.3827113241952]
949,경북,의성,군위119안전센터,경상북도 군위군 군위읍 군위공단길 65,054-383-0119,[128.560419266803 36.2075740673905]
950,경북,의성,의흥119안전센터,경상북도 군위군 의흥면 읍내길 23,054-382-7119,[128.713969534986 36.1767091622202]
951,경북,영덕,영덕119안전센터,경상북도 영덕군 영덕읍 경동로 8401,054-730-1600,[129.371005635834 36.4167056350812]
952,경북,영덕,강구119안전센터,경상북도 영덕군 강구면 강산로 38,054-730-1610,[129.374743941336 36.3513746281057]
953,경북,영덕,영해119안전센터,경상북도 영덕군 영해면 창수영해로 481,054-730-1620,[129.395744423015 36.5423929461126]
954,경북,청도,청도119안전센터,경상북도 청도군 청도읍 중앙로 192-34,054-373-0119,[128.763171816443 35.6482102092262]
955,경북,청도,풍각119안전센터,경상북도 청도군 풍각면 송서로 64,054-372-2119,[128.617756696482 35.6388737606515]
956,경북,청도,금천119안전센터,경상북도 청도군 금천면 청려로 4363,054-372-3119,[128.895211087607 35.6900320765226]
957,경북,고령,대가야119안전센터,경상북도 고령군 대가야읍 벽화길18,054-950-8100,[128.268697701522 35.7240226227442]
958,경북,고령,다산119안전센터,경상북도 고령군 다산면 다산로 506,054-950-8110,[128.434972526967 35.8152430704121]
959,경북,성주,성주119안전센터,경상북도 성주군 성주읍 주산로 193,054-933-0119,[128.304816906294 35.9340004822943]
960,경북,성주,선남119안전센터,경상북도 성주군 선남면 도성3길 39-17,054-931-3370,[128.366731832857 35.8823773018661]
961,경북,칠곡,왜관119안전센터,경상북도 칠곡군 기산면 칠곡대로 1216,054-970-2800,[128.388068797121 35.9956400828997]
962,경북,칠곡,북삼119안전센터,경상북도 칠곡군 북삼읍 안산2길 46,054-970-2810,[128.33737687325 36.0668286359458]
963,경북,칠곡,석적119안전센터,경상북도 칠곡군 석적읍 유학로 140,054-970-2840,[128.423801367666 36.0735476071222]
964,경북,칠곡,금산119안전센터,경상북도 칠곡군 왜관읍 공단로 194,054-970-2827,[128.417081936691 35.9677825570407]
965,경북,칠곡,가산119안전센터,경상북도 칠곡군 가산면 다부원1길 57,054-970-2837,[128.520497260269 36.0458615506672]
966,경북,칠곡,동명119안전센터,경상북도 칠곡군 동명면 한티로 216,054-970-2850,[128.577233895938 35.9802548771199]
967,경북,예천,예천119안전센터,경상북도 예천군 예천읍 양궁로 61-12,054-650-3600,[128.463414975397 36.6481508023558]
968,경북,예천,지보119안전센터,경상북도 예천군 지보면 지보로 247,054-650-3610,[128.382810817091 36.5385408081694]
969,경북,예천,도청119안전센터,경상북도 예천군 호명면 도청대로 19,054-650-3620,[128.467944691015 36.5758435870986]
970,경북,울진,울진119안전센터,경상북도 울진군 울진읍 울진북로 508,054-780-1401,[129.394576123661 36.9934402559946]
971,경북,울진,죽변119안전센터,경상북도 울진군 죽변면 하죽로 1841,054-780-1411,[129.412520751642 37.0548287615873]
972,경북,울진,북면119안전센터,경상북도 울진군 북면 장터길 69,054-780-1450,[129.375217125764 37.1027301851346]
973,경북,울진,후포119안전센터,경상북도 울진군 후포면 실배길 28-1,054-780-1423,[129.445222735434 36.6891566680962]
974,경북,울진,온정119안전센터,경상북도 울진군 온정면 백암온천로 1315,054-780-1431,[129.347544756163 36.721141409695]
975,경남,진주,상대119안전센터,경상남도 진주시 동진로 249,055-760-9360,[128.11847357055 35.180370199356]
977,경남,진주,천전119안전센터,경상남도 진주시 강남로 167번길 16,055-760-9380,[128.094085495375 35.1828547887809]
978,경남,진주,평거119안전센터,경상남도 진주시 순환로 565,055-760-9390,[128.058798697476 35.1741132059132]
979,경남,진주,문산119안전센터,경상남도 진주시 문산읍 월아산로 979,055-760-9400,[128.163599098012 35.1587789377568]
980,경남,진주,금산119안전센터,경상남도 진주시 금산면 중천리 585-2,055-760-9440,[128.133880030427 35.2117009521717]
981,경남,통영,죽림119안전센터,경상남도 통영시 광도면 죽림4로 49,055-640-9361,[128.419017468271 34.8835287072292]
982,경남,통영,무전119안전센터,경상남도 통영시 원문로 71,055-640-9422,[128.420761649746 34.8592139045362]
983,경남,통영,서호119안전센터,경상남도 통영시 중앙로 91-8,055-640-9372,[128.419222116385 34.8423391020534]
984,경남,통영,도남119안전센터,경상남도 통영시 도남로257,055-640-9380,[128.432251534339 34.8283404402397]
985,경남,사천,동금119안전센터,경상남도 사천시 남일로 29,055-830-9400,[128.079760850576 34.9331396362317]
986,경남,사천,사천119안전센터,경상남도 사천시 사천읍 무산로 21,055-830-9420,[128.087711002488 35.0876714418732]
987,경남,사천,사남119안전센터,경상남도 사천시 사남면 공단2로 53,055-830-9410,[128.067095039812 35.0638939781766]
988,경남,사천,곤양119안전센터,경상남도 사천시 곤양면 곤북로 64,055-850-9430,[127.954291216341 35.0555262065095]
989,경남,김해동부,삼정119안전센터,경상남도 김해시 김해대로 2507,055-320-9360,[128.90139721989 35.2285973748818]
990,경남,김해동부,동상119안전센터,경상남도 김해시 구지로 179,055-320-9370,[128.882867252074 35.2388518764646]
991,경남,김해동부,내외119안전센터,경상남도 김해시 내외로 77,055-320-9380,[128.865503374838 35.2349618645055]
992,경남,김해동부,상동119안전센터,경상남도 김해시 상동면 상동로 637,055-320-9390,[128.93786890438 35.3120169445789]
993,경남,김해동부,생림119안전센터,경상남도 김해시 생림면 봉림로 106,055-320-9400,[128.847321467808 35.3337230054088]
994,경남,김해동부,북부119안전센터,경상남도 김해시 해반천로 166,055-320-9410,[128.867607201053 35.2629272517379]
995,경남,김해동부,대동119안전센터,경상남도 김해시 대동면 동남로 41번길 19,055-320-9420,[128.993209113966 35.2353941111661]
996,경남,김해서부,진례119안전센터,경상남도 김해시 진례면 서부로 730,055-344-9370,[128.755134346813 35.2379529418178]
997,경남,김해서부,장유119안전센터,경상남도 김해시 번화2로 12,055-344-9360,[128.806265511633 35.1901911524639]
998,경남,김해서부,진영119안전센터,경상남도 김해시 진영읍 장등로 4,055-344-9380,[128.735351270333 35.3066384048935]
999,경남,김해서부,주촌119안전센터,경상남도 김해시 주촌면 주선로 29,055-344-9390,[128.8454266139 35.2349863962381]
1000,경남,김해서부,한림119안전센터,경상남도 김해시 한림면 한림로 401번길 50,055-344-9410,[128.800390549518 35.323250599869]
1001,경남,김해서부,율하119안전센터,경상남도 김해시 율하4로 112,055-344-9420,[128.823749217794 35.17638056175]
1002,경남,밀양,교동119안전센터,경상남도 밀양시 밀양대공원로 66,055-350-9360,[128.758719078871 35.4998796127552]
1003,경남,밀양,가곡119안전센터,경상남도 밀양시 용두로 5,055-350-9374,[128.764787272186 35.4785888844849]
1004,경남,밀양,하남119안전센터,경상남도 밀양시 하남읍 명례로 108,055-350-9385,[128.733157919494 35.3684259132007]
1005,경남,밀양,삼랑진119안전센터,경상남도 밀양시 삼랑진읍 삼랑진로 16-3,055-350-9394,[128.822859278975 35.3840409759692]
1006,경남,밀양,산동119안전센터,경상남도 밀양시 산외면 단산길 2,055-350-9402,[128.839801063584 35.5106523127115]
1007,경남,밀양,무안119안전센터,경상남도 밀양시 무안면 사명로 541,055-350-9412,[128.652400129414 35.4731171376245]
1008,경남,거제,옥포119안전센터,경상남도 거제시 진목로 1,055-689-9361,[128.686169060831 34.8961398353134]
1009,경남,거제,장승포119안전센터,경상남도 거제시 능포로 77,055-689-9370,[128.729100303181 34.8715094783023]
1010,경남,거제,신현119안전센터,경상남도 거제시 계룡로 52,055-689-9380,[128.626860019633 34.8757913527256]
1011,경남,거제,거제119안전센터,경상남도 거제시 거제면 거제남서로 3429,055-689-9400,[128.589036017517 34.8472586669458]
1012,경남,거제,연초119안전센터,경상남도 거제시 연초면 거제북로1,055-689-9410,[128.652641289026 34.9122746317328]
1013,경남,거제,동부119안전센터,경상남도 거제시 동부면 거제대로 957,055-689-9420,[128.64131283801 34.7753738548093]
1014,경남,거제,사등119안전센터,경상남도 거제시 사등면 덕호해안길 63 ,055-689-9430,[128.476427253446 34.8795259955318]
1015,경남,양산,물금119안전센터,경상남도 양산시 물금읍 황산로 719,055-379-9360,[129.010028157045 35.334037727195]
1016,경남,양산,중앙119안전센터,경상남도 양산시 신기로 13,055-379-9370,[129.042448805706 35.3521171141371]
1017,경남,양산,웅상119안전센터,경상남도 양산시 웅상대로 1120,055-379-9380,[129.162494405163 35.3979832008003]
1018,경남,양산,하북119안전센터,경상남도 양산시 하북면 양산대로 2255-38,055-379-9390,[129.080179007249 35.4631404563117]
1019,경남,양산,중부119안전센터,경상남도 양산시 양산역 6길 27,055-379-9330,[129.028981107572 35.3372820514857]
1020,경남,양산,평산119안전센터,경상남도 양산시 내연4길 9,055-379-9320,[129.146844596229 35.375022332193]
1021,경남,양산,상북119안전센터,경상남도 양산시 석계로 37,055-379-9420,[129.064796864001 35.4148702810707]
1022,경남,의령,의령119안전센터,경상남도 의령군 의령읍 의병로 108-17,055-570-9310,[128.248332211555 35.3195841685313]
1023,경남,의령,부림119안전센터,경상남도 의령군 부림면 대한로 1666,055-570-9320,[128.314713909678 35.4637115247197]
1024,경남,함안,가야119안전센터,경상남도 함안군 가야읍 선왕길 59,055-580-9300,[128.399985659108 35.2862017245989]
1025,경남,함안,칠원119안전센터,경상남도 함안군 칠원읍 용산2길 121,055-580-9330,[128.513848003021 35.3118364519425]
1026,경남,함안,군북119안전센터,경상남도 함안군 군북면 함마대로 760,055-580-9340,[128.343283275395 35.2645620634309]
1027,경남,창녕,창녕119안전센터,경상남도 창녕군 대지면 우포2로 1097,055-259-9360,[128.479127234115 35.5504486992367]
1028,경남,창녕,남지119안전센터,경상남도 창녕군 남지읍 동포로 64,055-259-9370,[128.480909566495 35.3949422043418]
1029,경남,창녕,영산119안전센터,경상남도 창녕군 영산면 영산장마로 697,055-259-9330,[128.520487261049 35.4593117791752]
1030,경남,창녕,부곡119안전센터,경상남도 창녕군 부곡면 원앙로 184,055-259-9380,[128.588610184614 35.4377281701604]
1031,경남,고성,고성119안전센터,경상남도 고성군 고성읍 남해안대로 2670,055-670-9310,[128.330592349279 34.981132312851]
1033,경남,고성,거류119안전센터,경상남도 고성군 거류면 봉암 1길 9,055-670-9340,[128.402900457812 35.0011933577984]
1034,경남,남해,남해119안전센터,경상남도 남해군 남해읍 스포츠로 81,055-860-9360,[127.892687672548 34.8295889565565]
1035,경남,남해,삼동119안전센터,경상남도 남해군 삼동면 동부대로 1795,055-860-9370,[128.006133146284 34.829655861184]
1036,경남,남해,미조119안전센터,경상남도 남해군 미조면 동부대로 25,055-860-9330,[128.032642497909 34.7304975951367]
1037,경남,하동,금성119안전센터,경상남도 하동군 금성면 금성로 15,055-880-9320,[127.79554193032 34.9778823311712]
1038,경남,하동,하동119안전센터,경상남도 하동군 적량면 공설운동장로 169,055-880-9360,[127.774331832159 35.0622707196415]
1039,경남,하동,진교119안전센터,경상남도 하동군 진교면 진양로 27,055-880-9370,[127.901340778657 35.0253035344238]
1040,경남,하동,화개119안전센터,경상남도 하동군 화개면 쌍계로58 ,055-880-9330,[127.626804954252 35.1916621428994]
1041,경남,산청,산청119안전센터,경상남도 산청군 산청읍 중앙로 76-7,055-970-9310,[127.883456642555 35.415243276797]
1042,경남,산청,단성119안전센터,경상남도 산청군 단성면 사직단로 447-8,055-970-9320,[127.958331211189 35.2978050689945]
1043,경남,함양,함양119안전센터,경상남도 함양군 함양읍 고운로 161-41,055-960-9310,[127.742029646764 35.5238719717453]
1044,경남,함양,안의119안전센터,경상남도 함양군 안의면 금성길 19,055-960-9320,[127.810365352407 35.629164645639]
1045,경남,거창,대평119안전센터,경상남도 거창군 거창읍 거함대로 3324,055-940-9361,[127.923453467851 35.6776118549455]
1046,경남,거창,위천119안전센터,경상남도 거창군 위천면 원학길 321,055-940-9371,[127.832688102424 35.7492412117349]
1047,경남,거창,가조119안전센터,경상남도 거창군 가조면 마상3길 32,055-940-9381,[128.016500308856 35.7115185185747]
1048,경남,합천,합천119안전센터,경상남도 합천군 합천읍 인덕로 2453,055-930-9306,[128.148537456579 35.5728082963192]
1049,경남,합천,초계119안전센터,경상남도 합천군 초계면 양동로 6-16,055-930-9325,[128.261649508198 35.5568996138249]
1050,경남,합천,북부119안전센터,경상남도 합천군 야로면 월광리 241-4,055-930-9355,[128.156690156773 35.734286624858]
1051,경남,합천,삼가119안전센터,경상남도 합천군 삼가면 삼가로 287,055-930-9316,[128.119975589746 35.4084501162534]
1052,제주,제주,이도119안전센터,제주특별자치도 제주시 중앙로 342,064-756-1175,[126.53665931458 33.4908890396985]
1053,제주,제주,삼도119안전센터,제주특별자치도 제주시 탑동로 101,064-756-4258,[126.517102714754 33.5158569747162]
1054,제주,제주,오라119안전센터,제주특별자치도 제주시 서광로2길 24,064-756-1176,[126.518797458105 33.4950621500521]
1055,제주,제주,연동119안전센터,제주특별자치도 제주시 문송길 14,064-743-2119,[126.497113121685 33.4885235309114]
1056,제주,제주,항만119안전센터,제주특별자치도 제주시 임항로 146,064-756-1178,[126.539070333762 33.5200945592869]
1057,제주,제주,화북119안전센터,제주특별자치도 제주시 동화로1길 3,064-726-6119,[126.573496162919 33.5194277237866]
1058,제주,제주,노형119안전센터,제주특별자치도 제주시 광평동로 2,064-742-5119,[126.472241811692 33.4810852092011]
1059,제주,제주,외도119안전센터,제주특별자치도 제주시 통물길 75,064-749-7333,[126.437508964448 33.4866347253285]
1060,제주,제주,아라119안전센터,제주특별자치도 제주시 사송길 116,064-721-5119,[126.565761919892 33.4680431087031]
1061,제주,서귀포,대신119안전센터,제주특별자치도 서귀포시 서호남로 20(법환동),064-739-0119,[126.514096949079 33.2495630573421]
1062,제주,서귀포,동홍119안전센터,제주특별자치도 서귀포시 서홍로 14(서홍동),064-762-1119,[126.553267787488 33.2491856317167]
1063,제주,서귀포,중문119안전센터,제주특별자치도 서귀포시 일주서로 669(회수동),064-738-0119,[126.438011958918 33.2541414874689]
1064,제주,서귀포,효돈119안전센터,제주특별자치도 서귀포시 일주동로 8234(신효동),064-767-2119,[126.607759221577 33.2607823704045]
1065,제주,서부,한림119안전센터,제주특별자치도 제주시 한림읍 한림중앙로 150,064-796-2119,[126.270278371374 33.4025227906394]
1066,제주,서부,애월119안전센터,제주특별자치도 제주시 애월읍 일주서로 6513,064-799-3119,[126.348761047496 33.4666644100904]
1067,제주,서부,대정119안전센터,제주특별자치도 서귀포시 대정읍 일주서로 2717,064-794-1119,[126.24085537673 33.2325148792789]
1068,제주,서부,한경119안전센터,제주특별자치도 제주시 한경면 일주서로 4218,064-773-0119,[126.18289456791 33.3426136820047]
1069,제주,서부,안덕119안전센터,제주특별자치도 서귀포시 안덕면 화순서서로 2,064-794-9119,[126.330857823546 33.2512032213501]
1070,제주,서부,영어교육도시119안전센터,제주특별자치도 서귀포시 대정읍 에듀시티로 238,064-792-5119,[126.273274761791 33.2789362501311]
1071,제주,동부,성산119안전센터,제주특별자치도 서귀포시 성산읍 일주동로 4120번길 7,064-782-0119,[126.909648974203 33.4602889421094]
1072,제주,동부,구좌119안전센터,제주특별자치도 제주시 구좌읍 세화14길 8,064-783-0119,[126.860089697178 33.520306207027]
1073,제주,동부,조천119안전센터,제주특별자치도 제주시 조천읍 신북로 337,064-782-6119,[126.646877231961 33.5410795156401]
1074,제주,동부,남원119안전센터,제주특별자치도 서귀포시 남원읍 남원체육관로221번길 23,064-764-0119,[126.708432427227 33.2814930700222]
1075,제주,동부,표선119안전센터,제주특별자치도 서귀포시 표선면 표선관정로 39-16,064-787-0119,[126.827721998037 33.3271672192491]
1076,창원,진해,풍호119안전센터,경상남도 창원시 진해구 진해대로 1101,055-548-9460,[128.710235537961 35.131470934474]
1077,창원,진해,대흥119안전센터,경상남도 창원시 진해구 백구로 72,055-548-9360,[128.65843421276 35.1510381077888]
1078,창원,진해,이동119안전센터,경상남도 창원시 진해구 충장로 434,055-548-9370,[128.69742516319 35.1499169877676]
1079,창원,진해,웅동119안전센터,경상남도 창원시 진해구 남의로 11,055-548-9380,[128.78306416174 35.1157976276246]
1080,창원,진해,용원119안전센터,경상남도 창원시 진해구 용원로 43,055-548-9390,[128.814112050876 35.0999023620793]
1081,창원,창원,소답119안전센터,경상남도 창원시 의창구 의안로44번길 5,055-225-9360,[128.624617898192 35.2657131054034]
1082,창원,창원,봉곡119안전센터,경상남도 창원시 봉곡동 지귀로 127,055-225-9370,[128.65864207113 35.2451367024876]
1083,창원,창원,차룡119안전센터,경상남도 창원시 의창구 창원대로204번길 15,055-225-9380,[128.622899564933 35.2429116847119]
1084,창원,창원,동읍119안전센터,경상남도 창원시 의창구 동읍 동읍로71번길 14-14,055-225-9390,[128.682624932743 35.2810610183207]
1085,창원,창원,북면119안전센터,경상남도 창원시 의창구 북면 감계로110번길 54-36,055-225-9400,[128.594902545302 35.3011048795351]
1086,창원,창원,대산119안전센터,경상남도 창원시 의창구 대산면 봉강가술로 583,055-225-9410,[128.705787629659 35.3334169572778]
1088,창원,창원,외동119안전센터,경상남도 창원시 성산구 삼동로128번길 19,055-211-9385,[128.657881347389 35.224332611941]
1089,창원,창원,가음정119안전센터,경상남도 창원시 성산구 대정로 39,055-211-9372,[128.698564219559 35.2078512540519]
1091,창원,창원,웅남119안전센터,경상남도 창원시 성산구 봉양로 406,055-211-9462,[128.626978758404 35.2077268840801]
1092,창원,마산,중앙119안전센터,경상남도 창원시 마산합포구 제2부두로 55,055-249-9365,[128.574853549853 35.1981257316247]
1094,창원,마산,삼진119안전센터,경상남도 창원시 마산합포구 진북면 산단1길 29-30,055-249-9390,[128.483743258038 35.1416783661962]
1095,창원,마산,석전119안전센터,경상남도 창원시 마산회원구 양덕옛1길 62,055-249-9407,[128.575588916094 35.2273307402445]
1096,창원,마산,양봉119안전센터,경상남도 창원시 마산회원구 자유무역1길 22,055-249-9412,[128.589000992779 35.2120223205475]
1097,창원,마산,구암119안전센터,경상남도 창원시 마산회원구 팔용로 260,055-249-9420,[128.599298212327 35.248318329725]
1098,창원,마산,내서119안전센터,경상남도 창원시 마산회원구 내서읍 중리공단로 104,055-249-9430,[128.509684452366 35.2402020292591]
1099,창원,마산,호계119안전센터,경상남도 창원시 마산회원구 내서읍 호계본동3길 59-10,055-249-9444,[128.520819830236 35.2677183649852]
1100,창원,마산,구산119안전센터,경상남도 창원시 마산합포구 구산면 해양관광로 1401,055-249-9450,[128.582779640398 35.0916514042775]
