번호,관리기관명,소재지도로명주소,소재지지번주소,설치목적구분,카메라대수,카메라화소수,촬영방면정보,보관일수,설치연월,관리기관전화번호,WGS84위도,WGS84경도,데이터기준일자
1,부산광역시 사하구청,부산광역시 사하구 하신중앙로17번길_27,부산광역시 사하구 장림동 1143,다목적,1,200,360도 전방면,30,2016-11,051-220-4344,35.080571,128.961338,2023-02-16
2,부산광역시 사하구청,부산광역시 사하구 장평로135번길_21,부산광역시 사하구 장림동 608-52,다목적,1,200,360도 전방면,30,2016-11,051-220-4344,35.078774,128.972097,2023-02-16
3,부산광역시 사하구청,부산광역시 사하구 장평로71번길_50,부산광역시 사하구 장림동 566-9,다목적,1,200,360도 전방면,30,2016-11,051-220-4344,35.070799,128.970949,2023-02-16
4,부산광역시 사하구청,부산광역시 사하구 장평로125번길_125,부산광역시 사하구 장림동 625-23,다목적,1,200,360도 전방면,30,2016-11,051-220-4344,35.078661,128.96992,2023-02-16
5,부산광역시 사하구청,부산광역시 사하구 다대로257번길 5,부산광역시 사하구 장림동 241-2,다목적,1,200,360도 전방면,30,2016-11,051-220-4344,35.079671,128.978228,2023-02-16
6,부산광역시 사하구청,부산광역시 사하구 동매로66번길_6,부산광역시 사하구 하단동 381-2,다목적,1,200,360도 전방면,30,2016-11,051-220-4344,35.102415,128.96543,2023-02-16
7,부산광역시 사하구청,부산광역시 사하구 괴정로 28,부산광역시 사하구 하단동 403-1,다목적,1,200,360도 전방면,30,2016-11,051-220-4344,35.103176,128.967104,2023-02-16
8,부산광역시 사하구청,부산광역시 사하구 낙동대로457번길_52,부산광역시 사하구 하단동 612,다목적,1,200,360도 전방면,30,2016-11,051-220-4344,35.104401,128.965928,2023-02-16
9,부산광역시 사하구청,부산광역시 사하구 동매로92번길_21,부산광역시 사하구 하단동 320-11,다목적,1,200,360도 전방면,30,2016-11,051-220-4344,35.101404,128.968259,2023-02-16
10,부산광역시 사하구청,부산광역시 사하구 낙동대로519번길_8,부산광역시 사하구 하단동 483,다목적,1,200,360도 전방면,30,2016-11,051-220-4344,35.110336,128.964951,2023-02-16
11,부산광역시 사하구청,부산광역시 사하구 낙동남로1347번길_25,부산광역시 사하구 하단동 884,다목적,1,200,360도 전방면,30,2016-11,051-220-4344,35.107772,128.959279,2023-02-16
12,부산광역시 사하구청,부산광역시 사하구 낙동남로 1356-3,부산광역시 사하구 하단동 870-98,다목적,2,200,360도 전방면,30,2016-11,051-220-4344,35.105225,128.960614,2023-02-16
13,부산광역시 사하구청,부산광역시 사하구 하신번영로300번길100-8,부산광역시 사하구 하단동 515-18,다목적,1,200,360도 전방면,30,2016-11,051-220-4344,35.107362,128.964557,2023-02-16
14,부산광역시 사하구청,부산광역시 사하구 하신번영로380번길_22,부산광역시 사하구 하단동 480,다목적,1,200,360도 전방면,30,2016-11,051-220-4344,35.113789,128.961112,2023-02-16
15,부산광역시 사하구청,부산광역시 사하구 낙동대로474번길_9,부산광역시 사하구 하단동 530-29,다목적,1,200,360도 전방면,30,2016-11,051-220-4344,35.107223,128.96876,2023-02-16
16,부산광역시 사하구청,부산광역시 사하구 승학로_256,부산광역시 사하구 괴정동 1026-81,다목적,3,200,360도 전방면,30,2016-11,051-220-4344,35.1022895,128.992458,2023-02-16
17,부산광역시 사하구청,부산광역시 사하구 구평동 63-14,부산광역시 사하구 구평동 63-14,다목적,1,200,360도 전방면,30,2016-11,051-220-4344,35.0859309,128.9896202,2023-02-16
18,부산광역시 사하구청,부산광역시 사하구 다대로130번안길_36-14,부산광역시 사하구 신평동 13-27,다목적,1,200,360도 전방면,30,2016-11,051-220-4344,35.094036,128.9775744,2023-02-16
19,부산광역시 사하구청,부산광역시 사하구 낙동남로_1379,부산광역시 사하구 하단동 524-44,다목적,1,200,360도 전방면,30,2016-11,051-220-4344,35.1064434,128.9630382,2023-02-16
20,부산광역시 사하구청,부산광역시 사하구 옥천로24번길_33,부산광역시 사하구 감천동 20-108,다목적,1,200,360도 전방면,30,2016-11,051-220-4344,35.089746,129.006772,2023-02-16
21,부산광역시 사하구청,부산광역시 사하구 감천로139번길_84,부산광역시 사하구 감천동 20-63,다목적,1,200,360도 전방면,30,2016-11,051-220-4344,35.090271,129.006911,2023-02-16
22,부산광역시 사하구청,부산광역시 사하구 옥천로54번길_39,부산광역시 사하구 감천동 26-9,다목적,1,200,360도 전방면,30,2016-11,051-220-4344,35.090189,129.008635,2023-02-16
23,부산광역시 사하구청,부산광역시 사하구 감내1로10번길 8,부산광역시 사하구 감천동 26-33,다목적,1,200,360도 전방면,30,2016-11,051-220-4344,35.090384,129.008888,2023-02-16
24,부산광역시 사하구청,부산광역시 사하구 옥천로70번길_92,부산광역시 사하구 감천동 13-1277,다목적,1,200,360도 전방면,30,2016-11,051-220-4344,35.092444,129.011088,2023-02-16
25,부산광역시 사하구청,부산광역시 사하구 옥천로_31-8,부산광역시 사하구 감천동 551-9,다목적,1,200,360도 전방면,30,2016-11,051-220-4344,35.090728,129.005949,2023-02-16
26,부산광역시 사하구청,부산광역시 사하구 옥천로70번길_23,부산광역시 사하구 감천동 13-1499,다목적,1,200,360도 전방면,30,2016-11,051-220-4344,35.09262,129.009525,2023-02-16
27,부산광역시 사하구청,부산광역시 사하구 감내1로_144,부산광역시 사하구 감천동 12-303,다목적,1,200,360도 전방면,30,2016-11,051-220-4344,35.094321,129.008426,2023-02-16
28,부산광역시 사하구청,부산광역시 사하구 감내1로 135-2,부산광역시 사하구 감천동 12-416,다목적,1,200,360도 전방면,30,2016-11,051-220-4344,35.094212,129.008004,2023-02-16
29,부산광역시 사하구청,부산광역시 사하구 감내1로163번길_1,부산광역시 사하구 감천동 12-15,다목적,1,200,360도 전방면,30,2016-11,051-220-4344,35.095302,129.008524,2023-02-16
30,부산광역시 사하구청,부산광역시 사하구 감내2로_60,부산광역시 사하구 감천동 11-90,다목적,1,200,360도 전방면,30,2016-11,051-220-4344,35.095801,129.007123,2023-02-16
31,부산광역시 사하구청,부산광역시 사하구 감내1로175번길_102,부산광역시 사하구 감천동 6-1923,다목적,1,200,360도 전방면,30,2016-11,051-220-4344,35.097388,129.008427,2023-02-16
32,부산광역시 사하구청,부산광역시 사하구 감내2로_187-5,부산광역시 사하구 감천동 2-7,다목적,1,200,360도 전방면,30,2016-11,051-220-4344,35.098179,129.010683,2023-02-16
33,부산광역시 사하구청,부산광역시 사하구 감내2로_165,부산광역시 사하구 감천동 2-5,다목적,1,200,360도 전방면,30,2016-11,051-220-4344,35.099035,129.009617,2023-02-16
34,부산광역시 사하구청,부산광역시 사하구 감내2로_150,부산광역시 사하구 감천동 2-190,다목적,1,200,360도 전방면,30,2016-11,051-220-4344,35.098472,129.009118,2023-02-16
35,부산광역시 사하구청,부산광역시 사하구 하단2동 1151-8,부산광역시 사하구 하단2동 1151-8,다목적,2,200,360도 전방면,30,2016-11,051-220-4344,35.1082844,128.9457178,2023-02-16
36,부산광역시 사하구청,부산광역시 사하구 하단1동 1149-13,부산광역시 사하구 하단1동 1149-13,다목적,2,200,360도 전방면,30,2016-11,051-220-4344,35.1077314,128.9472467,2023-02-16
37,부산광역시 사하구청,부산광역시 사하구 장평로 320,부산광역시 사하구 신평1동 10-91,다목적,1,200,360도 전방면,30,2022-09,051-220-4344,35.0935927,128.9751256,2023-02-16
38,부산광역시 사하구청,부산광역시 사하구 장평로 320,부산광역시 사하구 신평1동 10-91,다목적,1,200,360도 전방면,30,2022-09,051-220-4344,35.0935927,128.9751256,2023-02-16
39,부산광역시 사하구청,부산광역시 사하구 장평로 320,부산광역시 사하구 신평1동 10-91,다목적,1,200,360도 전방면,30,2022-09,051-220-4344,35.0935927,128.9751256,2023-02-16
40,부산광역시 사하구청,부산광역시 사하구 장평로 320,부산광역시 사하구 신평1동 10-91,다목적,1,200,360도 전방면,30,2022-09,051-220-4344,35.0935927,128.9751256,2023-02-16
41,부산광역시 사하구청,부산광역시 사하구 장평로326번길 13,부산광역시 사하구 신평1동 11-125,다목적,1,200,360도 전방면,30,2016-06,051-220-4344,35.093799,128.9757961,2023-02-16
42,부산광역시 사하구청,부산광역시 사하구 장평로326번길 5,부산광역시 사하구 신평1동 11-89,다목적,1,200,360도 전방면,30,2016-06,051-220-4344,35.0935971,128.9758551,2023-02-16
43,부산광역시 사하구청,부산광역시 사하구 원양로 382,부산광역시 사하구 감천동 385,다목적,3,200,360도 전방면,30,2016-09,051-220-4344,35.0846316,129.0058744,2023-02-16
44,부산광역시 사하구청,부산광역시 사하구 원양로 348,부산광역시 사하구 감천동 381,다목적,3,200,360도 전방면,30,2016-09,051-220-4344,35.0818397,129.0057135,2023-02-16
45,부산광역시 사하구청,부산광역시 사하구 원양로 310,부산광역시 사하구 원양로 310,다목적,3,200,360도 전방면,30,2016-09,051-220-4344,35.0787053,129.0057671,2023-02-16
46,부산광역시 사하구청,부산광역시 사하구 다대동 1621-1,부산광역시 사하구 다대동 1621-1,다목적,1,200,360도 전방면,30,2017-08,051-220-4344,35.0612228,128.9610688,2023-02-16
47,부산광역시 사하구청,부산광역시 사하구 다대동 1401,부산광역시 사하구 다대동 1401,다목적,1,200,360도 전방면,30,2017-08,051-220-4344,35.0613274,128.9620605,2023-02-16
48,부산광역시 사하구청,부산광역시 사하구 다대동 1021,부산광역시 사하구 다대동 1021,다목적,1,200,360도 전방면,30,2017-08,051-220-4344,35.0612939,128.9624997,2023-02-16
49,부산광역시 사하구청,부산광역시 사하구 다대동 1395,부산광역시 사하구 다대동 1395,다목적,1,200,360도 전방면,30,2017-08,051-220-4344,35.0616128,128.9624239,2023-02-16
50,부산광역시 사하구청,부산광역시 사하구 하신중앙로3번다길 3,부산광역시 사하구 장림동 961-14,다목적,1,200,360도 전방면,30,2017-12,051-220-4344,35.07717,128.96115,2023-02-16
51,부산광역시 사하구청,부산광역시 사하구 다산로 217,부산광역시 사하구 다대동 1501-2,다목적,1,200,360도 전방면,30,2017-12,051-220-4344,35.0723242,128.9553093,2023-02-16
52,부산광역시 사하구청,부산광역시 사하구 장림번영로28번길 70,부산광역시 사하구 장림동 859-1,다목적,1,200,360도 전방면,30,2017-12,051-220-4344,35.0776335,128.9673632,2023-02-16
53,부산광역시 사하구청,부산광역시 사하구 하신중앙로54번길 30,부산광역시 사하구 장림동 1033-14,다목적,1,200,360도 전방면,30,2017-12,051-220-4344,35.0846107,128.9680029,2023-02-16
54,부산광역시 사하구청,부산광역시 사하구 하신중앙로27번길 17,부산광역시 사하구 장림동 1146,다목적,1,200,360도 전방면,30,2017-12,051-220-4344,35.0815072,128.9628276,2023-02-16
55,부산광역시 사하구청,부산광역시 사하구 장림시장9길 108,부산광역시 사하구 장림동 640-110,다목적,1,200,360도 전방면,30,2017-12,051-220-4344,35.0797505,128.9675868,2023-02-16
56,부산광역시 사하구청,부산광역시 사하구 장림시장4길 68,부산광역시 사하구 장림동 641-220,다목적,1,200,360도 전방면,30,2017-12,051-220-4344,35.0808104,128.9669856,2023-02-16
57,부산광역시 사하구청,부산광역시 사하구 장림번영로37번길 9,부산광역시 사하구 장림동 325-36,다목적,1,200,360도 전방면,30,2017-12,051-220-4344,35.0811615,128.9693343,2023-02-16
58,부산광역시 사하구청,부산광역시 사하구 장림동 163-27,부산광역시 사하구 장림동 163-27,다목적,1,200,360도 전방면,30,2017-12,051-220-4344,35.082384,128.9750504,2023-02-16
59,부산광역시 사하구청,부산광역시 사하구 장평로336,부산광역시 사하구 신평동 14-1,다목적,1,200,360도 전방면,30,2017-12,051-220-4344,35.09472,128.9764,2023-02-16
60,부산광역시 사하구청,부산광역시 사하구 다대로 636,부산광역시 사하구 다대동 1552-2,다목적,1,200,360도 전방면,30,2020-09,051-220-4344,35.04954,128.969917,2023-02-16
61,부산광역시 사하구청,부산광역시 사하구 다대동로70번길 31,부산광역시 사하구 다대동 1446,다목적,1,200,360도 전방면,30,2020-09,051-220-4344,35.058003,128.975838,2023-02-16
62,부산광역시 사하구청,부산광역시 사하구 다대동로70번길 31,부산광역시 사하구 다대동 1446,다목적,1,200,360도 전방면,30,2020-09,051-220-4344,35.058003,128.975838,2023-02-16
63,부산광역시 사하구청,부산광역시 사하구 다대낙조2길 199,부산광역시 사하구 다대동 1550-3,다목적,1,200,360도 전방면,30,2020-09,051-220-4344,35.053008,128.968987,2023-02-16
64,부산광역시 사하구청,부산광역시 사하구 다대낙조2길 199,부산광역시 사하구 다대동 1550-3,다목적,1,200,360도 전방면,30,2020-09,051-220-4344,35.053008,128.968987,2023-02-16
65,부산광역시 사하구청,부산광역시 사하구 윤공단로75번길 43,부산광역시 사하구 다대동 1639,다목적,1,200,360도 전방면,30,2020-09,051-220-4344,35.058398,128.965822,2023-02-16
66,부산광역시 사하구청,부산광역시 사하구 윤공단로75번길 43,부산광역시 사하구 다대동 1639,다목적,1,200,360도 전방면,30,2020-09,051-220-4344,35.058398,128.965822,2023-02-16
67,부산광역시 사하구청,부산광역시 사하구 윤공단로75번길 43,부산광역시 사하구 다대동 1639,다목적,1,200,360도 전방면,30,2020-09,051-220-4344,35.058398,128.965822,2023-02-16
68,부산광역시 사하구청,부산광역시 사하구 다대로 605번길 17,부산광역시 사하구 다대동 680-23,다목적,1,200,360도 전방면,30,2020-09,051-220-4344,35.052529,128.973412,2023-02-16
69,부산광역시 사하구청,부산광역시 사하구 다대로 605번길 17,부산광역시 사하구 다대동 680-23,다목적,1,200,360도 전방면,30,2020-09,051-220-4344,35.052529,128.973412,2023-02-16
70,부산광역시 사하구청,부산광역시 사하구 두송로144번길 69,부산광역시 사하구 다대동 산 9,다목적,1,200,360도 전방면,30,2020-09,051-220-4344,35.070555,128.982087,2023-02-16
71,부산광역시 사하구청,부산광역시 사하구 두송로144번길 69,부산광역시 사하구 다대동 산 9,다목적,1,200,360도 전방면,30,2020-09,051-220-4344,35.070555,128.982087,2023-02-16
72,부산광역시 사하구청,부산광역시 사하구 두송로144번길 69,부산광역시 사하구 다대동 산 9,다목적,1,200,360도 전방면,30,2020-09,051-220-4344,35.070555,128.982087,2023-02-16
73,부산광역시 사하구청,부산광역시 사하구 두송로144번길 69,부산광역시 사하구 다대동 산 9,다목적,1,200,360도 전방면,30,2020-09,051-220-4344,35.070555,128.982087,2023-02-16
74,부산광역시 사하구청,부산광역시 사하구 다송로72번길 80,부산광역시 사하구 다대동 1572,다목적,1,200,360도 전방면,30,2020-09,051-220-4344,35.059697,128.979407,2023-02-16
75,부산광역시 사하구청,부산광역시 사하구 다송로72번길 80,부산광역시 사하구 다대동 1572,다목적,1,200,360도 전방면,30,2020-09,051-220-4344,35.059697,128.979407,2023-02-16
76,부산광역시 사하구청,부산광역시 사하구 다송로72번길 80,부산광역시 사하구 다대동 1572,다목적,1,200,360도 전방면,30,2020-09,051-220-4344,35.059697,128.979407,2023-02-16
77,부산광역시 사하구청,부산광역시 사하구 다송로72번길 80,부산광역시 사하구 다대동 1572,다목적,1,200,360도 전방면,30,2020-09,051-220-4344,35.059697,128.979407,2023-02-16
78,부산광역시 사하구청,부산광역시 사하구 다대로 447,부산광역시 사하구 다대동 1432-8,다목적,1,200,360도 전방면,30,2020-09,051-220-4344,35.06323701,128.979444,2023-02-16
79,부산광역시 사하구청,부산광역시 사하구 다대로 447,부산광역시 사하구 다대동 1432-8,다목적,1,200,360도 전방면,30,2020-09,051-220-4344,35.0632370,128.979444,2023-02-16
80,부산광역시 사하구청,부산광역시 사하구 다대로 447,부산광역시 사하구 다대동 1432-8,다목적,1,200,360도 전방면,30,2020-09,051-220-4344,35.0632370,128.979444,2023-02-16
81,부산광역시 사하구청,부산광역시 사하구 다대동 1601,부산광역시 사하구 다대동 1601,다목적,1,200,360도 전방면,30,2020-09,051-220-4344,35.061399,128.987131,2023-02-16
82,부산광역시 사하구청,부산광역시 사하구 다대동 1601,부산광역시 사하구 다대동 1601,다목적,1,200,360도 전방면,30,2020-09,051-220-4344,35.061399,128.987131,2023-02-16
83,부산광역시 사하구청,부산광역시 사하구 다대로381번길 101,부산광역시 사하구 다대동 94-6,다목적,1,200,360도 전방면,30,2020-09,051-220-4344,35.06388,128.986394,2023-02-16
84,부산광역시 사하구청,부산광역시 사하구 다대로381번길 101,부산광역시 사하구 다대동 94-6,다목적,1,200,360도 전방면,30,2020-09,051-220-4344,35.06388,128.986394,2023-02-16
85,부산광역시 사하구청,부산광역시 사하구 다대로381번길 101,부산광역시 사하구 다대동 94-6,다목적,1,200,360도 전방면,30,2020-09,051-220-4344,35.06388,128.986394,2023-02-16
86,부산광역시 사하구청,부산광역시 사하구 다대로381번길 101,부산광역시 사하구 다대동 94-6,다목적,1,200,360도 전방면,30,2020-09,051-220-4344,35.06388,128.986394,2023-02-16
87,부산광역시 사하구청,부산광역시 사하구 감천동 140-2,부산광역시 사하구 감천동 140-2,다목적,1,200,360도 전방면,30,2020-11,051-220-4344,35.083823,129.00656,2023-02-16
88,부산광역시 사하구청,부산광역시 사하구 장림시장7길 115,부산광역시 사하구 장림2동 638-11,다목적,1,200,360도 전방면,30,2018-12,051-220-4344,35.080031,128.967926,2023-02-16
89,부산광역시 사하구청,부산광역시 사하구 오작로3번길 32,부산광역시 사하구 괴정3동 441-40,다목적,1,200,360도 전방면,30,2018-12,051-220-4344,35.09854,128.995363,2023-02-16
90,부산광역시 사하구청,부산광역시 사하구 사하로186번나길 18,부산광역시 사하구 괴정3동 1014-1,다목적,1,200,360도 전방면,30,2018-12,051-220-4344,35.099253,128.994923,2023-02-16
91,부산광역시 사하구청,부산광역시 사하구 사하로186번가길 14,부산광역시 사하구 괴정3동 1014-11,다목적,1,200,360도 전방면,30,2018-12,051-220-4344,35.099031,128.994725,2023-02-16
92,부산광역시 사하구청,부산광역시 사하구 장림시장7길 94,부산광역시 사하구 장림1동 640-49,다목적,1,200,360도 전방면,30,2018-12,051-220-4344,35.080161,128.967331,2023-02-16
93,부산광역시 사하구청,부산광역시 사하구 장림시장7길 30,부산광역시 사하구 장림1동 808-116,다목적,1,200,360도 전방면,30,2018-12,051-220-4344,35.080618,128.965665,2023-02-16
94,부산광역시 사하구청,부산광역시 사하구 장림시장1길 24,부산광역시 사하구 장림1동 641-28,다목적,1,200,360도 전방면,30,2018-12,051-220-4344,35.081342,128.966604,2023-02-16
95,부산광역시 사하구청,부산광역시 사하구 장림시장3길 8,부산광역시 사하구 장림1동 808-9,다목적,1,200,360도 전방면,30,2018-12,051-220-4344,35.081224,128.965885,2023-02-16
96,부산광역시 사하구청,부산광역시 사하구 비봉로54번안길 22,부산광역시 사하구 신평2동 산 107-5,다목적,2,200,360도 전방면,30,2018-12,051-220-4344,35.099544,128.966598,2023-02-16
97,부산광역시 사하구청,부산광역시 사하구 비봉로54번안길 9,부산광역시 사하구 신평2동 430-11,다목적,3,200,360도 전방면,30,2018-12,051-220-4344,35.099009,128.966218,2023-02-16
98,부산광역시 사하구청,부산광역시 사하구 비봉로54번길 12,부산광역시 사하구 신평2동 430-3,다목적,2,200,360도 전방면,30,2018-12,051-220-4344,35.09845,128.966193,2023-02-16
99,부산광역시 사하구청,부산광역시 사하구 비봉로 46,부산광역시 사하구 신평2동 428,다목적,2,200,360도 전방면,30,2018-12,051-220-4344,35.098145,128.965488,2023-02-16
100,부산광역시 사하구청,부산광역시 사하구 대티로 80,부산광역시 사하구 괴정2동 88-1,다목적,4,200,360도 전방면,30,2018-12,051-220-4344,35.106861,129.007935,2023-02-16
101,부산광역시 사하구청,부산광역시 사하구 괴정1동 1244-5번지,부산광역시 사하구 괴정1동 1244-5번지,다목적,3,200,360도 전방면,30,2019-08,051-220-4344,35.106854,128.999725,2023-02-16
102,부산광역시 사하구청,부산광역시 사하구 감천동 632-2,부산광역시 사하구 감천동 632-2,다목적,3,200,360도 전방면,30,2019-08,051-220-4344,35.09221134,128.9993571,2023-02-16
103,부산광역시 사하구청,부산광역시 사하구 다대로165,부산광역시 사하구 신평동 582-1,다목적,4,200,360도 전방면,30,2019-11,051-220-4344,35.08743993,128.9776901,2023-02-16
104,부산광역시 사하구청,부산광역시 사하구 신산로177,부산광역시 사하구 신평동 586-5,다목적,4,200,360도 전방면,30,2019-11,051-220-4344,35.08993993,128.9750001,2023-02-16
105,부산광역시 사하구청,부산광역시 사하구 다대로137번길 78,부산광역시 사하구 신평동 41-51,다목적,4,200,360도 전방면,30,2019-11,051-220-4344,35.09057993,128.9795001,2023-02-16
106,부산광역시 사하구청,부산광역시 사하구 다대로135번길 39,부산광역시 사하구 신평동 31-14,다목적,4,200,360도 전방면,30,2019-11,051-220-4344,35.09171993,128.9795401,2023-02-16
107,부산광역시 사하구청,부산광역시 사하구 장평로 301번길 15,부산광역시 사하구 신평동 166-4,다목적,3,200,360도 전방면,30,2019-11,051-220-4344,35.09369993,128.9729701,2023-02-16
108,부산광역시 사하구청,부산광역시 사하구 신산북로49번길 5,부산광역시 사하구 신평동 334,다목적,4,200,360도 전방면,30,2019-11,051-220-4344,35.09140993,128.9701701,2023-02-16
109,부산광역시 사하구청,부산광역시 사하구 신산북로67번길 12,부산광역시 사하구 신평동 272-3,다목적,4,200,360도 전방면,30,2019-11,051-220-4344,35.09150993,128.9720601,2023-02-16
110,부산광역시 사하구청,부산광역시 사하구 다대로126번길 77,부산광역시 사하구 신평동 111-148,다목적,5,200,360도 전방면,30,2019-11,051-220-4344,35.09258993,128.9763901,2023-02-16
111,부산광역시 사하구청,부산광역시 사하구 다대로135번길 30-19,부산광역시 사하구 신평동 산36-5,다목적,3,200,360도 전방면,30,2019-11,051-220-4344,35.09010993,128.9803101,2023-02-16
112,부산광역시 사하구청,부산광역시 사하구 다대로142번길 118,부산광역시 사하구 신평동 111-604,다목적,3,200,360도 전방면,30,2019-11,051-220-4344,35.09210993,128.9751701,2023-02-16
113,부산광역시 사하구청,부산광역시 사하구 신평동 452-5,부산광역시 사하구 신평동 452-5,다목적,4,200,360도 전방면,30,2019-11,051-220-4344,35.09782993,128.9610301,2023-02-16
114,부산광역시 사하구청,부산광역시 사하구 하신번영로151번길 20,부산광역시 사하구 신평동 631-1,다목적,5,200,360도 전방면,30,2019-11,051-220-4344,35.09614993,128.9589101,2023-02-16
115,부산광역시 사하구청,부산광역시 사하구 하신번영로173번길 35,부산광역시 사하구 신평동 636,다목적,3,200,360도 전방면,30,2019-11,051-220-4344,35.09824993,128.9581801,2023-02-16
116,부산광역시 사하구청,부산광역시 사하구 하신번영로179번길59,부산광역시 사하구 신평동 594-5,다목적,3,200,360도 전방면,30,2019-11,051-220-4344,35.09883993,128.9568201,2023-02-16
117,부산광역시 사하구청,부산광역시 사하구 비봉로21번길 22,부산광역시 사하구 신평동 417-7,다목적,4,200,360도 전방면,30,2019-11,051-220-4344,35.09790993,128.9636101,2023-02-16
118,부산광역시 사하구청,부산광역시 사하구 비봉로 36,부산광역시 사하구 신평동 409-13,다목적,4,200,360도 전방면,30,2019-11,051-220-4344,35.09747993,128.9653501,2023-02-16
119,부산광역시 사하구청,부산광역시 사하구 구평동 501,부산광역시 사하구 구평동 501,다목적,5,200,360도 전방면,30,2019-11,051-220-4344,35.08368993,128.9848101,2023-02-16
120,부산광역시 사하구청,부산광역시 사하구 구평동 508,부산광역시 사하구 구평동 508,다목적,4,200,360도 전방면,30,2019-11,051-220-4344,35.08173993,128.9879101,2023-02-16
121,부산광역시 사하구청,부산광역시 사하구 을숙도대로755번길 50,부산광역시 사하구 구평동 7-2,다목적,4,200,360도 전방면,30,2019-11,051-220-4344,35.08867993,128.9876301,2023-02-16
122,부산광역시 사하구청,부산광역시 사하구 서포로30번길 26,부산광역시 사하구 구평동 517,다목적,4,200,360도 전방면,30,2019-11,051-220-4344,35.08160993,128.9865001,2023-02-16
123,부산광역시 사하구청,부산광역시 사하구 서포로 7,부산광역시 사하구 구평동 117-14,다목적,4,200,360도 전방면,30,2019-11,051-220-4344,35.08425993,128.9843501,2023-02-16
124,부산광역시 사하구청,부산광역시 사하구 감천항로 527,부산광역시 사하구 구평동 494-11,다목적,4,200,360도 전방면,30,2019-11,051-220-4344,35.04805993,129.0001301,2023-02-16
125,부산광역시 사하구청,부산광역시 사하구 감천항로405번길 54,부산광역시 사하구 구평동 483-3,다목적,4,200,360도 전방면,30,2019-11,051-220-4344,35.05433993,128.9977201,2023-02-16
126,부산광역시 사하구청,부산광역시 사하구 감천로157번길41,부산광역시 사하구 감천동 52-5,다목적,4,200,360도 전방면,30,2019-11,051-220-4344,35.08470993,129.0097101,2023-02-16
127,부산광역시 사하구청,부산광역시 사하구 사하로 106-1,부산광역시 사하구 감천동 826-26,다목적,4,200,360도 전방면,30,2019-11,051-220-4344,35.09151993,128.9939701,2023-02-16
128,부산광역시 사하구청,부산광역시 사하구 감천로43번길41,부산광역시 사하구 감천동 610-1,다목적,4,200,360도 전방면,30,2019-11,051-220-4344,35.09258993,128.9984401,2023-02-16
129,부산광역시 사하구청,부산광역시 사하구 감천로37번길 35,부산광역시 사하구 감천동 614-4,다목적,5,200,360도 전방면,30,2019-11,051-220-4344,35.09225993,128.9965501,2023-02-16
130,부산광역시 사하구청,부산광역시 사하구 감천동 452-3,부산광역시 사하구 감천동 452-3,다목적,5,200,360도 전방면,30,2019-11,051-220-4344,35.08762993,129.0049901,2023-02-16
131,부산광역시 사하구청,부산광역시 사하구 감천로142번길 10,부산광역시 사하구 감천동 76-1,다목적,4,200,360도 전방면,30,2019-11,051-220-4344,35.08586993,129.0066101,2023-02-16
132,부산광역시 사하구청,부산광역시 사하구 천해로 129,부산광역시 사하구 감천동 28-3,다목적,5,200,360도 전방면,30,2019-11,051-220-4344,35.08795993,129.0085601,2023-02-16
133,부산광역시 사하구청,부산광역시 사하구 감천로139번길 55-1,부산광역시 사하구 감천동 23,다목적,3,200,360도 전방면,30,2019-11,051-220-4344,35.08895993,129.0063201,2023-02-16
134,부산광역시 사하구청,부산광역시 사하구 감천로43번길 25-4,부산광역시 사하구 감천1동 624-2,다목적,3,200,360도 전방면,30,2019-11,051-220-4344,35.09223993,128.9979401,2023-02-16
135,부산광역시 사하구청,부산광역시 사하구 감천로73번길 24,부산광역시 사하구 감천동 635-11,다목적,4,200,360도 전방면,30,2019-11,051-220-4344,35.09048993,129.0002101,2023-02-16
136,부산광역시 사하구청,부산광역시 사하구 감천로93번길14,부산광역시 사하구 감천동 502-50,다목적,3,200,360도 전방면,30,2019-11,051-220-4344,35.08911993,129.0024001,2023-02-16
137,부산광역시 사하구청,부산광역시 사하구 감천로83번길 11,부산광역시 사하구 감천동 500-60,다목적,4,200,360도 전방면,30,2019-11,051-220-4344,35.08933993,129.0015501,2023-02-16
138,부산광역시 사하구청,부산광역시 사하구 옥천로 42,부산광역시 사하구 감천동 19-52,다목적,5,200,360도 전방면,30,2019-11,051-220-4344,35.09100993,129.0068601,2023-02-16
139,부산광역시 사하구청,부산광역시 사하구 감천로105번길 74,부산광역시 사하구 감천동 523-35,다목적,3,200,360도 전방면,30,2019-11,051-220-4344,35.09069993,129.0053001,2023-02-16
140,부산광역시 사하구청,부산광역시 사하구 옥천로 24번길 9,부산광역시 사하구 감천동 545-11,다목적,4,200,360도 전방면,30,2019-11,051-220-4344,35.08913993,129.0059701,2023-02-16
141,부산광역시 사하구청,부산광역시 사하구 감천로 138,부산광역시 사하구 감천동 397-1,다목적,5,200,360도 전방면,30,2019-11,051-220-4344,35.08655993,129.0062801,2023-02-16
142,부산광역시 사하구청,부산광역시 사하구 감천로103번길 33,부산광역시 사하구 감천동 520-4,다목적,4,200,360도 전방면,30,2019-11,051-220-4344,35.08943993,129.0028101,2023-02-16
143,부산광역시 사하구청,부산광역시 사하구 감내2로 117,부산광역시 사하구 감천동 2-394,다목적,5,200,360도 전방면,30,2019-11,051-220-4344,35.09753993,129.0079601,2023-02-16
144,부산광역시 사하구청,부산광역시 사하구 감내1로 200,부산광역시 사하구 감천동 10-154,다목적,4,200,360도 전방면,30,2019-11,051-220-4344,35.09654993,129.0094501,2023-02-16
145,부산광역시 사하구청,부산광역시 사하구 감천로169-4,부산광역시 사하구 감천동 53-5,다목적,3,200,360도 전방면,30,2019-11,051-220-4344,35.08482993,129.0090901,2023-02-16
146,부산광역시 사하구청,부산광역시 사하구 사하로125번길 6-10,부산광역시 사하구 괴정동 612-5,다목적,3,200,360도 전방면,30,2019-12,051-220-4344,35.09256,128.99255,2023-02-16
147,부산광역시 사하구청,부산광역시 사하구 낙동대로249번길 7,부산광역시 사하구 괴정동894-4,다목적,3,200,360도 전방면,30,2019-12,051-220-4344,35.09882,128.99001,2023-02-16
148,부산광역시 사하구청,부산광역시 사하구 괴정로270번길 29,부산광역시 사하구 괴정동 488-4,다목적,4,200,360도 전방면,30,2019-12,051-220-4344,35.09535,128.99132,2023-02-16
149,부산광역시 사하구청,부산광역시 사하구 회화나무길 25,부산광역시 사하구 괴정동 810-3,다목적,4,200,360도 전방면,30,2019-12,051-220-4344,35.10052,128.98967,2023-02-16
150,부산광역시 사하구청,부산광역시 사하구 괴정로284번길 24,부산광역시 사하구 괴정동 486-28,다목적,3,200,360도 전방면,30,2019-12,051-220-4344,35.0961,128.99145,2023-02-16
151,부산광역시 사하구청,부산광역시 사하구 승학로233번길1,부산광역시 사하구 괴정동 1054-3,다목적,3,200,360도 전방면,30,2019-12,051-220-4344,35.10205,128.99007,2023-02-16
152,부산광역시 사하구청,부산광역시 사하구 낙동대로271,부산광역시 사하구 괴정동 749-2,다목적,3,200,360도 전방면,30,2019-12,051-220-4344,35.09911,128.98768,2023-02-16
153,부산광역시 사하구청,부산광역시 사하구 낙동대로96,부산광역시 사하구 괴정동 172-2,다목적,3,200,360도 전방면,30,2019-12,051-220-4344,35.10459,129.00463,2023-02-16
154,부산광역시 사하구청,부산광역시 사하구 대티로17번길9,부산광역시 사하구 괴정동 207-19,다목적,3,200,360도 전방면,30,2019-12,051-220-4344,35.10464,129.00146,2023-02-16
155,부산광역시 사하구청,부산광역시 사하구 사리로 8,부산광역시 사하구 괴정동 382-5,다목적,2,200,360도 전방면,30,2019-12,051-220-4344,35.10059,128.99967,2023-02-16
156,부산광역시 사하구청,부산광역시 사하구 대티로80번길 26,부산광역시 사하구 괴정동 69-15,다목적,2,200,360도 전방면,30,2019-12,051-220-4344,35.10707,129.00874,2023-02-16
157,부산광역시 사하구청,부산광역시 사하구 괴정동 1279,부산광역시 사하구 괴정동 1279,다목적,3,200,360도 전방면,30,2019-12,051-220-4344,35.10529,128.99965,2023-02-16
158,부산광역시 사하구청,부산광역시 사하구 까치고개로20번길 3-10,부산광역시 사하구 괴정동 354-75,다목적,3,200,360도 전방면,30,2019-12,051-220-4344,35.1032,129.00475,2023-02-16
159,부산광역시 사하구청,부산광역시 사하구 대티로 61,부산광역시 사하구 괴정동 188-26,다목적,4,200,360도 전방면,30,2019-12,051-220-4344,35.10636,129.00582,2023-02-16
160,부산광역시 사하구청,부산광역시 사하구 승학로281,부산광역시 사하구 괴정동 260-988,다목적,3,200,360도 전방면,30,2019-12,051-220-4344,35.10248,128.99506,2023-02-16
161,부산광역시 사하구청,부산광역시 사하구 낙동대로199번길 23,부산광역시 사하구 괴정동 434-4,다목적,3,200,360도 전방면,30,2019-12,051-220-4344,35.09955,128.99582,2023-02-16
162,부산광역시 사하구청,부산광역시 사하구 사하로 198,부산광역시 사하구 괴정동 964-17,다목적,4,200,360도 전방면,30,2019-12,051-220-4344,35.09935,128.9936,2023-02-16
163,부산광역시 사하구청,부산광역시 사하구 승학로224번길 107,부산광역시 사하구 괴정동 260-601,다목적,3,200,360도 전방면,30,2019-12,051-220-4344,35.10202,128.99537,2023-02-16
164,부산광역시 사하구청,부산광역시 사하구 괴정로 145,부산광역시 사하구 당리동 338-21,다목적,3,200,360도 전방면,30,2019-12,051-220-4344,35.0994,128.97803,2023-02-16
165,부산광역시 사하구청,부산광역시 사하구 낙동대로302번길 15,부산광역시 사하구 괴정동 576-1,다목적,3,200,360도 전방면,30,2019-12,051-220-4344,35.10034,128.98376,2023-02-16
166,부산광역시 사하구청,부산광역시 사하구 낙동대로280번길 40,부산광역시 사하구 괴정동 764-56,다목적,3,200,360도 전방면,30,2019-12,051-220-4344,35.10037,128.98487,2023-02-16
167,부산광역시 사하구청,부산광역시 사하구 마하로48번길 21,부산광역시 사하구 괴정동 1068-5,다목적,4,200,360도 전방면,30,2019-12,051-220-4344,35.10407,128.985,2023-02-16
168,부산광역시 사하구청,부산광역시 사하구 승학로165번길 23,부산광역시 사하구 괴정동 1080-19,다목적,2,200,360도 전방면,30,2019-12,051-220-4344,35.10251,128.98453,2023-02-16
169,부산광역시 사하구청,부산광역시 사하구 낙동대로302번길 64,부산광역시 사하구 괴정동 1079-1,다목적,2,200,360도 전방면,30,2019-12,051-220-4344,35.10249,128.98306,2023-02-16
170,부산광역시 사하구청,부산광역시 사하구 동매로 73-1,부산광역시 사하구 하단동 611-52,다목적,3,200,360도 전방면,30,2019-12,051-220-4344,35.10271,128.9663,2023-02-16
171,부산광역시 사하구청,부산광역시 사하구 하신번영로 262,부산광역시 사하구 하단동 897-12,다목적,4,200,360도 전방면,30,2019-12,051-220-4344,35.104359,128.958332,2023-02-16
172,부산광역시 사하구청,부산광역시 사하구 낙동남로 1390번길 5,부산광역시 사하구 하단동 592-4,다목적,4,200,360도 전방면,30,2019-12,051-220-4344,35.10554,128.96375,2023-02-16
173,부산광역시 사하구청,부산광역시 사하구 동매로 12,부산광역시 사하구 하단동 896,다목적,3,200,360도 전방면,30,2019-12,051-220-4344,35.10358,128.95963,2023-02-16
174,부산광역시 사하구청,부산광역시 사하구 동매로23번길 22,부산광역시 사하구 하단동 604-1,다목적,4,200,360도 전방면,30,2019-12,051-220-4344,35.10469,128.96129,2023-02-16
175,부산광역시 사하구청,부산광역시 사하구 하신번영로 186,부산광역시 사하구 하단동 1181-25,다목적,3,200,360도 전방면,30,2019-12,051-220-4344,35.09895,128.96001,2023-02-16
176,부산광역시 사하구청,부산광역시 사하구 하신번영로380번길 115,부산광역시 사하구 하단동 503-9,다목적,4,200,360도 전방면,30,2019-12,051-220-4344,35.109429,128.9602,2023-02-16
177,부산광역시 사하구청,부산광역시 사하구 하신번영로 365,부산광역시 사하구 하단동1161-2,다목적,3,200,360도 전방면,30,2019-12,051-220-4344,35.11277,128.95989,2023-02-16
178,부산광역시 사하구청,부산광역시 사하구 하신번영로 376,부산광역시 사하구 하단동 483,다목적,3,200,360도 전방면,30,2019-12,051-220-4344,35.11474,128.96087,2023-02-16
179,부산광역시 사하구청,부산광역시 사하구 낙동대로550번길 16-6,부산광역시 사하구 하단동 492-6,다목적,2,200,360도 전방면,30,2019-12,051-220-4344,35.11284,128.96512,2023-02-16
180,부산광역시 사하구청,부산광역시 사하구 낙동대로519번길 54,부산광역시 사하구 하단동 483,다목적,3,200,360도 전방면,30,2019-12,051-220-4344,35.11063,128.96252,2023-02-16
181,부산광역시 사하구청,부산광역시 사하구 하신번영로 312,부산광역시 사하구 하단동 885-9,다목적,3,200,360도 전방면,30,2019-12,051-220-4344,35.10881,128.95875,2023-02-16
182,부산광역시 사하구청,부산광역시 사하구 승학로71,부산광역시 사하구 당리동 322,다목적,3,200,360도 전방면,30,2019-12,051-220-4344,35.1045,128.97593,2023-02-16
183,부산광역시 사하구청,부산광역시 사하구 승학로2,부산광역시 사하구 당리동 314,다목적,4,200,360도 전방면,30,2019-12,051-220-4344,35.10637,128.96923,2023-02-16
184,부산광역시 사하구청,부산광역시 사하구 낙동대로356번길 33-2,부산광역시 사하구 당리동 343-20,다목적,4,200,360도 전방면,30,2019-12,051-220-4344,35.10285,128.98031,2023-02-16
185,부산광역시 사하구청,부산광역시 사하구 제석로95번길 26,부산광역시 사하구 당리동 33-41,다목적,4,200,360도 전방면,30,2019-12,051-220-4344,35.10924,128.97733,2023-02-16
186,부산광역시 사하구청,부산광역시 사하구 제석로 112,부산광역시 사하구 당리동 544-1,다목적,4,200,360도 전방면,30,2019-12,051-220-4344,35.10924,128.97733,2023-02-16
187,부산광역시 사하구청,부산광역시 사하구 제석로 77,부산광역시 사하구 당리동 48-1,다목적,3,200,360도 전방면,30,2019-12,051-220-4344,35.10716,128.97567,2023-02-16
188,부산광역시 사하구청,부산광역시 사하구 사하로 156-1,부산광역시 사하구 괴정동 477-28,다목적,4,200,360도 전방면,30,2019-12,051-220-4344,35.09563,128.99372,2023-02-16
189,부산광역시 사하구청,부산광역시 사하구 낙동대로519번길 60,부산광역시 사하구 하단동 500-24,다목적,2,200,360도 전방면,30,2019-12,051-220-4344,35.11078,128.96215,2023-02-16
190,부산광역시 사하구청,부산광역시 사하구 낙동남로1357번길 5,부산광역시 사하구 하단동 870-213,다목적,2,200,360도 전방면,30,2019-12,051-220-4344,35.11078,128.96215,2023-02-16
191,부산광역시 사하구청,부산광역시 사하구 감천로43번길 25-14,부산광역시 사하구 감천1동 622-1,다목적,3,200,360도 전방면,30,2019-12,051-220-4344,35.09252,128.99782,2023-02-16
192,부산광역시 사하구청,부산광역시 사하구 감천로21번길 54,부산광역시 사하구 감천동 613-4,다목적,4,200,360도 전방면,30,2019-12,051-220-4344,35.09268,128.99746,2023-02-16
193,부산광역시 사하구청,부산광역시 사하구 까치고개로 72,부산광역시 사하구 괴정동 1-5,다목적,3,200,360도 전방면,30,2019-12,051-220-4344,35.10445,129.00903,2023-02-16
194,부산광역시 사하구청,부산광역시 사하구 장림동 873-7,부산광역시 사하구 장림동 873-7,다목적,1,200,360도 전방면,30,2020-09,051-220-4344,35.077174,128.962609,2023-02-16
195,부산광역시 사하구청,부산광역시 사하구 장림동 873-7,부산광역시 사하구 장림동 873-7,다목적,1,200,360도 전방면,30,2020-09,051-220-4344,35.0771741,128.962609,2023-02-16
196,부산광역시 사하구청,부산광역시 사하구 장림동 873-7,부산광역시 사하구 장림동 873-7,다목적,1,200,360도 전방면,30,2020-09,051-220-4344,35.0770380,128.9629702,2023-02-16
197,부산광역시 사하구청,부산광역시 사하구 장림번영로 59,부산광역시 사하구 장림동 317-9,다목적,1,200,360도 전방면,30,2020-09,051-220-4344,35.080699,128.971787,2023-02-16
198,부산광역시 사하구청,부산광역시 사하구 장림번영로 59,부산광역시 사하구 장림동 317-9,다목적,1,200,360도 전방면,30,2020-09,051-220-4344,35.080699,128.971787,2023-02-16
199,부산광역시 사하구청,부산광역시 사하구 장평로195번길 76,부산광역시 사하구 장림동 1033-49,다목적,1,200,360도 전방면,30,2020-09,051-220-4344,35.083921,128.968832,2023-02-16
200,부산광역시 사하구청,부산광역시 사하구 장평로195번길 76,부산광역시 사하구 장림동 1033-49,다목적,1,200,360도 전방면,30,2020-09,051-220-4344,35.083921,128.968832,2023-02-16
201,부산광역시 사하구청,부산광역시 사하구 장림동 845-4,부산광역시 사하구 장림동 845-4,다목적,1,200,360도 전방면,30,2020-09,051-220-4344,35.0789359,128.964750,2023-02-16
202,부산광역시 사하구청,부산광역시 사하구 장림동 845-4,부산광역시 사하구 장림동 845-4,다목적,1,200,360도 전방면,30,2020-09,051-220-4344,35.078935,128.964750,2023-02-16
203,부산광역시 사하구청,부산광역시 사하구 장림동 845-4,부산광역시 사하구 장림동 845-4,다목적,1,200,360도 전방면,30,2020-09,051-220-4344,35.078935,128.964750,2023-02-16
204,부산광역시 사하구청,부산광역시 사하구 장림동 845-4,부산광역시 사하구 장림동 845-4,다목적,1,200,360도 전방면,30,2020-09,051-220-4344,35.0789359,128.9647508,2023-02-16
205,부산광역시 사하구청,부산광역시 사하구 장림동 818-7,부산광역시 사하구 장림동 818-7,다목적,1,200,360도 전방면,30,2020-09,051-220-4344,35.07955220,128.964797,2023-02-16
206,부산광역시 사하구청,부산광역시 사하구 장림동 818-7,부산광역시 사하구 장림동 818-7,다목적,1,200,360도 전방면,30,2020-09,051-220-4344,35.07955220,128.964797,2023-02-16
207,부산광역시 사하구청,부산광역시 사하구 장림시장4길 3,부산광역시 사하구 장림동 782-4,다목적,1,200,360도 전방면,30,2020-09,051-220-4344,35.08126,128.965376,2023-02-16
208,부산광역시 사하구청,부산광역시 사하구 장림로 93번길 23,부산광역시 사하구 장림동 1081-3,다목적,1,200,360도 전방면,30,2020-09,051-220-4344,35.080774,128.957121,2023-02-16
209,부산광역시 사하구청,부산광역시 사하구 장림로 93번길 23,부산광역시 사하구 장림동 1081-3,다목적,1,200,360도 전방면,30,2020-09,051-220-4344,35.080774,128.957121,2023-02-16
210,부산광역시 사하구청,부산광역시 사하구 장림로 93번길 23,부산광역시 사하구 장림동 1081-3,다목적,1,200,360도 전방면,30,2020-09,051-220-4344,35.080774,128.957121,2023-02-16
211,부산광역시 사하구청,부산광역시 사하구 장림번영로28번길 39-5,부산광역시 사하구 장림동 633-3,다목적,1,200,360도 전방면,30,2020-09,051-220-4344,35.078925,128.96755,2023-02-16
212,부산광역시 사하구청,부산광역시 사하구 장림번영로28번길 39-5,부산광역시 사하구 장림동 633-3,다목적,1,200,360도 전방면,30,2020-09,051-220-4344,35.078925,128.96755,2023-02-16
213,부산광역시 사하구청,부산광역시 사하구 다대로271번길 10,부산광역시 사하구 장림동 258,다목적,1,200,360도 전방면,30,2020-09,051-220-4344,35.0785,128.97828,2023-02-16
214,부산광역시 사하구청,부산광역시 사하구 다대로271번길 10,부산광역시 사하구 장림동 258,다목적,1,200,360도 전방면,30,2020-09,051-220-4344,35.0785,128.97828,2023-02-16
215,부산광역시 사하구청,부산광역시 사하구 다대로 246,부산광역시 사하구 장림동 192-8,다목적,1,200,360도 전방면,30,2020-09,051-220-4344,35.080475,128.977215,2023-02-16
216,부산광역시 사하구청,부산광역시 사하구 다대로 246,부산광역시 사하구 장림동 192-8,다목적,1,200,360도 전방면,30,2020-09,051-220-4344,35.080475,128.977215,2023-02-16
217,부산광역시 사하구청,부산광역시 사하구 장평로 31-5,부산광역시 사하구 장림동 534,다목적,1,200,360도 전방면,30,2020-09,051-220-4344,35.068826,128.973414,2023-02-16
218,부산광역시 사하구청,부산광역시 사하구 장평로 31-5,부산광역시 사하구 장림동 534,다목적,1,200,360도 전방면,30,2020-09,051-220-4344,35.068826,128.973414,2023-02-16
219,부산광역시 사하구청,부산광역시 사하구 장평로 131,부산광역시 사하구 장림동 601,다목적,1,200,360도 전방면,30,2020-09,051-220-4344,35.077903,128.972532,2023-02-16
220,부산광역시 사하구청,부산광역시 사하구 장평로125번길 30,부산광역시 사하구 장림동 604-101,다목적,1,200,360도 전방면,30,2020-09,051-220-4344,35.077736,128.972226,2023-02-16
221,부산광역시 사하구청,부산광역시 사하구 장평로125번길 30,부산광역시 사하구 장림동 604-101,다목적,1,200,360도 전방면,30,2020-09,051-220-4344,35.077736,128.972226,2023-02-16
222,부산광역시 사하구청,부산광역시 사하구 장평로125번길 30,부산광역시 사하구 장림동 604-101,다목적,1,200,360도 전방면,30,2020-09,051-220-4344,35.077736,128.972226,2023-02-16
223,부산광역시 사하구청,부산광역시 사하구 장평로125번길 30,부산광역시 사하구 장림동 604-101,다목적,1,200,360도 전방면,30,2020-09,051-220-4344,35.077736,128.972226,2023-02-16
224,부산광역시 사하구청,부산광역시 사하구 다대로300번길 34,부산광역시 사하구 장림동 392-1,다목적,1,200,360도 전방면,30,2020-09,051-220-4344,35.075472,128.974447,2023-02-16
225,부산광역시 사하구청,부산광역시 사하구 다대로300번길 34,부산광역시 사하구 장림동 392-1,다목적,1,200,360도 전방면,30,2020-09,051-220-4344,35.075472,128.974447,2023-02-16
226,부산광역시 사하구청,부산광역시 사하구 다대로300번길 34,부산광역시 사하구 장림동 392-1,다목적,1,200,360도 전방면,30,2020-09,051-220-4344,35.075472,128.974447,2023-02-16
227,부산광역시 사하구청,부산광역시 사하구 두송로 65,부산광역시 사하구 장림동 60-17,다목적,1,200,360도 전방면,30,2020-09,051-220-4344,35.07781,128.982738,2023-02-16
228,부산광역시 사하구청,부산광역시 사하구 두송로 65,부산광역시 사하구 장림동 60-17,다목적,1,200,360도 전방면,30,2020-09,051-220-4344,35.07781,128.982738,2023-02-16
229,부산광역시 사하구청,부산광역시 사하구 두송로 65,부산광역시 사하구 장림동 60-17,다목적,1,200,360도 전방면,30,2020-09,051-220-4344,35.07781,128.982738,2023-02-16
230,부산광역시 사하구청,부산광역시 사하구 장평로139번길 13,부산광역시 사하구 장림동 610-17,다목적,1,200,360도 전방면,30,2020-09,051-220-4344,35.078808,128.972348,2023-02-16
231,부산광역시 사하구청,부산광역시 사하구 장평로139번길 13,부산광역시 사하구 장림동 610-17,다목적,1,200,360도 전방면,30,2020-09,051-220-4344,35.078808,128.972348,2023-02-16
232,부산광역시 사하구청,부산광역시 사하구 장림번영로 84번길 21,부산광역시 사하구 장림동 339-5,다목적,1,200,360도 전방면,30,2020-09,051-220-4344,35.0796,128.974488,2023-02-16
233,부산광역시 사하구청,부산광역시 사하구 장림번영로 84번길 21,부산광역시 사하구 장림동 339-5,다목적,1,200,360도 전방면,30,2020-09,051-220-4344,35.0796,128.974488,2023-02-16
234,부산광역시 사하구청,부산광역시 사하구 장평로 111-3,부산광역시 사하구 장림동 587-2,다목적,1,200,360도 전방면,30,2020-09,051-220-4344,35.075926,128.972344,2023-02-16
235,부산광역시 사하구청,부산광역시 사하구 장평로 111-3,부산광역시 사하구 장림동 587-2,다목적,1,200,360도 전방면,30,2020-09,051-220-4344,35.075926,128.972344,2023-02-16
236,부산광역시 사하구청,부산광역시 사하구 장평로 111-3,부산광역시 사하구 장림동 587-2,다목적,1,200,360도 전방면,30,2020-09,051-220-4344,35.075926,128.972344,2023-02-16
237,부산광역시 사하구청,부산광역시 사하구 장림번영로 81,부산광역시 사하구 장림동 316-9,다목적,1,200,360도 전방면,30,2020-09,051-220-4344,35.080683,128.974075,2023-02-16
238,부산광역시 사하구청,부산광역시 사하구 장림번영로 81,부산광역시 사하구 장림동 316-9,다목적,1,200,360도 전방면,30,2020-09,051-220-4344,35.080683,128.974075,2023-02-16
239,부산광역시 사하구청,부산광역시 사하구 다대동로53번길 5,부산광역시 사하구 다대동 194-3,다목적,1,200,360도 전방면,30,2020-09,051-220-4344,35.057969,128.973401,2023-02-16
240,부산광역시 사하구청,부산광역시 사하구 다대동로53번길 5,부산광역시 사하구 다대동 194-3,다목적,1,200,360도 전방면,30,2020-09,051-220-4344,35.057969,128.973401,2023-02-16
241,부산광역시 사하구청,부산광역시 사하구 다대동로53번길 5,부산광역시 사하구 다대동 194-3,다목적,1,200,360도 전방면,30,2020-09,051-220-4344,35.057969,128.973401,2023-02-16
242,부산광역시 사하구청,부산광역시 사하구 윤공단로 25-5,부산광역시 사하구 다대동 964,다목적,1,200,360도 전방면,30,2020-09,051-220-4344,35.054735,128.966416,2023-02-16
243,부산광역시 사하구청,부산광역시 사하구 윤공단로 25-5,부산광역시 사하구 다대동 964,다목적,1,200,360도 전방면,30,2020-09,051-220-4344,35.054735,128.966416,2023-02-16
244,부산광역시 사하구청,부산광역시 사하구 윤공단로 25-5,부산광역시 사하구 다대동 964,다목적,1,200,360도 전방면,30,2020-09,051-220-4344,35.054735,128.966416,2023-02-16
245,부산광역시 사하구청,부산광역시 사하구 다대로568번길 16,부산광역시 사하구 다대동 1480,다목적,1,200,360도 전방면,30,2020-09,051-220-4344,35.055323,128.969737,2023-02-16
246,부산광역시 사하구청,부산광역시 사하구 다대로568번길 16,부산광역시 사하구 다대동 1480,다목적,1,200,360도 전방면,30,2020-09,051-220-4344,35.055323,128.969737,2023-02-16
247,부산광역시 사하구청,부산광역시 사하구 윤공단로 116,부산광역시 사하구 다대동 1247-2,다목적,1,200,360도 전방면,30,2020-09,051-220-4344,35.060819,128.972119,2023-02-16
248,부산광역시 사하구청,부산광역시 사하구 윤공단로 116,부산광역시 사하구 다대동 1247-2,다목적,1,200,360도 전방면,30,2020-09,051-220-4344,35.060819,128.972119,2023-02-16
249,부산광역시 사하구청,부산광역시 사하구 다산로 46,부산광역시 사하구 다대동 1538,다목적,1,200,360도 전방면,30,2020-09,051-220-4344,35.057077,128.959394,2023-02-16
250,부산광역시 사하구청,부산광역시 사하구 다산로 46,부산광역시 사하구 다대동 1538,다목적,1,200,360도 전방면,30,2020-09,051-220-4344,35.057077,128.959394,2023-02-16
251,부산광역시 사하구청,부산광역시 사하구 다산로 46,부산광역시 사하구 다대동 1538,다목적,1,200,360도 전방면,30,2020-09,051-220-4344,35.057077,128.959394,2023-02-16
252,부산광역시 사하구청,부산광역시 사하구 다산로 46,부산광역시 사하구 다대동 1538,다목적,1,200,360도 전방면,30,2020-09,051-220-4344,35.057077,128.959394,2023-02-16
253,부산광역시 사하구청,부산광역시 사하구 다대로 636,부산광역시 사하구 다대동 1552-2,다목적,1,200,360도 전방면,30,2020-09,051-220-4344,35.04954,128.969917,2023-02-16
254,부산광역시 사하구청,부산광역시 사하구 다대로 636,부산광역시 사하구 다대동 1552-2,다목적,1,200,360도 전방면,30,2020-09,051-220-4344,35.04954,128.969917,2023-02-16
255,부산광역시 사하구청,부산광역시 사하구 다대로 636,부산광역시 사하구 다대동 1552-2,다목적,1,200,360도 전방면,30,2020-09,051-220-4344,35.04954,128.969917,2023-02-16
256,부산광역시 사하구청,부산광역시 사하구 사하로201,부산광역시 사하구 괴정동968-1,다목적,1,200,360도 전방면,30,2022-11,051-220-4344,35.09963,128.993248,2023-02-16
257,부산광역시 사하구청,부산광역시 사하구 사하로201,부산광역시 사하구 괴정동968-1,다목적,1,200,360도 전방면,30,2022-11,051-220-4344,35.09963,128.993248,2023-02-16
258,부산광역시 사하구청,부산광역시 사하구 낙동대로223,부산광역시 사하구 괴정동971-6,다목적,1,200,360도 전방면,30,2022-11,051-220-4344,35.0998,128.99253,2023-02-16
259,부산광역시 사하구청,부산광역시 사하구 장평로420번길63,부산광역시 사하구 괴정동1265-3,다목적,1,200,360도 전방면,30,2022-11,051-220-4344,35.094233,128.986052,2023-02-16
260,부산광역시 사하구청,부산광역시 사하구 까치고개로15,부산광역시 사하구 괴정동1239,다목적,1,200,360도 전방면,30,2022-11,051-220-4344,35.103702,129.004116,2023-02-16
261,부산광역시 사하구청,부산광역시 사하구 까치고개로23-1,부산광역시 사하구 괴정동1239,다목적,1,200,360도 전방면,30,2022-11,051-220-4344,35.104065,129.004784,2023-02-16
262,부산광역시 사하구청,부산광역시 사하구 오작로76번길35,부산광역시 사하구 괴정동378-268,다목적,1,200,360도 전방면,30,2022-11,051-220-4344,35.09887,129.002223,2023-02-16
263,부산광역시 사하구청,부산광역시 사하구 낙동대로135번길39-6,부산광역시 사하구 괴정동354-19,다목적,1,200,360도 전방면,30,2022-11,051-220-4344,35.102358,129.003408,2023-02-16
264,부산광역시 사하구청,부산광역시 사하구 낙동대로135번길39-6,부산광역시 사하구 괴정동354-19,다목적,1,200,360도 전방면,30,2022-11,051-220-4344,35.102358,129.003408,2023-02-16
265,부산광역시 사하구청,부산광역시 사하구 낙동대로135번길39-6,부산광역시 사하구 괴정동354-19,다목적,1,200,360도 전방면,30,2022-11,051-220-4344,35.102358,129.003408,2023-02-16
266,부산광역시 사하구청,부산광역시 사하구 낙동대로152,부산광역시 사하구 괴정동213-9,다목적,1,200,360도 전방면,30,2022-11,051-220-4344,35.103874,129.000257,2023-02-16
267,부산광역시 사하구청,부산광역시 사하구 낙동대로152,부산광역시 사하구 괴정동213-9,다목적,1,200,360도 전방면,30,2022-11,051-220-4344,35.103874,129.000257,2023-02-16
268,부산광역시 사하구청,부산광역시 사하구 까치고개로64번길15,부산광역시 사하구 괴정동11-23,다목적,1,200,360도 전방면,30,2022-11,051-220-4344,35.103461,129.008952,2023-02-16
269,부산광역시 사하구청,부산광역시 사하구 까치고개로64번길15,부산광역시 사하구 괴정동11-23,다목적,1,200,360도 전방면,30,2022-11,051-220-4344,35.103461,129.008952,2023-02-16
270,부산광역시 사하구청,부산광역시 사하구 까치고개로64번길15,부산광역시 사하구 괴정동11-23,다목적,1,200,360도 전방면,30,2022-11,051-220-4344,35.103461,129.008952,2023-02-16
271,부산광역시 사하구청,부산광역시 사하구 낙동대로140번길48,부산광역시 사하구 괴정동340-2,다목적,1,200,360도 전방면,30,2022-11,051-220-4344,35.10455,129.003325,2023-02-16
272,부산광역시 사하구청,부산광역시 사하구 낙동대로140번길61,부산광역시 사하구 괴정동340-2,다목적,1,200,360도 전방면,30,2022-11,051-220-4344,35.104741,129.003686,2023-02-16
273,부산광역시 사하구청,부산광역시 사하구 낙동대로140번길61,부산광역시 사하구 괴정동340-2,다목적,1,200,360도 전방면,30,2022-11,051-220-4344,35.104741,129.003686,2023-02-16
274,부산광역시 사하구청,부산광역시 사하구 사리로18번길9,부산광역시 사하구 괴정동1241-4,다목적,1,200,360도 전방면,30,2022-11,051-220-4344,35.101674,128.999887,2023-02-16
275,부산광역시 사하구청,부산광역시 사하구 사리로18번길9,부산광역시 사하구 괴정동1241-4,다목적,1,200,360도 전방면,30,2022-11,051-220-4344,35.101674,128.999887,2023-02-16
276,부산광역시 사하구청,부산광역시 사하구 낙동대로189번길21-8,부산광역시 사하구 괴정동427-5,다목적,1,200,360도 전방면,30,2022-11,051-220-4344,35.100289,128.996749,2023-02-16
277,부산광역시 사하구청,부산광역시 사하구 낙동대로189번길21-8,부산광역시 사하구 괴정동427-5,다목적,1,200,360도 전방면,30,2022-11,051-220-4344,35.100289,128.996749,2023-02-16
278,부산광역시 사하구청,부산광역시 사하구 낙동대로189번길21-8,부산광역시 사하구 괴정동427-5,다목적,1,200,360도 전방면,30,2022-11,051-220-4344,35.100289,128.996749,2023-02-16
279,부산광역시 사하구청,부산광역시 사하구 낙동대로189번길21-8,부산광역시 사하구 괴정동427-5,다목적,1,200,360도 전방면,30,2022-11,051-220-4344,35.100289,128.996749,2023-02-16
280,부산광역시 사하구청,부산광역시 사하구 오작로46,부산광역시 사하구 괴정동398-21,다목적,1,200,360도 전방면,30,2022-11,051-220-4344,35.099275,128.999028,2023-02-16
281,부산광역시 사하구청,부산광역시 사하구 오작로46,부산광역시 사하구 괴정동398-21,다목적,1,200,360도 전방면,30,2022-11,051-220-4344,35.099275,128.999028,2023-02-16
282,부산광역시 사하구청,부산광역시 사하구 오작로34,부산광역시 사하구 괴정동398-43,다목적,1,200,360도 전방면,30,2022-11,051-220-4344,35.098492,128.997215,2023-02-16
283,부산광역시 사하구청,부산광역시 사하구 오작로34,부산광역시 사하구 괴정동398-43,다목적,1,200,360도 전방면,30,2022-11,051-220-4344,35.098492,128.997215,2023-02-16
284,부산광역시 사하구청,부산광역시 사하구 오작로34,부산광역시 사하구 괴정동398-43,다목적,1,200,360도 전방면,30,2022-11,051-220-4344,35.098492,128.997215,2023-02-16
285,부산광역시 사하구청,부산광역시 사하구 하신번영로261번길24,부산광역시 사하구 하단동1165-30,다목적,1,200,360도 전방면,30,2022-11,051-220-4344,35.104455,128.957105,2023-02-16
286,부산광역시 사하구청,부산광역시 사하구 하신번영로261번길24,부산광역시 사하구 하단동1165-30,다목적,1,200,360도 전방면,30,2022-11,051-220-4344,35.104455,128.957105,2023-02-16
287,부산광역시 사하구청,부산광역시 사하구 하신번영로261번길24,부산광역시 사하구 하단동1165-30,다목적,1,200,360도 전방면,30,2022-11,051-220-4344,35.104455,128.957105,2023-02-16
288,부산광역시 사하구청,부산광역시 사하구 동매로120,부산광역시 사하구 하단동277-1,다목적,1,200,360도 전방면,30,2022-11,051-220-4344,35.101663,128.971346,2023-02-16
289,부산광역시 사하구청,부산광역시 사하구 동매로120,부산광역시 사하구 하단동277-1,다목적,1,200,360도 전방면,30,2022-11,051-220-4344,35.101663,128.971346,2023-02-16
290,부산광역시 사하구청,부산광역시 사하구 괴정로76,부산광역시 사하구 하단동268-2,다목적,1,200,360도 전방면,30,2022-11,051-220-4344,35.101921,128.971869,2023-02-16
291,부산광역시 사하구청,부산광역시 사하구 괴정로76,부산광역시 사하구 하단동268-2,다목적,1,200,360도 전방면,30,2022-11,051-220-4344,35.101921,128.971869,2023-02-16
292,부산광역시 사하구청,부산광역시 사하구 하신중앙로292,부산광역시 사하구 하단동606,다목적,1,200,360도 전방면,30,2022-11,051-220-4344,35.103409,128.962477,2023-02-16
293,부산광역시 사하구청,부산광역시 사하구 하신중앙로292,부산광역시 사하구 하단동606,다목적,1,200,360도 전방면,30,2022-11,051-220-4344,35.103409,128.962477,2023-02-16
294,부산광역시 사하구청,부산광역시 사하구 하신중앙로292,부산광역시 사하구 하단동606,다목적,1,200,360도 전방면,30,2022-11,051-220-4344,35.103409,128.962477,2023-02-16
295,부산광역시 사하구청,부산광역시 사하구 낙동남로1410,부산광역시 사하구 하단동491,다목적,1,200,360도 전방면,30,2022-11,051-220-4344,35.106069,128.965777,2023-02-16
296,부산광역시 사하구청,부산광역시 사하구 낙동남로1405번길9,부산광역시 사하구 하단동516,다목적,1,200,360도 전방면,30,2022-11,051-220-4344,35.107046,128.965412,2023-02-16
297,부산광역시 사하구청,부산광역시 사하구 낙동남로1405번길9,부산광역시 사하구 하단동516,다목적,1,200,360도 전방면,30,2022-11,051-220-4344,35.107046,128.965412,2023-02-16
298,부산광역시 사하구청,부산광역시 사하구 낙동남로1405번길5,부산광역시 사하구 하단동516,다목적,1,200,360도 전방면,30,2022-11,051-220-4344,35.106937,128.965259,2023-02-16
299,부산광역시 사하구청,부산광역시 사하구 낙동남로1405번길5,부산광역시 사하구 하단동516,다목적,1,200,360도 전방면,30,2022-11,051-220-4344,35.106937,128.965259,2023-02-16
300,부산광역시 사하구청,부산광역시 사하구 하신번영로300번길35,부산광역시 사하구 하단동523,다목적,1,200,360도 전방면,30,2022-11,051-220-4344,35.107774,128.960961,2023-02-16
301,부산광역시 사하구청,부산광역시 사하구 하신번영로300번길35,부산광역시 사하구 하단동523,다목적,1,200,360도 전방면,30,2022-11,051-220-4344,35.107774,128.960961,2023-02-16
302,부산광역시 사하구청,부산광역시 사하구 하신번영로300번길35,부산광역시 사하구 하단동523,다목적,1,200,360도 전방면,30,2022-11,051-220-4344,35.107774,128.960961,2023-02-16
303,부산광역시 사하구청,부산광역시 사하구 하신번영로350번길10,부산광역시 사하구 하단동870-18,다목적,1,200,360도 전방면,30,2022-11,051-220-4344,35.111982,128.960604,2023-02-16
304,부산광역시 사하구청,부산광역시 사하구 하신번영로350번길10,부산광역시 사하구 하단동870-18,다목적,1,200,360도 전방면,30,2022-11,051-220-4344,35.111982,128.960604,2023-02-16
305,부산광역시 사하구청,부산광역시 사하구 하신번영로350번길10,부산광역시 사하구 하단동870-18,다목적,1,200,360도 전방면,30,2022-11,051-220-4344,35.111982,128.960604,2023-02-16
306,부산광역시 사하구청,부산광역시 사하구 하신번영로312번길66,부산광역시 사하구 하단동523,다목적,1,200,360도 전방면,30,2022-11,051-220-4344,35.108265,128.962249,2023-02-16
307,부산광역시 사하구청,부산광역시 사하구 하신번영로312번길66,부산광역시 사하구 하단동523,다목적,1,200,360도 전방면,30,2022-11,051-220-4344,35.108265,128.962249,2023-02-16
308,부산광역시 사하구청,부산광역시 사하구 낙동대로514,부산광역시 사하구 하단동491,다목적,1,200,360도 전방면,30,2022-11,051-220-4344,35.11029,128.965941,2023-02-16
309,부산광역시 사하구청,부산광역시 사하구 하단동786-1,부산광역시 사하구 하단동786-1,다목적,1,200,360도 전방면,30,2022-11,051-220-4344,35.108625,128.964919,2023-02-16
310,부산광역시 사하구청,부산광역시 사하구 하단동786-1,부산광역시 사하구 하단동786-1,다목적,1,200,360도 전방면,30,2022-11,051-220-4344,35.108625,128.964919,2023-02-16
311,부산광역시 사하구청,부산광역시 사하구 괴정동 1218-13,부산광역시 사하구 괴정동 1218-13,다목적,1,200,360도 전방면,30,2022-12,051-220-4344,35.096452,128.978626,2023-02-16
312,부산광역시 사하구청,부산광역시 사하구 사리로63,부산광역시 사하구 괴정동1238-564,다목적,1,200,360도 전방면,30,2022-11,051-220-4344,35.105508,128.998498,2023-02-16
313,부산광역시 사하구청,부산광역시 사하구 사리로63,부산광역시 사하구 괴정동1238-564,다목적,1,200,360도 전방면,30,2022-11,051-220-4344,35.105508,128.998498,2023-02-16
314,부산광역시 사하구청,부산광역시 사하구 사리로63,부산광역시 사하구 괴정동1238-564,다목적,1,200,360도 전방면,30,2022-11,051-220-4344,35.105508,128.998498,2023-02-16
315,부산광역시 사하구청,부산광역시 사하구 사리로37,부산광역시 사하구 괴정동245-1,다목적,1,200,360도 전방면,30,2022-11,051-220-4344,35.103759,128.998701,2023-02-16
316,부산광역시 사하구청,부산광역시 사하구 사리로37,부산광역시 사하구 괴정동245-1,다목적,1,200,360도 전방면,30,2022-11,051-220-4344,35.103759,128.998701,2023-02-16
317,부산광역시 사하구청,부산광역시 사하구 낙동대로302번길2,부산광역시 사하구 괴정동661-1,다목적,1,200,360도 전방면,30,2022-11,051-220-4344,35.09974,128.984161,2023-02-16
318,부산광역시 사하구청,부산광역시 사하구 낙동대로302번길2,부산광역시 사하구 괴정동661-1,다목적,1,200,360도 전방면,30,2022-11,051-220-4344,35.09974,128.984161,2023-02-16
319,부산광역시 사하구청,부산광역시 사하구 승학로165번길5,부산광역시 사하구 괴정동1083,다목적,1,200,360도 전방면,30,2022-11,051-220-4344,35.101729,128.984522,2023-02-16
320,부산광역시 사하구청,부산광역시 사하구 승학로165번길5,부산광역시 사하구 괴정동1083,다목적,1,200,360도 전방면,30,2022-11,051-220-4344,35.101729,128.984522,2023-02-16
321,부산광역시 사하구청,부산광역시 사하구 낙동대로323번길16,부산광역시 사하구 괴정동661-2,다목적,1,200,360도 전방면,30,2022-11,051-220-4344,35.099338,128.981431,2023-02-16
322,부산광역시 사하구청,부산광역시 사하구 낙동대로356번길33,부산광역시 사하구 당리동356,다목적,1,200,360도 전방면,30,2022-11,051-220-4344,35.102491,128.980497,2023-02-16
323,부산광역시 사하구청,부산광역시 사하구 낙동대로356번길33,부산광역시 사하구 당리동356,다목적,1,200,360도 전방면,30,2022-11,051-220-4344,35.102491,128.980497,2023-02-16
324,부산광역시 사하구청,부산광역시 사하구 낙동대로356번길33,부산광역시 사하구 당리동356,다목적,1,200,360도 전방면,30,2022-11,051-220-4344,35.102491,128.980497,2023-02-16
325,부산광역시 사하구청,부산광역시 사하구 다대로22번길27,부산광역시 사하구 당리동509-5,다목적,1,200,360도 전방면,30,2022-11,051-220-4344,35.099801,128.975846,2023-02-16
326,부산광역시 사하구청,부산광역시 사하구 다대로22번길27,부산광역시 사하구 당리동509-5,다목적,1,200,360도 전방면,30,2022-11,051-220-4344,35.099801,128.975846,2023-02-16
327,부산광역시 사하구청,부산광역시 사하구 다대로22번길27,부산광역시 사하구 당리동509-5,다목적,1,200,360도 전방면,30,2022-11,051-220-4344,35.099114,128.976115,2023-02-16
328,부산광역시 사하구청,부산광역시 사하구 다대로22번길27,부산광역시 사하구 당리동509-5,다목적,1,200,360도 전방면,30,2022-11,051-220-4344,35.099114,128.976115,2023-02-16
329,부산광역시 사하구청,부산광역시 사하구 제석로242,부산광역시 사하구 당리동산4-8,다목적,1,200,360도 전방면,30,2022-11,051-220-4344,35.115362,128.98919,2023-02-16
330,부산광역시 사하구청,부산광역시 사하구 제석로242,부산광역시 사하구 당리동산4-8,다목적,1,200,360도 전방면,30,2022-11,051-220-4344,35.115362,128.98919,2023-02-16
331,부산광역시 사하구청,부산광역시 사하구 감내1로197번길 24,부산광역시 사하구 감천2동 6-1446,다목적,1,200,360도 전방면,30,2012-07,051-220-4344,35.096541,129.008579,2023-02-16
332,부산광역시 사하구청,부산광역시 사하구 감내1로175번길 43,부산광역시 사하구 감천2동 6-493,다목적,1,200,360도 전방면,30,2012-07,051-220-4344,35.096397,129.009063,2023-02-16
333,부산광역시 사하구청,부산광역시 사하구 감내2로 92,부산광역시 사하구 감천2동 6-1773,다목적,1,200,360도 전방면,30,2012-07,051-220-4344,35.096642,129.008096,2023-02-16
334,부산광역시 사하구청,부산광역시 사하구 감내1로175번길 89,부산광역시 사하구 감천2동 6-1169,다목적,1,200,360도 전방면,30,2012-07,051-220-4344,35.097272,129.008662,2023-02-16
335,부산광역시 사하구청,부산광역시 사하구 감내1로175번길 74,부산광역시 사하구 감천2동 6-1294,다목적,1,200,360도 전방면,30,2012-07,051-220-4344,35.097038,129.008919,2023-02-16
336,부산광역시 사하구청,부산광역시 사하구 감천동 6-1723,부산광역시 사하구 감천동 6-1723,다목적,1,200,360도 전방면,30,2012-07,051-220-4344,35.095705,129.007533,2023-02-16
337,부산광역시 사하구청,부산광역시 사하구 장평로146번길 15,부산광역시 사하구 장림동 338-10,다목적,1,200,360도 전방면,30,2017-12,051-220-4344,35.0785315,128.9744485,2023-02-16
338,부산광역시 사하구청,부산광역시 사하구 당리동산4-8,부산광역시 사하구 당리동산4-8,다목적,1,200,360도 전방면,30,2022-11,051-220-4344,35.112693,128.985912,2023-02-16
339,부산광역시 사하구청,부산광역시 사하구 당리동산4-8,부산광역시 사하구 당리동산4-8,다목적,1,200,360도 전방면,30,2022-11,051-220-4344,35.112693,128.985912,2023-02-16
340,부산광역시 사하구청,부산광역시 사하구 당리동산4-8,부산광역시 사하구 당리동산4-8,다목적,1,200,360도 전방면,30,2022-11,051-220-4344,35.112693,128.985912,2023-02-16
341,부산광역시 사하구청,부산광역시 사하구 승학로108번길11,부산광역시 사하구 당리동322,다목적,1,200,360도 전방면,30,2022-11,051-220-4344,35.102548,128.979345,2023-02-16
342,부산광역시 사하구청,부산광역시 사하구 승학로108번길11,부산광역시 사하구 당리동322,다목적,1,200,360도 전방면,30,2022-11,051-220-4344,35.102548,128.979345,2023-02-16
343,부산광역시 사하구청,부산광역시 사하구 승학로108번길11,부산광역시 사하구 당리동322,다목적,1,200,360도 전방면,30,2022-11,051-220-4344,35.102548,128.979345,2023-02-16
344,부산광역시 사하구청,부산광역시 사하구 하신번영로201번길10,부산광역시 사하구 하단동1188,다목적,1,200,360도 전방면,30,2022-11,051-220-4344,35.099088,128.95765,2023-02-16
345,부산광역시 사하구청,부산광역시 사하구 하신번영로201번길10,부산광역시 사하구 하단동1188,다목적,1,200,360도 전방면,30,2022-11,051-220-4344,35.099088,128.95765,2023-02-16
346,부산광역시 사하구청,부산광역시 사하구 하신번영로201번길10,부산광역시 사하구 하단동1188,다목적,1,200,360도 전방면,30,2022-11,051-220-4344,35.099088,128.95765,2023-02-16
347,부산광역시 사하구청,부산광역시 사하구 감천동 140-2,부산광역시 사하구 감천동 140-2,다목적,1,200,360도 전방면,30,2020-11,051-220-4344,35.08363,129.006759,2023-02-16
348,부산광역시 사하구청,부산광역시 사하구 사하로186번라길 24,부산광역시 사하구 괴정동436-36,다목적,1,200,360도 전방면,30,2020-12,051-220-4344,35.099561,128.995192,2023-02-16
349,부산광역시 사하구청,부산광역시 사하구 사하로186번라길 24,부산광역시 사하구 괴정동436-36,다목적,1,200,360도 전방면,30,2020-12,051-220-4344,35.099561,128.995192,2023-02-16
350,부산광역시 사하구청,부산광역시 사하구 감천로139번길 14,부산광역시 사하구 감천동 30-73,다목적,3,200,360도 전방면,30,2021-04,051-220-4344,35.0871651,129.006625,2023-02-16
351,부산광역시 사하구청,부산광역시 사하구 감천로139번나길2,부산광역시 사하구 감천동35,다목적,3,200,360도 전방면,30,2021-04,051-220-4344,35.087063,129.006749,2023-02-16
352,부산광역시 사하구청,부산광역시 사하구 괴정로 246번길 11,부산광역시 사하구 괴정동 534-23,다목적,1,200,360도 전방면,30,2021-06,051-220-4344,35.096508,128.988891,2023-02-16
353,부산광역시 사하구청,부산광역시 사하구 괴정로 232번길 40,부산광역시 사하구 괴정동 540-12,다목적,1,200,360도 전방면,30,2021-06,051-220-4344,35.09505,128.986206,2023-02-16
354,부산광역시 사하구청,부산광역시 사하구 괴정로 245번길 11-8,부산광역시 사하구 괴정동 547-11,다목적,1,200,360도 전방면,30,2021-06,051-220-4344,35.097415,128.98767,2023-02-16
355,부산광역시 사하구청,부산광역시 사하구 승학로 233번길 49,부산광역시 사하구 괴정동 1065-1,다목적,1,200,360도 전방면,30,2021-06,051-220-4344,35.10406,128.989767,2023-02-16
356,부산광역시 사하구청,부산광역시 사하구 까치고개로 42,부산광역시 사하구 괴정동 12-21,다목적,1,200,360도 전방면,30,2021-06,051-220-4344,35.104873,129.006423,2023-02-16
357,부산광역시 사하구청,부산광역시 사하구 대티로17번길47,부산광역시 사하구 괴정동207-52,다목적,1,200,360도 전방면,30,2021-06,051-220-4344,35.105609,129.002583,2023-02-16
358,부산광역시 사하구청,부산광역시 사하구 낙동대로 179번길 24-2,부산광역시 사하구 괴정동 409-71,다목적,1,200,360도 전방면,30,2021-06,051-220-4344,35.100475,128.997146,2023-02-16
359,부산광역시 사하구청,부산광역시 사하구 낙동대로 199번길 16,부산광역시 사하구 괴정동 436-14,다목적,1,200,360도 전방면,30,2021-06,051-220-4344,35.099903,128.995422,2023-02-16
360,부산광역시 사하구청,부산광역시 사하구 낙동대로 199번길 16,부산광역시 사하구 괴정동 436-14,다목적,1,200,360도 전방면,30,2021-06,051-220-4344,35.099903,128.995422,2023-02-16
361,부산광역시 사하구청,부산광역시 사하구 낙동대로 199번길 16,부산광역시 사하구 괴정동 436-14,다목적,1,200,360도 전방면,30,2021-06,051-220-4344,35.099903,128.995422,2023-02-16
362,부산광역시 사하구청,부산광역시 사하구 낙동대로 199번길 16,부산광역시 사하구 괴정동 436-14,다목적,1,200,360도 전방면,30,2021-06,051-220-4344,35.099903,128.995422,2023-02-16
363,부산광역시 사하구청,부산광역시 사하구 오작로 8번길 50,부산광역시 사하구 괴정동 457,다목적,1,200,360도 전방면,30,2021-06,051-220-4344,35.095577,128.995986,2023-02-16
364,부산광역시 사하구청,부산광역시 사하구 사하로 156번길 9-15,부산광역시 사하구 괴정동 477-12,다목적,1,200,360도 전방면,30,2021-06,051-220-4344,35.09599,128.994334,2023-02-16
365,부산광역시 사하구청,부산광역시 사하구 낙동대로 203,부산광역시 사하구 괴정동 1275,다목적,1,200,360도 전방면,30,2021-06,051-220-4344,35.100311,128.994437,2023-02-16
366,부산광역시 사하구청,부산광역시 사하구 승학로 2번길 1,부산광역시 사하구 당리동 302-7,다목적,1,200,360도 전방면,30,2021-06,051-220-4344,35.106403,128.969558,2023-02-16
367,부산광역시 사하구청,부산광역시 사하구 동매로 19번길 21,부산광역시 사하구 하단동 870-33,다목적,1,200,360도 전방면,30,2021-06,051-220-4344,35.104518,128.960525,2023-02-16
368,부산광역시 사하구청,부산광역시 사하구 낙동남로1352-6,부산광역시 사하구 하단동 893-3,다목적,1,200,360도 전방면,30,2021-06,051-220-4344,35.1056037,128.959582,2023-02-16
369,부산광역시 사하구청,부산광역시 사하구 하신번영로 233,부산광역시 사하구 하단동 1175,다목적,1,200,360도 전방면,30,2021-06,051-220-4344,35.101863,128.958084,2023-02-16
370,부산광역시 사하구청,부산광역시 사하구 하신번영로 380번길 30,부산광역시 사하구 하단동 480-3,다목적,1,200,360도 전방면,30,2021-06,051-220-4344,35.113407,128.961059,2023-02-16
371,부산광역시 사하구청,부산광역시 사하구 장평로145번길 9,부산광역시 사하구 장림동 348-35,다목적,1,200,360도 전방면,30,2017-12,051-220-4344,35.0792356,128.9724711,2023-02-16
372,부산광역시 사하구청,부산광역시 사하구 장평로 125,부산광역시 사하구 장림동 604-203,다목적,1,200,360도 전방면,30,2017-12,051-220-4344,35.077233,128.9728229,2023-02-16
373,부산광역시 사하구청,부산광역시 사하구 장평로133번길 31,부산광역시 사하구 장림동 605-45,다목적,1,200,360도 전방면,30,2017-12,051-220-4344,35.0777465,128.9713912,2023-02-16
374,부산광역시 사하구청,부산광역시 사하구 장림시장 8길 217,부산광역시 사하구 장림동 615-251,다목적,1,200,360도 전방면,30,2017-12,051-220-4344,35.0791311,128.9706583,2023-02-16
375,부산광역시 사하구청,부산광역시 사하구 두송로26번길 46,부산광역시 사하구 장림동 44-11,다목적,1,200,360도 전방면,30,2017-12,051-220-4344,35.0771073,128.9801439,2023-02-16
376,부산광역시 사하구청,부산광역시 사하구 두송로26번길 62,부산광역시 사하구 장림동 24,다목적,1,200,360도 전방면,30,2017-12,051-220-4344,35.0765595,128.9803668,2023-02-16
377,부산광역시 사하구청,부산광역시 사하구 다대로277번길 25,부산광역시 사하구 장림동 44,다목적,1,200,360도 전방면,30,2017-12,051-220-4344,35.0772047,128.9787956,2023-02-16
378,부산광역시 사하구청,부산광역시 사하구 다대로271번길 26,부산광역시 사하구 장림동 269,다목적,1,200,360도 전방면,30,2017-12,051-220-4344,35.0777658,128.9786232,2023-02-16
379,부산광역시 사하구청,부산광역시 사하구 장림동 372-3,부산광역시 사하구 장림동 372-3,다목적,1,200,360도 전방면,30,2017-12,051-220-4344,35.0758308,128.9770849,2023-02-16
380,부산광역시 사하구청,부산광역시 사하구 두송로 68,부산광역시 사하구 장림동 60-39,다목적,3,200,360도 전방면,30,2017-12,051-220-4344,35.0773311,128.9818392,2023-02-16
381,부산광역시 사하구청,부산광역시 사하구 다대동로8번길 91,부산광역시 사하구 다대동 355-47,다목적,1,200,360도 전방면,30,2017-12,051-220-4344,35.0571319,128.9740098,2023-02-16
382,부산광역시 사하구청,부산광역시 사하구 다대로530번길 15,부산광역시 사하구 다대동 934-20,다목적,1,200,360도 전방면,30,2017-12,051-220-4344,35.0594136,128.9714187,2023-02-16
383,부산광역시 사하구청,부산광역시 사하구 윤공단로75번길 28,부산광역시 사하구 다대동 1030,다목적,1,200,360도 전방면,30,2017-12,051-220-4344,35.0585481,128.9668885,2023-02-16
384,부산광역시 사하구청,부산광역시 사하구 윤공단로 132,부산광역시 사하구 다대동 927-5,다목적,1,200,360도 전방면,30,2017-12,051-220-4344,35.0613605,128.97291,2023-02-16
385,부산광역시 사하구청,부산광역시 사하구 다대동로 20,부산광역시 사하구 다대동 680-2,다목적,1,200,360도 전방면,30,2017-12,051-220-4344,35.05557,128.9718,2023-02-16
386,부산광역시 사하구청,부산광역시 사하구 다대동로 48,부산광역시 사하구 다대동 850-5,다목적,1,200,360도 전방면,30,2017-12,051-220-4344,35.05733,128.97306,2023-02-16
387,부산광역시 사하구청,부산광역시 사하구 윤공단로 23,부산광역시 사하구 다대동 958,다목적,1,200,360도 전방면,30,2017-12,051-220-4344,35.05468,128.96776,2023-02-16
388,부산광역시 사하구청,부산광역시 사하구 다대동 957-3,부산광역시 사하구 다대동 957-3,다목적,1,200,360도 전방면,30,2017-12,051-220-4344,35.0543,128.96852,2023-02-16
389,부산광역시 사하구청,부산광역시 사하구 다대로 584,부산광역시 사하구 다대동 647-6,다목적,1,200,360도 전방면,30,2017-12,051-220-4344,35.05433,128.97055,2023-02-16
390,부산광역시 사하구청,부산광역시 사하구 다대로564,부산광역시 사하구 다대동766-11,다목적,1,200,360도 전방면,30,2017-12,051-220-4344,35.05602,128.97039,2023-02-16
391,부산광역시 사하구청,부산광역시 사하구 윤공단로 103,부산광역시 사하구 다대동 930-1,다목적,1,200,360도 전방면,30,2017-12,051-220-4344,35.06014,128.97038,2023-02-16
392,부산광역시 사하구청,부산광역시 사하구 다대로554번길 23,부산광역시 사하구 다대동 944-1,다목적,1,200,360도 전방면,30,2017-12,051-220-4344,35.05744,128.96943,2023-02-16
393,부산광역시 사하구청,부산광역시 사하구 몰운대2길 1,부산광역시 사하구 다대동 468-21,다목적,1,200,360도 전방면,30,2017-12,051-220-4344,35.04616,128.96903,2023-02-16
394,부산광역시 사하구청,부산광역시 사하구 다대동 411-32,부산광역시 사하구 다대동 411-32,다목적,1,200,360도 전방면,30,2017-12,051-220-4344,35.04814,128.97003,2023-02-16
395,부산광역시 사하구청,부산광역시 사하구 다송로84번길 132,부산광역시 사하구 다대동 316-12,다목적,1,200,360도 전방면,30,2017-12,051-220-4344,35.05777,128.97905,2023-02-16
396,부산광역시 사하구청,부산광역시 사하구 다대로381번길 60,부산광역시 사하구 다대동 93-7,다목적,1,200,360도 전방면,30,2017-12,051-220-4344,35.06671,128.98359,2023-02-16
397,부산광역시 사하구청,부산광역시 사하구 을숙도대로755번길 28,부산광역시 사하구 구평동 20-3,다목적,1,200,360도 전방면,30,2017-12,051-220-4344,35.08702,128.98745,2023-02-16
398,부산광역시 사하구청,부산광역시 사하구 감천로42번길 21-1,부산광역시 사하구 감천동 789-3,다목적,1,200,360도 전방면,30,2017-12,051-220-4344,35.08877,128.99601,2023-02-16
399,부산광역시 사하구청,부산광역시 사하구 낙동대로519번길 80,부산광역시 사하구 하단동 501,다목적,1,200,360도 전방면,30,2017-12,051-220-4344,35.11071,128.96093,2023-02-16
400,부산광역시 사하구청,부산광역시 사하구 낙동대로519번길 80,부산광역시 사하구 하단동 501,다목적,1,200,360도 전방면,30,2022-09,051-220-4344,35.11071,128.96093,2023-02-16
401,부산광역시 사하구청,부산광역시 사하구 낙동대로519번길 80,부산광역시 사하구 하단동 501,다목적,1,200,360도 전방면,30,2022-09,051-220-4344,35.11071,128.96093,2023-02-16
402,부산광역시 사하구청,부산광역시 사하구 낙동대로519번길 80,부산광역시 사하구 하단동 501,다목적,1,200,360도 전방면,30,2022-09,051-220-4344,35.11071,128.96093,2023-02-16
403,부산광역시 사하구청,부산광역시 사하구 괴정동207-62,부산광역시 사하구 괴정동207-62,다목적,1,200,360도 전방면,30,2017-12,051-220-4344,35.10529,129.00154,2023-02-16
404,부산광역시 사하구청,부산광역시 사하구 낙동대로 535번길 54,부산광역시 사하구 하단동 487-26,다목적,1,200,360도 전방면,30,2021-06,051-220-4344,35.111423,128.961578,2023-02-16
405,부산광역시 사하구청,부산광역시 사하구 낙동남로 1423번길 113,부산광역시 사하구 하단동 499-4,다목적,1,200,360도 전방면,30,2021-06,051-220-4344,35.111175,128.96434,2023-02-16
406,부산광역시 사하구청,부산광역시 사하구 승학로 3번길 96-3,부산광역시 사하구 하단동 507-7,다목적,1,200,360도 전방면,30,2021-06,051-220-4344,35.110351,128.967163,2023-02-16
407,부산광역시 사하구청,부산광역시 사하구 낙동남로 1361번길 9,부산광역시 사하구 하단동 870-84,다목적,1,200,360도 전방면,30,2021-06,051-220-4344,35.107013,128.960479,2023-02-16
408,부산광역시 사하구청,부산광역시 사하구 대티로41번길50,부산광역시 사하구 괴정동193-175,다목적,1,200,360도 전방면,30,2021-08,051-220-4344,35.10788,129.003495,2023-02-16
409,부산광역시 사하구청,부산광역시 사하구 대티로41번길50,부산광역시 사하구 괴정동193-175,다목적,1,200,360도 전방면,30,2021-08,051-220-4344,35.10788,129.003495,2023-02-16
410,부산광역시 사하구청,부산광역시 사하구 대티로63번나길 12,부산광역시 사하구 괴정동 193-187,다목적,1,200,360도 전방면,30,2021-08,051-220-4344,35.107739,129.005113,2023-02-16
411,부산광역시 사하구청,부산광역시 사하구 대티로63번나길 12,부산광역시 사하구 괴정동 193-187,다목적,1,200,360도 전방면,30,2021-08,051-220-4344,35.107739,129.005113,2023-02-16
412,부산광역시 사하구청,부산광역시 사하구 대티로63번길 28-3,부산광역시 사하구 괴정동 100-36,다목적,1,200,360도 전방면,30,2021-08,051-220-4344,35.1070459,129.005548,2023-02-16
413,부산광역시 사하구청,부산광역시 사하구 대티로63번길 28-3,부산광역시 사하구 괴정동 100-36,다목적,1,200,360도 전방면,30,2021-08,051-220-4344,35.1070459,129.005548,2023-02-16
414,부산광역시 사하구청,부산광역시 사하구 대티로63번가길 11-1,부산광역시 사하구 괴정동 100-88,다목적,1,200,360도 전방면,30,2021-08,051-220-4344,35.107486,129.006962,2023-02-16
415,부산광역시 사하구청,부산광역시 사하구 대티로63번가길 11-1,부산광역시 사하구 괴정동 100-88,다목적,1,200,360도 전방면,30,2021-08,051-220-4344,35.107486,129.006962,2023-02-16
416,부산광역시 사하구청,부산광역시 사하구 대티로81번길 22,부산광역시 사하구 괴정동 100-103,다목적,1,200,360도 전방면,30,2021-08,051-220-4344,35.107277,129.007666,2023-02-16
417,부산광역시 사하구청,부산광역시 사하구 대티로81번길 22,부산광역시 사하구 괴정동 100-103,다목적,1,200,360도 전방면,30,2021-08,051-220-4344,35.107277,129.0076668,2023-02-16
418,부산광역시 사하구청,부산광역시 사하구 대티로107번길 59,부산광역시 사하구 괴정동 100-47,다목적,1,200,360도 전방면,30,2021-08,051-220-4344,35.10779,129.007890,2023-02-16
419,부산광역시 사하구청,부산광역시 사하구 대티로107번길 59,부산광역시 사하구 괴정동 100-47,다목적,1,200,360도 전방면,30,2021-08,051-220-4344,35.107791,129.007890,2023-02-16
420,부산광역시 사하구청,부산광역시 사하구 신평동 354-10,부산광역시 사하구 신평동 354-10,다목적,1,200,360도 전방면,30,2022-02,051-220-4344,35.092255,128.968906,2023-02-16
421,부산광역시 사하구청,부산광역시 사하구 신평동 354-10,부산광역시 사하구 신평동 354-10,다목적,1,200,360도 전방면,30,2022-02,051-220-4344,35.092255,128.968906,2023-02-16
422,부산광역시 사하구청,부산광역시 사하구 신평동 354-10,부산광역시 사하구 신평동 354-10,다목적,1,200,360도 전방면,30,2022-02,051-220-4344,35.092255,128.968906,2023-02-16
423,부산광역시 사하구청,부산광역시 사하구 신평동 354-10,부산광역시 사하구 신평동 354-10,다목적,1,200,360도 전방면,30,2022-02,051-220-4344,35.092343,128.968683,2023-02-16
424,부산광역시 사하구청,부산광역시 사하구 신평동 354-10,부산광역시 사하구 신평동 354-10,다목적,1,200,360도 전방면,30,2022-02,051-220-4344,35.092343,128.968683,2023-02-16
425,부산광역시 사하구청,부산광역시 사하구 신평동 354-10,부산광역시 사하구 신평동 354-10,다목적,1,200,360도 전방면,30,2022-02,051-220-4344,35.092343,128.968683,2023-02-16
426,부산광역시 사하구청,부산광역시 사하구 신평동 354-10,부산광역시 사하구 신평동 354-10,다목적,1,200,360도 전방면,30,2022-02,051-220-4344,35.092602,128.96871,2023-02-16
427,부산광역시 사하구청,부산광역시 사하구 신평동 354-10,부산광역시 사하구 신평동 354-10,다목적,1,200,360도 전방면,30,2022-02,051-220-4344,35.092602,128.96871,2023-02-16
428,부산광역시 사하구청,부산광역시 사하구 신평동 354-10,부산광역시 사하구 신평동 354-10,다목적,1,200,360도 전방면,30,2022-02,051-220-4344,35.092602,128.96871,2023-02-16
429,부산광역시 사하구청,부산광역시 사하구 신평동 354-10,부산광역시 사하구 신평동 354-10,다목적,1,200,360도 전방면,30,2022-02,051-220-4344,35.092923,128.96878,2023-02-16
430,부산광역시 사하구청,부산광역시 사하구 신평동 354-10,부산광역시 사하구 신평동 354-10,다목적,1,200,360도 전방면,30,2022-02,051-220-4344,35.092923,128.96878,2023-02-16
431,부산광역시 사하구청,부산광역시 사하구 신평동 354-10,부산광역시 사하구 신평동 354-10,다목적,1,200,360도 전방면,30,2022-02,051-220-4344,35.092923,128.96878,2023-02-16
432,부산광역시 사하구청,부산광역시 사하구 괴정동 218-31,부산광역시 사하구 괴정동 218-31,다목적,1,200,360도 전방면,30,2022-04,051-220-4344,35.108206,128.99877,2023-02-16
433,부산광역시 사하구청,부산광역시 사하구 괴정동 산9,부산광역시 사하구 괴정동 산9,다목적,1,200,360도 전방면,30,2022-04,051-220-4344,35.106358,129.000982,2023-02-16
434,부산광역시 사하구청,부산광역시 사하구 괴정동 산9,부산광역시 사하구 괴정동 산9,다목적,1,200,360도 전방면,30,2022-04,051-220-4344,35.106358,129.000982,2023-02-16
435,부산광역시 사하구청,부산광역시 사하구 괴정동 산9,부산광역시 사하구 괴정동 산9,다목적,1,200,360도 전방면,30,2022-04,051-220-4344,35.106358,129.000982,2023-02-16
436,부산광역시 사하구청,부산광역시 사하구 하단동 786-1,부산광역시 사하구 하단동 786-1,다목적,1,200,360도 전방면,30,2022-02,051-220-4344,35.109234,128.963012,2023-02-16
437,부산광역시 사하구청,부산광역시 사하구 장림시장4길 133,부산광역시 사하구 장림동 342,다목적,1,200,360도 전방면,30,2017-11,051-220-4344,35.08027,128.96939,2023-02-16
438,부산광역시 사하구청,부산광역시 사하구 옥천로75번길 14,부산광역시 사하구 감천동 12-121,다목적,1,200,360도 전방면,30,2013-12,051-220-4344,35.09399,129.00908,2023-02-16
439,부산광역시 사하구청,부산광역시 사하구 다대로530번길 21,부산광역시 사하구 다대동 934-1,다목적,1,200,360도 전방면,30,2013-12,051-220-4344,35.05957,128.97098,2023-02-16
440,부산광역시 사하구청,부산광역시 사하구 윤공단로51번길 22,부산광역시 사하구 다대동 949-19,다목적,1,200,360도 전방면,30,2013-12,051-220-4344,35.05603,128.96727,2023-02-16
441,부산광역시 사하구청,부산광역시 사하구 윤공단로 58,부산광역시 사하구 다대동 946-10,다목적,1,200,360도 전방면,30,2013-12,051-220-4344,35.05742,128.96748,2023-02-16
442,부산광역시 사하구청,부산광역시 사하구 하신번영로 243,부산광역시 사하구 하단동 1172,다목적,1,200,360도 전방면,30,2013-12,051-220-4344,35.10278,128.956716,2023-02-16
443,부산광역시 사하구청,부산광역시 사하구 하신번영로 243,부산광역시 사하구 하단동 1172,다목적,1,200,360도 전방면,30,2013-12,051-220-4344,35.10262,128.958232,2023-02-16
444,부산광역시 사하구청,부산광역시 사하구 낙동대로280번길 2,부산광역시 사하구 괴정동 769-3,다목적,1,200,360도 전방면,30,2018-05,051-220-4344,35.09952,128.9864,2023-02-16
445,부산광역시 사하구청,부산광역시 사하구 다대로 740,부산광역시 사하구 다대1동 1548-5,다목적,1,200,360도 전방면,30,2018-11,051-220-4344,35.050679,128.959332,2023-02-16
446,부산광역시 사하구청,부산광역시 사하구 낙동대로 449,부산광역시 사하구 하단1동 619-1,다목적,1,200,360도 전방면,30,2018-12,051-220-4344,35.105061,128.96932,2023-02-16
447,부산광역시 사하구청,부산광역시 사하구 낙동대로 449,부산광역시 사하구 하단1동 619-1,다목적,1,200,360도 전방면,30,2022-09,051-220-4344,35.105061,128.96932,2023-02-16
448,부산광역시 사하구청,부산광역시 사하구 낙동대로 449,부산광역시 사하구 하단1동 619-1,다목적,1,200,360도 전방면,30,2022-09,051-220-4344,35.105061,128.96932,2023-02-16
449,부산광역시 사하구청,부산광역시 사하구 낙동대로 449,부산광역시 사하구 하단1동 619-1,다목적,1,200,360도 전방면,30,2022-09,051-220-4344,35.105061,128.96932,2023-02-16
450,부산광역시 사하구청,부산광역시 사하구 괴정로 119,부산광역시 사하구 당리동 337-3,다목적,1,200,360도 전방면,30,2018-12,051-220-4344,35.101264,128.976431,2023-02-16
451,부산광역시 사하구청,부산광역시 사하구 괴정로 119,부산광역시 사하구 당리동 337-3,다목적,1,200,360도 전방면,30,2022-09,051-220-4344,35.101264,128.976431,2023-02-16
452,부산광역시 사하구청,부산광역시 사하구 괴정로 119,부산광역시 사하구 당리동 337-3,다목적,1,200,360도 전방면,30,2022-09,051-220-4344,35.101264,128.976431,2023-02-16
453,부산광역시 사하구청,부산광역시 사하구 괴정로 119,부산광역시 사하구 당리동 337-3,다목적,1,200,360도 전방면,30,2022-09,051-220-4344,35.101264,128.976431,2023-02-16
454,부산광역시 사하구청,부산광역시 사하구 감천로21번길 41,부산광역시 사하구 감천1동 589,다목적,1,200,360도 전방면,30,2018-12,051-220-4344,35.092904,128.996636,2023-02-16
455,부산광역시 사하구청,부산광역시 사하구 서포로 61,부산광역시 사하구 구평동 173-2,다목적,1,200,360도 전방면,30,2018-12,051-220-4344,35.081217,128.989936,2023-02-16
456,부산광역시 사하구청,부산광역시 사하구 사하로 98,부산광역시 사하구 감천1동 808-29,다목적,1,200,360도 전방면,30,2018-12,051-220-4344,35.090338,128.993892,2023-02-16
457,부산광역시 사하구청,부산광역시 사하구 다대로586번길 14,부산광역시 사하구 다대1동 583-2,다목적,1,200,360도 전방면,30,2018-12,051-220-4344,35.053904,128.969904,2023-02-16
458,부산광역시 사하구청,부산광역시 사하구 장림시장11길 48,부산광역시 사하구 장림1동 640-192,다목적,1,200,360도 전방면,30,2018-12,051-220-4344,35.079417,128.967629,2023-02-16
459,부산광역시 사하구청,부산광역시 사하구 감천로 40,부산광역시 사하구 감천동 662-5,다목적,1,200,360도 전방면,30,2017-12,051-220-4344,35.09079,128.99714,2023-02-16
460,부산광역시 사하구청,부산광역시 사하구 다대낙조2길 13,부산광역시 사하구 다대동 1548-11,다목적,1,200,360도 전방면,30,2017-12,051-220-4344,35.05136,128.96296,2023-02-16
461,부산광역시 사하구청,부산광역시 사하구 서포로30번길 3,부산광역시 사하구 구평동 506-3,다목적,1,200,360도 전방면,30,2017-12,051-220-4344,35.08327,128.98591,2023-02-16
462,부산광역시 사하구청,부산광역시 사하구 윤공단로 74,부산광역시 사하구 다대동 938-12,다목적,1,200,360도 전방면,30,2017-12,051-220-4344,35.05852,128.96835,2023-02-16
463,부산광역시 사하구청,부산광역시 사하구 낙동대로233번길 21-15,부산광역시 사하구 괴정동 945-5,다목적,1,200,360도 전방면,30,2017-12,051-220-4344,35.09871,128.99306,2023-02-16
464,부산광역시 사하구청,부산광역시 사하구 승학로233번길 80,부산광역시 사하구 괴정동 1063-136,다목적,1,200,360도 전방면,30,2017-12,051-220-4344,35.10562,128.98979,2023-02-16
465,부산광역시 사하구청,부산광역시 사하구 대티로 44,부산광역시 사하구 괴정동 199-6,다목적,1,200,360도 전방면,30,2017-12,051-220-4344,35.10546,129.00391,2023-02-16
466,부산광역시 사하구청,부산광역시 사하구 오작로122번길 5,부산광역시 사하구 괴정동 352-74,다목적,1,200,360도 전방면,30,2017-12,051-220-4344,35.10232,129.0049,2023-02-16
467,부산광역시 사하구청,부산광역시 사하구 오작로 86-1,부산광역시 사하구 괴정동 378-7,다목적,1,200,360도 전방면,30,2017-12,051-220-4344,35.09999,129.00232,2023-02-16
468,부산광역시 사하구청,부산광역시 사하구 오작로8번길 15-2,부산광역시 사하구 괴정동 448-31,다목적,1,200,360도 전방면,30,2017-12,051-220-4344,35.09704,128.99553,2023-02-16
469,부산광역시 사하구청,부산광역시 사하구 낙동대로164번길 9,부산광역시 사하구 괴정동 251-9,다목적,1,200,360도 전방면,30,2017-12,051-220-4344,35.10266,128.99786,2023-02-16
470,부산광역시 사하구청,부산광역시 사하구 하단동 786-1,부산광역시 사하구 하단동 786-1,다목적,1,200,360도 전방면,30,2022-02,051-220-4344,35.109234,128.963012,2023-02-16
471,부산광역시 사하구청,부산광역시 사하구 하단동 786-1,부산광역시 사하구 하단동 786-1,다목적,1,200,360도 전방면,30,2022-02,051-220-4344,35.108997,128.963494,2023-02-16
472,부산광역시 사하구청,부산광역시 사하구 하단동 786-1,부산광역시 사하구 하단동 786-1,다목적,1,200,360도 전방면,30,2022-02,051-220-4344,35.108422,128.964127,2023-02-16
473,부산광역시 사하구청,부산광역시 사하구 하단동 786-1,부산광역시 사하구 하단동 786-1,다목적,1,200,360도 전방면,30,2022-02,051-220-4344,35.110226,128.962717,2023-02-16
474,부산광역시 사하구청,부산광역시 사하구 하단동 786-1,부산광역시 사하구 하단동 786-1,다목적,1,200,360도 전방면,30,2022-02,051-220-4344,35.109528,128.961821,2023-02-16
475,부산광역시 사하구청,부산광역시 사하구 하단동 786-1,부산광역시 사하구 하단동 786-1,다목적,1,200,360도 전방면,30,2022-02,051-220-4344,35.109883,128.961633,2023-02-16
476,부산광역시 사하구청,부산광역시 사하구 하단동 786-1,부산광역시 사하구 하단동 786-1,다목적,1,200,360도 전방면,30,2022-02,051-220-4344,35.109883,128.961633,2023-02-16
477,부산광역시 사하구청,부산광역시 사하구 하단동 786-1,부산광역시 사하구 하단동 786-1,다목적,1,200,360도 전방면,30,2022-02,051-220-4344,35.10904,128.962668,2023-02-16
478,부산광역시 사하구청,부산광역시 사하구 하단동 786-1,부산광역시 사하구 하단동 786-1,다목적,1,200,360도 전방면,30,2022-02,051-220-4344,35.109234,128.963832,2023-02-16
479,부산광역시 사하구청,부산광역시 사하구 하단동 786-1,부산광역시 사하구 하단동 786-1,다목적,1,200,360도 전방면,30,2022-02,051-220-4344,35.109102,128.965468,2023-02-16
480,부산광역시 사하구청,부산광역시 사하구 하단동 786-1,부산광역시 사하구 하단동 786-1,다목적,1,200,360도 전방면,30,2022-02,051-220-4344,35.109102,128.965468,2023-02-16
481,부산광역시 사하구청,부산광역시 사하구 하단동 786-1,부산광역시 사하구 하단동 786-1,다목적,1,200,360도 전방면,30,2022-02,051-220-4344,35.108992,128.965345,2023-02-16
482,부산광역시 사하구청,부산광역시 사하구 하단동 786-1,부산광역시 사하구 하단동 786-1,다목적,1,200,360도 전방면,30,2022-02,051-220-4344,35.108992,128.964878,2023-02-16
483,부산광역시 사하구청,부산광역시 사하구 하단동 786-1,부산광역시 사하구 하단동 786-1,다목적,1,200,360도 전방면,30,2022-02,051-220-4344,35.108992,128.964878,2023-02-16
484,부산광역시 사하구청,부산광역시 사하구 하단동 786-1,부산광역시 사하구 하단동 786-1,다목적,1,200,360도 전방면,30,2022-02,051-220-4344,35.109589,128.963816,2023-02-16
485,부산광역시 사하구청,부산광역시 사하구 하단동 786-1,부산광역시 사하구 하단동 786-1,다목적,1,200,360도 전방면,30,2022-11,051-220-4344,35.109589,128.963816,2023-02-16
486,부산광역시 사하구청,부산광역시 사하구 하단동 786-1,부산광역시 사하구 하단동 786-1,다목적,1,200,360도 전방면,30,2022-11,051-220-4344,35.109589,128.963816,2023-02-16
487,부산광역시 사하구청,부산광역시 사하구 하단동 786-1,부산광역시 사하구 하단동 786-1,다목적,1,200,360도 전방면,30,2022-02,051-220-4344,35.109254,128.9643,2023-02-16
488,부산광역시 사하구청,부산광역시 사하구 하단동 786-1,부산광역시 사하구 하단동 786-1,다목적,1,200,360도 전방면,30,2022-02,051-220-4344,35.109254,128.9643,2023-02-16
489,부산광역시 사하구청,부산광역시 사하구 하단동 786-1,부산광역시 사하구 하단동 786-1,다목적,1,200,360도 전방면,30,2022-02,051-220-4344,35.10933,128.964616,2023-02-16
490,부산광역시 사하구청,부산광역시 사하구 하단동 786-1,부산광역시 사하구 하단동 786-1,다목적,1,200,360도 전방면,30,2022-02,051-220-4344,35.10933,128.964616,2023-02-16
491,부산광역시 사하구청,부산광역시 사하구 하단동 786-1,부산광역시 사하구 하단동 786-1,다목적,1,200,360도 전방면,30,2022-11,051-220-4344,35.10933,128.964616,2023-02-16
492,부산광역시 사하구청,부산광역시 사하구 장평로299번안길19,부산광역시 사하구 신평동170,다목적,1,200,360도 전방면,30,2022-06,051-220-4344,35.09367,128.97221,2023-02-16
493,부산광역시 사하구청,부산광역시 사하구 장평로299번안길19,부산광역시 사하구 신평동170,다목적,1,200,360도 전방면,30,2022-06,051-220-4344,35.09367,128.97221,2023-02-16
494,부산광역시 사하구청,부산광역시 사하구 장평로299번안길19,부산광역시 사하구 신평동170,다목적,1,200,360도 전방면,30,2022-06,051-220-4344,35.09395,128.97211,2023-02-16
495,부산광역시 사하구청,부산광역시 사하구 다대로130번길163,부산광역시 사하구 신평동161-69,다목적,1,200,360도 전방면,30,2022-06,051-220-4344,35.09304,128.97413,2023-02-16
496,부산광역시 사하구청,부산광역시 사하구 다대로130번길163,부산광역시 사하구 신평동161-69,다목적,1,200,360도 전방면,30,2022-06,051-220-4344,35.09304,128.97413,2023-02-16
497,부산광역시 사하구청,부산광역시 사하구 다대로130번길163,부산광역시 사하구 신평동161-69,다목적,1,200,360도 전방면,30,2022-06,051-220-4344,35.09304,128.97413,2023-02-16
498,부산광역시 사하구청,부산광역시 사하구 장평로322번길10,부산광역시 사하구 신평동11-188,다목적,1,200,360도 전방면,30,2022-06,051-220-4344,35.09367,128.97542,2023-02-16
499,부산광역시 사하구청,부산광역시 사하구 장평로322번길10,부산광역시 사하구 신평동11-188,다목적,1,200,360도 전방면,30,2022-06,051-220-4344,35.09367,128.97542,2023-02-16
500,부산광역시 사하구청,부산광역시 사하구 장평로322번길10,부산광역시 사하구 신평동11-188,다목적,1,200,360도 전방면,30,2022-06,051-220-4344,35.09367,128.97542,2023-02-16
501,부산광역시 사하구청,부산광역시 사하구 장평로322번길10,부산광역시 사하구 신평동11-188,다목적,1,200,360도 전방면,30,2022-06,051-220-4344,35.09367,128.97542,2023-02-16
502,부산광역시 사하구청,부산광역시 사하구 신평동73-1,부산광역시 사하구 신평동73-1,다목적,1,200,360도 전방면,30,2022-06,051-220-4344,35.08972,128.97762,2023-02-16
503,부산광역시 사하구청,부산광역시 사하구 오작로8번길 2,부산광역시 사하구 괴정동 466-1,다목적,1,200,360도 전방면,30,2022-09,051-220-4344,35.0973,128.99482,2023-02-16
504,부산광역시 사하구청,부산광역시 사하구 오작로8번길 2,부산광역시 사하구 괴정동 466-1,다목적,1,200,360도 전방면,30,2022-09,051-220-4344,35.0973,128.99482,2023-02-16
505,부산광역시 사하구청,부산광역시 사하구 오작로8번길 2,부산광역시 사하구 괴정동 466-1,다목적,1,200,360도 전방면,30,2022-09,051-220-4344,35.0973,128.99482,2023-02-16
506,부산광역시 사하구청,부산광역시 사하구 마하로 67,부산광역시 사하구 당리동 354-7,다목적,1,200,360도 전방면,30,2017-12,051-220-4344,35.10544,128.98414,2023-02-16
507,부산광역시 사하구청,부산광역시 사하구 승학로 206,부산광역시 사하구 괴정동 795-13,다목적,1,200,360도 전방면,30,2017-12,051-220-4344,35.10102,128.98813,2023-02-16
508,부산광역시 사하구청,부산광역시 사하구 괴정동 764-106,부산광역시 사하구 괴정동 764-106,다목적,1,200,360도 전방면,30,2017-12,051-220-4344,35.10047,128.98528,2023-02-16
509,부산광역시 사하구청,부산광역시 사하구 제석로59번안길 1,부산광역시 사하구 당리동 311-18,다목적,1,200,360도 전방면,30,2017-12,051-220-4344,35.10632,128.97458,2023-02-16
510,부산광역시 사하구청,부산광역시 사하구 동매로 161,부산광역시 사하구 당리동 331-21,다목적,1,200,360도 전방면,30,2017-12,051-220-4344,35.10139,128.97584,2023-02-16
511,부산광역시 사하구청,부산광역시 사하구 제석로 31,부산광역시 사하구 당리동 313-12,다목적,1,200,360도 전방면,30,2022-09,051-220-4344,35.1045,128.97253,2023-02-16
512,부산광역시 사하구청,부산광역시 사하구 제석로 31,부산광역시 사하구 당리동 313-12,다목적,1,200,360도 전방면,30,2022-09,051-220-4344,35.1045,128.97253,2023-02-16
513,부산광역시 사하구청,부산광역시 사하구 제석로 31,부산광역시 사하구 당리동 313-12,다목적,1,200,360도 전방면,30,2022-09,051-220-4344,35.1045,128.97253,2023-02-16
514,부산광역시 사하구청,부산광역시 사하구 제석로 6,부산광역시 사하구 하단동 62-4,다목적,1,200,360도 전방면,30,2022-09,051-220-4344,35.10296,128.97042,2023-02-16
515,부산광역시 사하구청,부산광역시 사하구 제석로 6,부산광역시 사하구 하단동 62-4,다목적,1,200,360도 전방면,30,2022-09,051-220-4344,35.10296,128.97042,2023-02-16
516,부산광역시 사하구청,부산광역시 사하구 제석로 6,부산광역시 사하구 하단동 62-4,다목적,1,200,360도 전방면,30,2022-09,051-220-4344,35.10296,128.97042,2023-02-16
517,부산광역시 사하구청,부산광역시 사하구 제석로 6,부산광역시 사하구 하단동 62-4,다목적,1,200,360도 전방면,30,2022-09,051-220-4344,35.10296,128.97042,2023-02-16
518,부산광역시 사하구청,부산광역시 사하구 동매로66번길 34,부산광역시 사하구 하단동 381-31,다목적,1,200,360도 전방면,30,2017-12,051-220-4344,35.1018,128.9663,2023-02-16
519,부산광역시 사하구청,부산광역시 사하구 낙동남로1423번길 87-5,부산광역시 사하구 하단동 781,다목적,1,200,360도 전방면,30,2017-12,051-220-4344,35.1099,128.96458,2023-02-16
520,부산광역시 사하구청,부산광역시 사하구 승학로17번길 74,부산광역시 사하구 하단동 508-11,다목적,1,200,360도 전방면,30,2017-12,051-220-4344,35.10943,128.96802,2023-02-16
521,부산광역시 사하구청,부산광역시 사하구 감천동 산 99-1,부산광역시 사하구 감천동 산 99-1,다목적,1,200,360도 전방면,30,2012-09,051-220-4344,35.093919,129.011702,2023-02-16
522,부산광역시 사하구청,부산광역시 사하구 감천동 13-1523,부산광역시 사하구 감천동 13-1523,다목적,1,200,360도 전방면,30,2012-09,051-220-4344,35.092839,129.011617,2023-02-16
523,부산광역시 사하구청,부산광역시 사하구 하단2동 1203,부산광역시 사하구 하단2동 1203,다목적,1,200,360도 전방면,30,2012-09,051-220-4344,35.1071839,128.9567391,2023-02-16
524,부산광역시 사하구청,부산광역시 사하구 하단2동 1203,부산광역시 사하구 하단2동 1203,다목적,1,200,360도 전방면,30,2012-09,051-220-4344,35.106776,128.956329,2023-02-16
525,부산광역시 사하구청,부산광역시 사하구 다송로72번길 80,부산광역시 사하구 다대2동 1573-1,다목적,1,200,360도 전방면,30,2012-09,051-220-4344,35.0608562,128.980154,2023-02-16
526,부산광역시 사하구청,부산광역시 사하구 다대로554번길 43,부산광역시 사하구 다대1동 946-19,다목적,1,200,360도 전방면,30,2012-09,051-220-4344,35.057923,128.968762,2023-02-16
527,부산광역시 사하구청,부산광역시 사하구 다송로 76,부산광역시 사하구 다대2동 1580,다목적,1,200,360도 전방면,30,2012-09,051-220-4344,35.0621782,128.9837749,2023-02-16
528,부산광역시 사하구청,부산광역시 사하구 괴정4동 661,부산광역시 사하구 괴정4동 661,다목적,1,200,360도 전방면,30,2013-12,051-220-4344,35.098975,128.9865699,2023-02-16
529,부산광역시 사하구청,부산광역시 사하구 낙동대로244번길 48,부산광역시 사하구 괴정동 1045-4,다목적,1,200,360도 전방면,30,2013-12,051-220-4344,35.101311,128.990237,2023-02-16
530,부산광역시 사하구청,부산광역시 사하구 낙동대로244번길 48,부산광역시 사하구 괴정동 1045-4,다목적,1,200,360도 전방면,30,2022-07,051-220-4344,35.101311,128.990237,2023-02-16
531,부산광역시 사하구청,부산광역시 사하구 낙동대로244번길 48,부산광역시 사하구 괴정동 1045-4,다목적,1,200,360도 전방면,30,2022-07,051-220-4344,35.101311,128.990237,2023-02-16
532,부산광역시 사하구청,부산광역시 사하구 승학로224번길 122,부산광역시 사하구 괴정동 260-23,다목적,1,200,360도 전방면,30,2013-12,051-220-4344,35.102238,128.996315,2023-02-16
533,부산광역시 사하구청,부산광역시 사하구 괴정로15번길 47,부산광역시 사하구 하단1동 157-3,다목적,1,200,360도 전방면,30,2013-12,051-220-4344,35.103954,128.968661,2023-02-16
534,부산광역시 사하구청,부산광역시 사하구 낙동대로549번길 29,부산광역시 사하구 하단2동 487-1,다목적,1,200,360도 전방면,30,2013-12,051-220-4344,35.112588,128.961713,2023-02-16
535,부산광역시 사하구청,부산광역시 사하구 비봉로 21,부산광역시 사하구 신평2동 414-3,다목적,1,200,360도 전방면,30,2013-12,051-220-4344,35.096992,128.9635099,2023-02-16
536,부산광역시 사하구청,부산광역시 사하구 신평동370-211,부산광역시 사하구 신평동370-211,다목적,1,200,360도 전방면,30,2022-06,051-220-4344,35.09182,128.96413,2023-02-16
537,부산광역시 사하구청,부산광역시 사하구 신평동370-211,부산광역시 사하구 신평동370-211,다목적,1,200,360도 전방면,30,2022-06,051-220-4344,35.09182,128.96413,2023-02-16
538,부산광역시 사하구청,부산광역시 사하구 하신중앙로53번길60,부산광역시 사하구 신평동370-95,다목적,1,200,360도 전방면,30,2022-06,051-220-4344,35.08183,128.95772,2023-02-16
539,부산광역시 사하구청,부산광역시 사하구 하신중앙로53번길60,부산광역시 사하구 신평동370-95,다목적,1,200,360도 전방면,30,2022-06,051-220-4344,35.08183,128.95772,2023-02-16
540,부산광역시 사하구청,부산광역시 사하구 하신중앙로3번가길46,부산광역시 사하구 장림동975-95,다목적,1,200,360도 전방면,30,2022-06,051-220-4344,35.07716,128.96115,2023-02-16
541,부산광역시 사하구청,부산광역시 사하구 장림시장9길99,부산광역시 사하구 장림동640-92,다목적,1,200,360도 전방면,30,2022-06,051-220-4344,35.07991,128.96723,2023-02-16
542,부산광역시 사하구청,부산광역시 사하구 장평로125번길125-14,부산광역시 사하구 장림동625-27,다목적,1,200,360도 전방면,30,2022-06,051-220-4344,35.07846,128.97008,2023-02-16
543,부산광역시 사하구청,부산광역시 사하구 다대로250,부산광역시 사하구 장림동192-4,다목적,1,200,360도 전방면,30,2022-06,051-220-4344,35.08003,128.97722,2023-02-16
544,부산광역시 사하구청,부산광역시 사하구 다대로250,부산광역시 사하구 장림동192-4,다목적,1,200,360도 전방면,30,2022-06,051-220-4344,35.08003,128.97722,2023-02-16
545,부산광역시 사하구청,부산광역시 사하구 장림동 285-4,부산광역시 사하구 장림동 285-4,다목적,1,200,360도 전방면,30,2022-06,051-220-4344,35.07758,128.97728,2023-02-16
546,부산광역시 사하구청,부산광역시 사하구 다대로271번길4,부산광역시 사하구 장림동274-3,다목적,1,200,360도 전방면,30,2022-06,051-220-4344,35.07786,128.97771,2023-02-16
547,부산광역시 사하구청,부산광역시 사하구 다대로271번길4,부산광역시 사하구 장림동274-3,다목적,1,200,360도 전방면,30,2022-06,051-220-4344,35.07786,128.97771,2023-02-16
548,부산광역시 사하구청,부산광역시 사하구 다대로271번길4,부산광역시 사하구 장림동274-3,다목적,1,200,360도 전방면,30,2022-06,051-220-4344,35.07786,128.97771,2023-02-16
549,부산광역시 사하구청,부산광역시 사하구 감천로210번길37,부산광역시 사하구 감천동325-1,다목적,1,200,360도 전방면,30,2022-06,051-220-4344,35.08086,129.00948,2023-02-16
550,부산광역시 사하구청,부산광역시 사하구 감천동846-4,부산광역시 사하구 감천동846-4,다목적,1,200,360도 전방면,30,2022-06,051-220-4344,35.07968,129.01143,2023-02-16
551,부산광역시 사하구청,부산광역시 사하구 원양로350번길9,부산광역시 사하구 감천동236,다목적,1,200,360도 전방면,30,2022-06,051-220-4344,35.08173,129.00654,2023-02-16
552,부산광역시 사하구청,부산광역시 사하구 감천로73번안길7,부산광역시 사하구 감천동500-98,다목적,1,200,360도 전방면,30,2022-06,051-220-4344,35.08991,129.00074,2023-02-16
553,부산광역시 사하구청,부산광역시 사하구 감천로73번안길7,부산광역시 사하구 감천동500-98,다목적,1,200,360도 전방면,30,2022-06,051-220-4344,35.08991,129.00074,2023-02-16
554,부산광역시 사하구청,부산광역시 사하구 감천로43번길17,부산광역시 사하구 감천동655-17,다목적,1,200,360도 전방면,30,2022-06,051-220-4344,35.09164,128.99807,2023-02-16
555,부산광역시 사하구청,부산광역시 사하구 감내2로151번길29,부산광역시 사하구 감천동5-3,다목적,1,200,360도 전방면,30,2022-06,051-220-4344,35.09901,129.00876,2023-02-16
556,부산광역시 사하구청,부산광역시 사하구 감천동5-111,부산광역시 사하구 감천동5-111,다목적,1,200,360도 전방면,30,2022-06,051-220-4344,35.09815,129.00786,2023-02-16
557,부산광역시 사하구청,부산광역시 사하구 감천동5-111,부산광역시 사하구 감천동5-111,다목적,1,200,360도 전방면,30,2022-06,051-220-4344,35.09815,129.00786,2023-02-16
558,부산광역시 사하구청,부산광역시 사하구 옥천로67번길9,부산광역시 사하구 감천동16-635,다목적,1,200,360도 전방면,30,2022-06,051-220-4344,35.09279,129.00849,2023-02-16
559,부산광역시 사하구청,부산광역시 사하구 옥천로67번길9,부산광역시 사하구 감천동16-635,다목적,1,200,360도 전방면,30,2022-06,051-220-4344,35.09279,129.00849,2023-02-16
560,부산광역시 사하구청,부산광역시 사하구 신산북로61,부산광역시 사하구 신평동292-1,다목적,1,200,360도 전방면,30,2022-06,051-220-4344,35.09101,128.97086,2023-02-16
561,부산광역시 사하구청,부산광역시 사하구 하신번영로157번길28,부산광역시 사하구 신평동624-10,다목적,1,200,360도 전방면,30,2022-06,051-220-4344,35.09669,128.95843,2023-02-16
562,부산광역시 사하구청,부산광역시 사하구 하신번영로157번길28,부산광역시 사하구 신평동624-10,다목적,1,200,360도 전방면,30,2022-06,051-220-4344,35.09669,128.95843,2023-02-16
563,부산광역시 사하구청,부산광역시 사하구 장림동1-8,부산광역시 사하구 장림동1-8,다목적,1,200,360도 전방면,30,2022-06,051-220-4344,35.07311004,128.9831025,2023-02-16
564,부산광역시 사하구청,부산광역시 사하구 장림동1-8,부산광역시 사하구 장림동1-8,다목적,1,200,360도 전방면,30,2022-06,051-220-4344,35.07311004,128.9831025,2023-02-16
565,부산광역시 사하구청,부산광역시 사하구 장림동1-8,부산광역시 사하구 장림동1-8,다목적,1,200,360도 전방면,30,2022-06,051-220-4344,35.07311004,128.9831025,2023-02-16
566,부산광역시 사하구청,부산광역시 사하구 하단동1149-13,부산광역시 사하구 하단동1149-13,다목적,1,200,360도 전방면,30,2022-06,051-220-4344,35.1077314,128.9472467,2023-02-16
567,부산광역시 사하구청,부산광역시 사하구 하단동1149-13,부산광역시 사하구 하단동1149-13,다목적,1,200,360도 전방면,30,2022-06,051-220-4344,35.107934,128.945976,2023-02-16
568,부산광역시 사하구청,부산광역시 사하구 하단동1150-1,부산광역시 사하구 하단동1150-1,다목적,1,200,360도 전방면,30,2022-06,051-220-4344,35.108183,128.946247,2023-02-16
569,부산광역시 사하구청,부산광역시 사하구 하신중앙로17번길 11,부산광역시 사하구 장림1동 824,다목적,1,200,360도 전방면,30,2013-12,051-220-4344,35.080424,128.963323,2023-02-16
570,부산광역시 사하구청,부산광역시 사하구 윤공단로62번길 49,부산광역시 사하구 다대1동 936-11,다목적,1,200,360도 전방면,30,2013-12,051-220-4344,35.058963,128.969899,2023-02-16
571,부산광역시 사하구청,부산광역시 사하구 윤공단로18번길 30,부산광역시 사하구 다대1동 956-1,다목적,1,200,360도 전방면,30,2013-12,051-220-4344,35.056343,128.968892,2023-02-16
572,부산광역시 사하구청,부산광역시 사하구 감천1동 849-10,부산광역시 사하구 감천1동 849-10,다목적,1,200,360도 전방면,30,2014-01,051-220-4344,35.0896926,128.9946941,2023-02-16
573,부산광역시 사하구청,부산광역시 사하구 감천1동 849-10,부산광역시 사하구 감천1동 849-10,다목적,1,200,360도 전방면,30,2014-01,051-220-4344,35.08968,128.99422,2023-02-16
574,부산광역시 사하구청,부산광역시 사하구 낙동대로405,부산광역시 사하구 당리동 323,다목적,2,200,360도 전방면,30,2014-01,051-220-4344,35.1015327,128.9785988,2023-02-16
575,부산광역시 사하구청,부산광역시 사하구 장평로147,부산광역시 사하구 장림2동 334-14,다목적,1,200,360도 전방면,30,2014-04,051-220-4344,35.079201,128.972713,2023-02-16
576,부산광역시 사하구청,부산광역시 사하구 두송로146번길 21-1,부산광역시 사하구 구평동 435-7,다목적,1,200,360도 전방면,30,2014-04,051-220-4344,35.07156,128.9837,2023-02-16
577,부산광역시 사하구청,부산광역시 사하구 옥천로70번길 51-1,부산광역시 사하구 감천2동 13-1421,다목적,1,200,360도 전방면,30,2014-11,051-220-4344,35.092855,129.010137,2023-02-16
578,부산광역시 사하구청,부산광역시 사하구 하신번영로 206,부산광역시 사하구 하단동 1181-2,다목적,1,200,360도 전방면,30,2015-05,051-220-4344,35.0998733,128.9591566,2023-02-16
579,부산광역시 사하구청,부산광역시 사하구 하신번영로 186,부산광역시 사하구 하단동 1181-25,다목적,1,200,360도 전방면,30,2015-05,051-220-4344,35.0997961,128.9601046,2023-02-16
580,부산광역시 사하구청,부산광역시 사하구 승학로31번길 33,부산광역시 사하구 당리동 182-11,다목적,1,200,360도 전방면,30,2015-09,051-220-4344,35.107222,128.9743857,2023-02-16
581,부산광역시 사하구청,부산광역시 사하구 장평로450번길 42,부산광역시 사하구 괴정1동 532-27,다목적,1,200,360도 전방면,30,2015-09,051-220-4344,35.097563,128.988939,2023-02-16
582,부산광역시 사하구청,부산광역시 사하구 제석로62번길 16,부산광역시 사하구 당리동 143-1,다목적,1,200,360도 전방면,30,2015-12,051-220-4344,35.105301,128.97511,2023-02-16
583,부산광역시 사하구청,부산광역시 사하구 감천로117번길 16,부산광역시 사하구 감천1동 479-1,다목적,1,200,360도 전방면,30,2015-12,051-220-4344,35.0882434,129.0048851,2023-02-16
584,부산광역시 사하구청,부산광역시 사하구 사하로185번길 35-1,부산광역시 사하구 괴정1동 872-1,다목적,1,200,360도 전방면,30,2015-12,051-220-4344,35.0976345,128.9917533,2023-02-16
585,부산광역시 사하구청,부산광역시 사하구 다대2동 86-6,부산광역시 사하구 다대2동 86-6,다목적,1,200,360도 전방면,30,2014-10,051-220-4344,35.063545,128.983319,2023-02-16
586,부산광역시 사하구청,부산광역시 사하구 신평동 660,부산광역시 사하구 신평동 660,다목적,1,200,360도 전방면,30,2016-04,051-220-4344,35.0805183,128.9529544,2023-02-16
587,부산광역시 사하구청,부산광역시 사하구 신평동 660,부산광역시 사하구 신평동 660,다목적,1,200,360도 전방면,30,2016-04,051-220-4344,35.0811724,128.9554435,2023-02-16
588,부산광역시 사하구청,부산광역시 사하구 다대2동 120-7,부산광역시 사하구 다대2동 120-7,다목적,1,200,360도 전방면,30,2016-08,051-220-4344,35.0611322,128.9797845,2023-02-16
589,부산광역시 사하구청,부산광역시 사하구 다대2동 120-7,부산광역시 사하구 다대2동 120-7,다목적,1,200,360도 전방면,30,2016-08,051-220-4344,35.0621312,128.9792159,2023-02-16
590,부산광역시 사하구청,부산광역시 사하구 원양로 368-5,부산광역시 사하구 감천동 142-2,다목적,1,200,360도 전방면,30,2016-11,051-220-4344,35.0837569,129.00697,2023-02-16
591,부산광역시 사하구청,부산광역시 사하구 감천로42번길_26,부산광역시 사하구 감천동 864,다목적,1,200,360도 전방면,30,2016-11,051-220-4344,35.089902,128.995875,2023-02-16
592,부산광역시 사하구청,부산광역시 사하구 감천로210번가길_19,부산광역시 사하구 감천동 847,다목적,1,200,360도 전방면,30,2016-11,051-220-4344,35.081532,129.008998,2023-02-16
593,부산광역시 사하구청,부산광역시 사하구 을숙도대로873번길_32,부산광역시 사하구 감천동 849-38,다목적,1,200,360도 전방면,30,2016-11,051-220-4344,35.089888,128.99707,2023-02-16
594,부산광역시 사하구청,부산광역시 사하구 사하로141번가길_3,부산광역시 사하구 괴정동 663,다목적,1,200,360도 전방면,30,2016-11,051-220-4344,35.09462,128.9923,2023-02-16
595,부산광역시 사하구청,부산광역시 사하구 승학로281번길_78,부산광역시 사하구 괴정동 1040-6,다목적,1,200,360도 전방면,30,2016-11,051-220-4344,35.103914,128.991644,2023-02-16
596,부산광역시 사하구청,부산광역시 사하구 낙동대로234번길_18,부산광역시 사하구 괴정동 922-5,다목적,1,200,360도 전방면,30,2016-11,051-220-4344,35.100811,128.991162,2023-02-16
597,부산광역시 사하구청,부산광역시 사하구 괴정로232번길_10,부산광역시 사하구 괴정동 663,다목적,1,200,360도 전방면,30,2016-11,051-220-4344,35.096314,128.986616,2023-02-16
598,부산광역시 사하구청,부산광역시 사하구 괴정로244번길_39,부산광역시 사하구 괴정동 538-1,다목적,1,200,360도 전방면,30,2016-11,051-220-4344,35.094994,128.987675,2023-02-16
599,부산광역시 사하구청,부산광역시 사하구 괴정로_283,부산광역시 사하구 괴정동 659,다목적,1,200,360도 전방면,30,2016-11,051-220-4344,35.096646,128.992379,2023-02-16
600,부산광역시 사하구청,부산광역시 사하구 오작로162번길_19,부산광역시 사하구 괴정동 1-2,다목적,1,200,360도 전방면,30,2016-11,051-220-4344,35.103972,129.008402,2023-02-16
601,부산광역시 사하구청,부산광역시 사하구 낙동대로140번길_134,부산광역시 사하구 괴정동 149,다목적,1,200,360도 전방면,30,2016-11,051-220-4344,35.106222,129.007041,2023-02-16
602,부산광역시 사하구청,부산광역시 사하구 낙동남로1233번길1,부산광역시 사하구 하단동1150-2,다목적,1,200,360도 전방면,30,2022-06,051-220-4344,35.107971,128.947373,2023-02-16
603,부산광역시 사하구청,부산광역시 사하구 하단동1193,부산광역시 사하구 하단동1193,다목적,1,200,360도 전방면,30,2022-11,051-220-4344,35.1138,128.96033,2023-02-16
604,부산광역시 사하구청,부산광역시 사하구 하단동1193,부산광역시 사하구 하단동1193,다목적,1,200,360도 전방면,30,2022-11,051-220-4344,35.1138,128.96033,2023-02-16
605,부산광역시 사하구청,부산광역시 사하구 하단동1193,부산광역시 사하구 하단동1193,다목적,1,200,360도 전방면,30,2022-11,051-220-4344,35.1138,128.96033,2023-02-16
606,부산광역시 사하구청,부산광역시 사하구 하단동1193,부산광역시 사하구 하단동1193,다목적,1,200,360도 전방면,30,2022-11,051-220-4344,35.11177,128.95946,2023-02-16
607,부산광역시 사하구청,부산광역시 사하구 하단동1193,부산광역시 사하구 하단동1193,다목적,1,200,360도 전방면,30,2022-11,051-220-4344,35.11177,128.95946,2023-02-16
608,부산광역시 사하구청,부산광역시 사하구 하단동1193,부산광역시 사하구 하단동1193,다목적,1,200,360도 전방면,30,2022-11,051-220-4344,35.11177,128.95946,2023-02-16
609,부산광역시 사하구청,부산광역시 사하구 하단동1193,부산광역시 사하구 하단동1193,다목적,1,200,360도 전방면,30,2022-11,051-220-4344,35.11053,128.95911,2023-02-16
610,부산광역시 사하구청,부산광역시 사하구 하단동1193,부산광역시 사하구 하단동1193,다목적,1,200,360도 전방면,30,2022-11,051-220-4344,35.11053,128.95911,2023-02-16
611,부산광역시 사하구청,부산광역시 사하구 하단동1193,부산광역시 사하구 하단동1193,다목적,1,200,360도 전방면,30,2022-11,051-220-4344,35.11053,128.95911,2023-02-16
612,부산광역시 사하구청,부산광역시 사하구 하단동1193,부산광역시 사하구 하단동1193,다목적,1,200,360도 전방면,30,2022-11,051-220-4344,35.10852,128.95876,2023-02-16
613,부산광역시 사하구청,부산광역시 사하구 하단동1193,부산광역시 사하구 하단동1193,다목적,1,200,360도 전방면,30,2022-11,051-220-4344,35.10852,128.95876,2023-02-16
614,부산광역시 사하구청,부산광역시 사하구 하단동1193,부산광역시 사하구 하단동1193,다목적,1,200,360도 전방면,30,2022-11,051-220-4344,35.10852,128.95876,2023-02-16
615,부산광역시 사하구청,부산광역시 사하구 장평로420번길33,부산광역시 사하구 괴정동647-15,다목적,1,200,360도 전방면,30,2022-11,051-220-4344,35.095086,128.985131,2023-02-16
616,부산광역시 사하구청,부산광역시 사하구 장평로420번길33,부산광역시 사하구 괴정동647-15,다목적,1,200,360도 전방면,30,2022-11,051-220-4344,35.095086,128.985131,2023-02-16
617,부산광역시 사하구청,부산광역시 사하구 괴정로245번길18,부산광역시 사하구 괴정동659,다목적,1,200,360도 전방면,30,2022-11,051-220-4344,35.097856,128.988545,2023-02-16
618,부산광역시 사하구청,부산광역시 사하구 승학로233번길16,부산광역시 사하구 괴정동1249-15,다목적,1,200,360도 전방면,30,2022-11,051-220-4344,35.102772,128.990029,2023-02-16
619,부산광역시 사하구청,부산광역시 사하구 승학로233번길16,부산광역시 사하구 괴정동1249-15,다목적,1,200,360도 전방면,30,2022-11,051-220-4344,35.102772,128.990029,2023-02-16
620,부산광역시 사하구청,부산광역시 사하구 괴정동 1218-13,부산광역시 사하구 괴정동 1218-13,다목적,1,200,360도 전방면,30,2022-12,051-220-4344,35.096769,128.97845,2023-02-16
621,부산광역시 사하구청,부산광역시 사하구 괴정동 1218-13,부산광역시 사하구 괴정동 1218-13,다목적,1,200,360도 전방면,30,2022-12,051-220-4344,35.096613,128.979158,2023-02-16
622,부산광역시 사하구청,부산광역시 사하구 다대동 1585,부산광역시 사하구 다대동 1585,다목적,1,200,360도 전방면,30,2022-12,051-220-4344,35.0596,128.9796,2023-02-16
623,부산광역시 사하구청,부산광역시 사하구 다대동 1585,부산광역시 사하구 다대동 1585,다목적,1,200,360도 전방면,30,2022-12,051-220-4344,35.0595,128.9797,2023-02-16
624,부산광역시 사하구청,부산광역시 사하구 대티로_63번가길_2,부산광역시 사하구 괴정동 118,다목적,1,200,360도 전방면,30,2016-11,051-220-4344,35.106754,129.006402,2023-02-16
625,부산광역시 사하구청,부산광역시 사하구 오작로76번길_19,부산광역시 사하구 괴정동 378-268,다목적,1,200,360도 전방면,30,2016-11,051-220-4344,35.098677,129.001568,2023-02-16
626,부산광역시 사하구청,부산광역시 사하구 낙동대로194번길3,부산광역시 사하구 괴정동 261-1,다목적,1,200,360도 전방면,30,2016-11,051-220-4344,35.101349,128.995236,2023-02-16
627,부산광역시 사하구청,부산광역시 사하구 오작로25,부산광역시 사하구 괴정동 1238-281,다목적,1,200,360도 전방면,30,2016-11,051-220-4344,35.098501,128.996262,2023-02-16
628,부산광역시 사하구청,부산광역시 사하구 낙동대로179번길 7,부산광역시 사하구 괴정동 409-56,다목적,1,200,360도 전방면,30,2016-11,051-220-4344,35.101233,128.99708,2023-02-16
629,부산광역시 사하구청,부산광역시 사하구 사리로27번길 13,부산광역시 사하구 괴정동 295-1,다목적,1,200,360도 전방면,30,2016-11,051-220-4344,35.101923,128.998521,2023-02-16
630,부산광역시 사하구청,부산광역시 사하구 낙동대로140번길 112,부산광역시 사하구 괴정동 165,다목적,1,200,360도 전방면,30,2016-11,051-220-4344,35.09754,128.979287,2023-02-16
631,부산광역시 사하구청,부산광역시 사하구 장평로 420,부산광역시 사하구 괴정동 557-2,다목적,1,200,360도 전방면,30,2016-11,051-220-4344,35.096486,128.984931,2023-02-16
632,부산광역시 사하구청,부산광역시 사하구 장평로 420,부산광역시 사하구 괴정동 557-2,다목적,1,200,360도 전방면,30,2022-09,051-220-4344,35.096486,128.984931,2023-02-16
633,부산광역시 사하구청,부산광역시 사하구 장평로 420,부산광역시 사하구 괴정동 557-2,다목적,1,200,360도 전방면,30,2022-09,051-220-4344,35.096486,128.984931,2023-02-16
634,부산광역시 사하구청,부산광역시 사하구 장평로 420,부산광역시 사하구 괴정동 557-2,다목적,1,200,360도 전방면,30,2022-09,051-220-4344,35.096486,128.984931,2023-02-16
635,부산광역시 사하구청,부산광역시 사하구 승학로 163,부산광역시 사하구 괴정동 1080-7,다목적,1,200,360도 전방면,30,2016-11,051-220-4344,35.101384,128.983666,2023-02-16
636,부산광역시 사하구청,부산광역시 사하구 괴정로 203,부산광역시 사하구 괴정동 568-10,다목적,1,200,360도 전방면,30,2016-11,051-220-4344,35.097597,128.98406,2023-02-16
637,부산광역시 사하구청,부산광역시 사하구 장평로443번길 111,부산광역시 사하구 괴정동 656-7,다목적,1,200,360도 전방면,30,2016-11,051-220-4344,35.099114,128.979786,2023-02-16
638,부산광역시 사하구청,부산광역시 사하구 을숙도대로 747-1,부산광역시 사하구 구평동 101-9,다목적,1,200,360도 전방면,30,2016-11,051-220-4344,35.0861103,128.9869389,2023-02-16
639,부산광역시 사하구청,부산광역시 사하구 승학로20번길 22,부산광역시 사하구 당리동 306-16,다목적,1,200,360도 전방면,30,2016-11,051-220-4344,35.106323,128.971553,2023-02-16
640,부산광역시 사하구청,부산광역시 사하구 괴정로 101,부산광역시 사하구 당리동 324-2,다목적,1,200,360도 전방면,30,2016-11,051-220-4344,35.102332,128.975362,2023-02-16
641,부산광역시 사하구청,부산광역시 사하구 괴정로 101,부산광역시 사하구 당리동 324-2,다목적,1,200,360도 전방면,30,2022-09,051-220-4344,35.102332,128.975362,2023-02-16
642,부산광역시 사하구청,부산광역시 사하구 괴정로 101,부산광역시 사하구 당리동 324-2,다목적,1,200,360도 전방면,30,2022-09,051-220-4344,35.102332,128.975362,2023-02-16
643,부산광역시 사하구청,부산광역시 사하구 괴정로 101,부산광역시 사하구 당리동 324-2,다목적,1,200,360도 전방면,30,2022-09,051-220-4344,35.102332,128.975362,2023-02-16
644,부산광역시 사하구청,부산광역시 사하구 괴정로 101,부산광역시 사하구 당리동 324-2,다목적,1,200,360도 전방면,30,2022-09,051-220-4344,35.102332,128.975362,2023-02-16
645,부산광역시 사하구청,부산광역시 사하구 낙동대로372번길 10,부산광역시 사하구 당리동 342-3,다목적,1,200,360도 전방면,30,2016-11,051-220-4344,35.102815,128.977778,2023-02-16
646,부산광역시 사하구청,부산광역시 사하구 승학로71번안길 33,부산광역시 사하구 당리동 101-26,다목적,1,200,360도 전방면,30,2016-11,051-220-4344,35.106288,128.976244,2023-02-16
647,부산광역시 사하구청,부산광역시 사하구 제석로 17,부산광역시 사하구 하단동 619-23,다목적,1,200,360도 전방면,30,2016-11,051-220-4344,35.103778,128.97112,2023-02-16
648,부산광역시 사하구청,부산광역시 사하구 제석로 17,부산광역시 사하구 하단동 619-23,다목적,1,200,360도 전방면,30,2022-09,051-220-4344,35.103778,128.97112,2023-02-16
649,부산광역시 사하구청,부산광역시 사하구 제석로 17,부산광역시 사하구 하단동 619-23,다목적,1,200,360도 전방면,30,2022-09,051-220-4344,35.103778,128.97112,2023-02-16
650,부산광역시 사하구청,부산광역시 사하구 제석로 17,부산광역시 사하구 하단동 619-23,다목적,1,200,360도 전방면,30,2022-09,051-220-4344,35.103778,128.97112,2023-02-16
651,부산광역시 사하구청,부산광역시 사하구 승학로71번길 70,부산광역시 사하구 당리동 60-4,다목적,1,200,360도 전방면,30,2016-11,051-220-4344,35.107141,128.978004,2023-02-16
652,부산광역시 사하구청,부산광역시 사하구 다대로135번길_68,부산광역시 사하구 신평동 26-3,다목적,1,200,360도 전방면,30,2016-11,051-220-4344,35.092524,128.980796,2023-02-16
653,부산광역시 사하구청,부산광역시 사하구 신산북로57번길_25,부산광역시 사하구 신평동 461,다목적,1,200,360도 전방면,30,2016-11,051-220-4344,35.092274,128.971034,2023-02-16
654,부산광역시 사하구청,부산광역시 사하구 다대로144번길_133,부산광역시 사하구 신평동 161-215,다목적,1,200,360도 전방면,30,2016-11,051-220-4344,35.092197,128.97472,2023-02-16
655,부산광역시 사하구청,부산광역시 사하구 하신번영로_179,부산광역시 사하구 신평동 665,다목적,1,200,360도 전방면,30,2016-11,051-220-4344,35.098526,128.960334,2023-02-16
656,부산광역시 사하구청,부산광역시 사하구 장림시장8길_14,부산광역시 사하구 장림동 808-1,다목적,1,200,360도 전방면,30,2016-11,051-220-4344,35.080622,128.965285,2023-02-16
