번호,관리기관명,소재지도로명주소,소재지지번주소,설치목적구분,카메라대수,카메라화소수,촬영방면정보,보관일수,설치연월,관리기관전화번호,WGS84위도,WGS84경도,데이터기준일자,geometry
1,부산광역시 사하구청,부산광역시 사하구 하신중앙로17번길_27,부산광역시 사하구 장림동 1143,다목적,1,200,360도 전방면,30,Nov-16,051-220-4344,35.080571,128.961338,2023-02-16,[35.080571 128.961338]
2,부산광역시 사하구청,부산광역시 사하구 장평로135번길_21,부산광역시 사하구 장림동 608-52,다목적,1,200,360도 전방면,30,Nov-16,051-220-4344,35.078774,128.972097,2023-02-16,[35.078774 128.972097]
3,부산광역시 사하구청,부산광역시 사하구 장평로71번길_50,부산광역시 사하구 장림동 566-9,다목적,1,200,360도 전방면,30,Nov-16,051-220-4344,35.070799,128.970949,2023-02-16,[35.070799 128.970949]
4,부산광역시 사하구청,부산광역시 사하구 장평로125번길_125,부산광역시 사하구 장림동 625-23,다목적,1,200,360도 전방면,30,Nov-16,051-220-4344,35.078661,128.96992,2023-02-16,[35.078661 128.96992]
5,부산광역시 사하구청,부산광역시 사하구 다대로257번길 5,부산광역시 사하구 장림동 241-2,다목적,1,200,360도 전방면,30,Nov-16,051-220-4344,35.079671,128.978228,2023-02-16,[35.079671 128.978228]
6,부산광역시 사하구청,부산광역시 사하구 동매로66번길_6,부산광역시 사하구 하단동 381-2,다목적,1,200,360도 전방면,30,Nov-16,051-220-4344,35.102415,128.96543,2023-02-16,[35.102415 128.96543]
7,부산광역시 사하구청,부산광역시 사하구 괴정로 28,부산광역시 사하구 하단동 403-1,다목적,1,200,360도 전방면,30,Nov-16,051-220-4344,35.103176,128.967104,2023-02-16,[35.103176 128.967104]
8,부산광역시 사하구청,부산광역시 사하구 낙동대로457번길_52,부산광역시 사하구 하단동 612,다목적,1,200,360도 전방면,30,Nov-16,051-220-4344,35.104401,128.965928,2023-02-16,[35.104401 128.965928]
9,부산광역시 사하구청,부산광역시 사하구 동매로92번길_21,부산광역시 사하구 하단동 320-11,다목적,1,200,360도 전방면,30,Nov-16,051-220-4344,35.101404,128.968259,2023-02-16,[35.101404 128.968259]
10,부산광역시 사하구청,부산광역시 사하구 낙동대로519번길_8,부산광역시 사하구 하단동 483,다목적,1,200,360도 전방면,30,Nov-16,051-220-4344,35.110336,128.964951,2023-02-16,[35.110336 128.964951]
11,부산광역시 사하구청,부산광역시 사하구 낙동남로1347번길_25,부산광역시 사하구 하단동 884,다목적,1,200,360도 전방면,30,Nov-16,051-220-4344,35.107772,128.959279,2023-02-16,[35.107772 128.959279]
12,부산광역시 사하구청,부산광역시 사하구 낙동남로 1356-3,부산광역시 사하구 하단동 870-98,다목적,2,200,360도 전방면,30,Nov-16,051-220-4344,35.105225,128.960614,2023-02-16,[35.105225 128.960614]
13,부산광역시 사하구청,부산광역시 사하구 하신번영로300번길100-8,부산광역시 사하구 하단동 515-18,다목적,1,200,360도 전방면,30,Nov-16,051-220-4344,35.107362,128.964557,2023-02-16,[35.107362 128.964557]
14,부산광역시 사하구청,부산광역시 사하구 하신번영로380번길_22,부산광역시 사하구 하단동 480,다목적,1,200,360도 전방면,30,Nov-16,051-220-4344,35.113789,128.961112,2023-02-16,[35.113789 128.961112]
15,부산광역시 사하구청,부산광역시 사하구 낙동대로474번길_9,부산광역시 사하구 하단동 530-29,다목적,1,200,360도 전방면,30,Nov-16,051-220-4344,35.107223,128.96876,2023-02-16,[35.107223 128.96876]
16,부산광역시 사하구청,부산광역시 사하구 승학로_256,부산광역시 사하구 괴정동 1026-81,다목적,3,200,360도 전방면,30,Nov-16,051-220-4344,35.1022895,128.992458,2023-02-16,[35.1022895 128.992458]
17,부산광역시 사하구청,부산광역시 사하구 구평동 63-14,부산광역시 사하구 구평동 63-14,다목적,1,200,360도 전방면,30,Nov-16,051-220-4344,35.0859309,128.9896202,2023-02-16,[35.0859309 128.9896202]
18,부산광역시 사하구청,부산광역시 사하구 다대로130번안길_36-14,부산광역시 사하구 신평동 13-27,다목적,1,200,360도 전방면,30,Nov-16,051-220-4344,35.094036,128.9775744,2023-02-16,[35.094036 128.9775744]
19,부산광역시 사하구청,부산광역시 사하구 낙동남로_1379,부산광역시 사하구 하단동 524-44,다목적,1,200,360도 전방면,30,Nov-16,051-220-4344,35.1064434,128.9630382,2023-02-16,[35.1064434 128.9630382]
20,부산광역시 사하구청,부산광역시 사하구 옥천로24번길_33,부산광역시 사하구 감천동 20-108,다목적,1,200,360도 전방면,30,Nov-16,051-220-4344,35.089746,129.006772,2023-02-16,[35.089746 129.006772]
21,부산광역시 사하구청,부산광역시 사하구 감천로139번길_84,부산광역시 사하구 감천동 20-63,다목적,1,200,360도 전방면,30,Nov-16,051-220-4344,35.090271,129.006911,2023-02-16,[35.090271 129.006911]
22,부산광역시 사하구청,부산광역시 사하구 옥천로54번길_39,부산광역시 사하구 감천동 26-9,다목적,1,200,360도 전방면,30,Nov-16,051-220-4344,35.090189,129.008635,2023-02-16,[35.090189 129.008635]
23,부산광역시 사하구청,부산광역시 사하구 감내1로10번길 8,부산광역시 사하구 감천동 26-33,다목적,1,200,360도 전방면,30,Nov-16,051-220-4344,35.090384,129.008888,2023-02-16,[35.090384 129.008888]
24,부산광역시 사하구청,부산광역시 사하구 옥천로70번길_92,부산광역시 사하구 감천동 13-1277,다목적,1,200,360도 전방면,30,Nov-16,051-220-4344,35.092444,129.011088,2023-02-16,[35.092444 129.011088]
25,부산광역시 사하구청,부산광역시 사하구 옥천로_31-8,부산광역시 사하구 감천동 551-9,다목적,1,200,360도 전방면,30,Nov-16,051-220-4344,35.090728,129.005949,2023-02-16,[35.090728 129.005949]
26,부산광역시 사하구청,부산광역시 사하구 옥천로70번길_23,부산광역시 사하구 감천동 13-1499,다목적,1,200,360도 전방면,30,Nov-16,051-220-4344,35.09262,129.009525,2023-02-16,[35.09262 129.009525]
27,부산광역시 사하구청,부산광역시 사하구 감내1로_144,부산광역시 사하구 감천동 12-303,다목적,1,200,360도 전방면,30,Nov-16,051-220-4344,35.094321,129.008426,2023-02-16,[35.094321 129.008426]
28,부산광역시 사하구청,부산광역시 사하구 감내1로 135-2,부산광역시 사하구 감천동 12-416,다목적,1,200,360도 전방면,30,Nov-16,051-220-4344,35.094212,129.008004,2023-02-16,[35.094212 129.008004]
29,부산광역시 사하구청,부산광역시 사하구 감내1로163번길_1,부산광역시 사하구 감천동 12-15,다목적,1,200,360도 전방면,30,Nov-16,051-220-4344,35.095302,129.008524,2023-02-16,[35.095302 129.008524]
30,부산광역시 사하구청,부산광역시 사하구 감내2로_60,부산광역시 사하구 감천동 11-90,다목적,1,200,360도 전방면,30,Nov-16,051-220-4344,35.095801,129.007123,2023-02-16,[35.095801 129.007123]
31,부산광역시 사하구청,부산광역시 사하구 감내1로175번길_102,부산광역시 사하구 감천동 6-1923,다목적,1,200,360도 전방면,30,Nov-16,051-220-4344,35.097388,129.008427,2023-02-16,[35.097388 129.008427]
32,부산광역시 사하구청,부산광역시 사하구 감내2로_187-5,부산광역시 사하구 감천동 2-7,다목적,1,200,360도 전방면,30,Nov-16,051-220-4344,35.098179,129.010683,2023-02-16,[35.098179 129.010683]
33,부산광역시 사하구청,부산광역시 사하구 감내2로_165,부산광역시 사하구 감천동 2-5,다목적,1,200,360도 전방면,30,Nov-16,051-220-4344,35.099035,129.009617,2023-02-16,[35.099035 129.009617]
34,부산광역시 사하구청,부산광역시 사하구 감내2로_150,부산광역시 사하구 감천동 2-190,다목적,1,200,360도 전방면,30,Nov-16,051-220-4344,35.098472,129.009118,2023-02-16,[35.098472 129.009118]
35,부산광역시 사하구청,부산광역시 사하구 하단2동 1151-8,부산광역시 사하구 하단2동 1151-8,다목적,2,200,360도 전방면,30,Nov-16,051-220-4344,35.1082844,128.9457178,2023-02-16,[35.1082844 128.9457178]
36,부산광역시 사하구청,부산광역시 사하구 하단1동 1149-13,부산광역시 사하구 하단1동 1149-13,다목적,2,200,360도 전방면,30,Nov-16,051-220-4344,35.1077314,128.9472467,2023-02-16,[35.1077314 128.9472467]
37,부산광역시 사하구청,부산광역시 사하구 장평로 320,부산광역시 사하구 신평1동 10-91,다목적,1,200,360도 전방면,30,Sep-22,051-220-4344,35.0935927,128.9751256,2023-02-16,[35.0935927 128.9751256]
38,부산광역시 사하구청,부산광역시 사하구 장평로 320,부산광역시 사하구 신평1동 10-91,다목적,1,200,360도 전방면,30,Sep-22,051-220-4344,35.0935927,128.9751256,2023-02-16,[35.0935927 128.9751256]
39,부산광역시 사하구청,부산광역시 사하구 장평로 320,부산광역시 사하구 신평1동 10-91,다목적,1,200,360도 전방면,30,Sep-22,051-220-4344,35.0935927,128.9751256,2023-02-16,[35.0935927 128.9751256]
40,부산광역시 사하구청,부산광역시 사하구 장평로 320,부산광역시 사하구 신평1동 10-91,다목적,1,200,360도 전방면,30,Sep-22,051-220-4344,35.0935927,128.9751256,2023-02-16,[35.0935927 128.9751256]
41,부산광역시 사하구청,부산광역시 사하구 장평로326번길 13,부산광역시 사하구 신평1동 11-125,다목적,1,200,360도 전방면,30,Jun-16,051-220-4344,35.093799,128.9757961,2023-02-16,[35.093799 128.9757961]
42,부산광역시 사하구청,부산광역시 사하구 장평로326번길 5,부산광역시 사하구 신평1동 11-89,다목적,1,200,360도 전방면,30,Jun-16,051-220-4344,35.0935971,128.9758551,2023-02-16,[35.0935971 128.9758551]
43,부산광역시 사하구청,부산광역시 사하구 원양로 382,부산광역시 사하구 감천동 385,다목적,3,200,360도 전방면,30,Sep-16,051-220-4344,35.0846316,129.0058744,2023-02-16,[35.0846316 129.0058744]
44,부산광역시 사하구청,부산광역시 사하구 원양로 348,부산광역시 사하구 감천동 381,다목적,3,200,360도 전방면,30,Sep-16,051-220-4344,35.0818397,129.0057135,2023-02-16,[35.0818397 129.0057135]
45,부산광역시 사하구청,부산광역시 사하구 원양로 310,부산광역시 사하구 원양로 310,다목적,3,200,360도 전방면,30,Sep-16,051-220-4344,35.0787053,129.0057671,2023-02-16,[35.0787053 129.0057671]
46,부산광역시 사하구청,부산광역시 사하구 다대동 1621-1,부산광역시 사하구 다대동 1621-1,다목적,1,200,360도 전방면,30,Aug-17,051-220-4344,35.0612228,128.9610688,2023-02-16,[35.0612228 128.9610688]
47,부산광역시 사하구청,부산광역시 사하구 다대동 1401,부산광역시 사하구 다대동 1401,다목적,1,200,360도 전방면,30,Aug-17,051-220-4344,35.0613274,128.9620605,2023-02-16,[35.0613274 128.9620605]
48,부산광역시 사하구청,부산광역시 사하구 다대동 1021,부산광역시 사하구 다대동 1021,다목적,1,200,360도 전방면,30,Aug-17,051-220-4344,35.0612939,128.9624997,2023-02-16,[35.0612939 128.9624997]
49,부산광역시 사하구청,부산광역시 사하구 다대동 1395,부산광역시 사하구 다대동 1395,다목적,1,200,360도 전방면,30,Aug-17,051-220-4344,35.0616128,128.9624239,2023-02-16,[35.0616128 128.9624239]
50,부산광역시 사하구청,부산광역시 사하구 하신중앙로3번다길 3,부산광역시 사하구 장림동 961-14,다목적,1,200,360도 전방면,30,Dec-17,051-220-4344,35.07717,128.96115,2023-02-16,[35.07717 128.96115]
51,부산광역시 사하구청,부산광역시 사하구 다산로 217,부산광역시 사하구 다대동 1501-2,다목적,1,200,360도 전방면,30,Dec-17,051-220-4344,35.0723242,128.9553093,2023-02-16,[35.0723242 128.9553093]
52,부산광역시 사하구청,부산광역시 사하구 장림번영로28번길 70,부산광역시 사하구 장림동 859-1,다목적,1,200,360도 전방면,30,Dec-17,051-220-4344,35.0776335,128.9673632,2023-02-16,[35.0776335 128.9673632]
53,부산광역시 사하구청,부산광역시 사하구 하신중앙로54번길 30,부산광역시 사하구 장림동 1033-14,다목적,1,200,360도 전방면,30,Dec-17,051-220-4344,35.0846107,128.9680029,2023-02-16,[35.0846107 128.9680029]
54,부산광역시 사하구청,부산광역시 사하구 하신중앙로27번길 17,부산광역시 사하구 장림동 1146,다목적,1,200,360도 전방면,30,Dec-17,051-220-4344,35.0815072,128.9628276,2023-02-16,[35.0815072 128.9628276]
55,부산광역시 사하구청,부산광역시 사하구 장림시장9길 108,부산광역시 사하구 장림동 640-110,다목적,1,200,360도 전방면,30,Dec-17,051-220-4344,35.0797505,128.9675868,2023-02-16,[35.0797505 128.9675868]
56,부산광역시 사하구청,부산광역시 사하구 장림시장4길 68,부산광역시 사하구 장림동 641-220,다목적,1,200,360도 전방면,30,Dec-17,051-220-4344,35.0808104,128.9669856,2023-02-16,[35.0808104 128.9669856]
57,부산광역시 사하구청,부산광역시 사하구 장림번영로37번길 9,부산광역시 사하구 장림동 325-36,다목적,1,200,360도 전방면,30,Dec-17,051-220-4344,35.0811615,128.9693343,2023-02-16,[35.0811615 128.9693343]
58,부산광역시 사하구청,부산광역시 사하구 장림동 163-27,부산광역시 사하구 장림동 163-27,다목적,1,200,360도 전방면,30,Dec-17,051-220-4344,35.082384,128.9750504,2023-02-16,[35.082384 128.9750504]
59,부산광역시 사하구청,부산광역시 사하구 장평로336,부산광역시 사하구 신평동 14-1,다목적,1,200,360도 전방면,30,Dec-17,051-220-4344,35.09472,128.9764,2023-02-16,[35.09472 128.9764]
60,부산광역시 사하구청,부산광역시 사하구 다대로 636,부산광역시 사하구 다대동 1552-2,다목적,1,200,360도 전방면,30,Sep-20,051-220-4344,35.04954,128.969917,2023-02-16,[35.04954 128.969917]
61,부산광역시 사하구청,부산광역시 사하구 다대동로70번길 31,부산광역시 사하구 다대동 1446,다목적,1,200,360도 전방면,30,Sep-20,051-220-4344,35.058003,128.975838,2023-02-16,[35.058003 128.975838]
62,부산광역시 사하구청,부산광역시 사하구 다대동로70번길 31,부산광역시 사하구 다대동 1446,다목적,1,200,360도 전방면,30,Sep-20,051-220-4344,35.058003,128.975838,2023-02-16,[35.058003 128.975838]
63,부산광역시 사하구청,부산광역시 사하구 다대낙조2길 199,부산광역시 사하구 다대동 1550-3,다목적,1,200,360도 전방면,30,Sep-20,051-220-4344,35.053008,128.968987,2023-02-16,[35.053008 128.968987]
64,부산광역시 사하구청,부산광역시 사하구 다대낙조2길 199,부산광역시 사하구 다대동 1550-3,다목적,1,200,360도 전방면,30,Sep-20,051-220-4344,35.053008,128.968987,2023-02-16,[35.053008 128.968987]
65,부산광역시 사하구청,부산광역시 사하구 윤공단로75번길 43,부산광역시 사하구 다대동 1639,다목적,1,200,360도 전방면,30,Sep-20,051-220-4344,35.058398,128.965822,2023-02-16,[35.058398 128.965822]
66,부산광역시 사하구청,부산광역시 사하구 윤공단로75번길 43,부산광역시 사하구 다대동 1639,다목적,1,200,360도 전방면,30,Sep-20,051-220-4344,35.058398,128.965822,2023-02-16,[35.058398 128.965822]
67,부산광역시 사하구청,부산광역시 사하구 윤공단로75번길 43,부산광역시 사하구 다대동 1639,다목적,1,200,360도 전방면,30,Sep-20,051-220-4344,35.058398,128.965822,2023-02-16,[35.058398 128.965822]
68,부산광역시 사하구청,부산광역시 사하구 다대로 605번길 17,부산광역시 사하구 다대동 680-23,다목적,1,200,360도 전방면,30,Sep-20,051-220-4344,35.052529,128.973412,2023-02-16,[35.052529 128.973412]
69,부산광역시 사하구청,부산광역시 사하구 다대로 605번길 17,부산광역시 사하구 다대동 680-23,다목적,1,200,360도 전방면,30,Sep-20,051-220-4344,35.052529,128.973412,2023-02-16,[35.052529 128.973412]
70,부산광역시 사하구청,부산광역시 사하구 두송로144번길 69,부산광역시 사하구 다대동 산 9,다목적,1,200,360도 전방면,30,Sep-20,051-220-4344,35.070555,128.982087,2023-02-16,[35.070555 128.982087]
71,부산광역시 사하구청,부산광역시 사하구 두송로144번길 69,부산광역시 사하구 다대동 산 9,다목적,1,200,360도 전방면,30,Sep-20,051-220-4344,35.070555,128.982087,2023-02-16,[35.070555 128.982087]
72,부산광역시 사하구청,부산광역시 사하구 두송로144번길 69,부산광역시 사하구 다대동 산 9,다목적,1,200,360도 전방면,30,Sep-20,051-220-4344,35.070555,128.982087,2023-02-16,[35.070555 128.982087]
73,부산광역시 사하구청,부산광역시 사하구 두송로144번길 69,부산광역시 사하구 다대동 산 9,다목적,1,200,360도 전방면,30,Sep-20,051-220-4344,35.070555,128.982087,2023-02-16,[35.070555 128.982087]
74,부산광역시 사하구청,부산광역시 사하구 다송로72번길 80,부산광역시 사하구 다대동 1572,다목적,1,200,360도 전방면,30,Sep-20,051-220-4344,35.059697,128.979407,2023-02-16,[35.059697 128.979407]
75,부산광역시 사하구청,부산광역시 사하구 다송로72번길 80,부산광역시 사하구 다대동 1572,다목적,1,200,360도 전방면,30,Sep-20,051-220-4344,35.059697,128.979407,2023-02-16,[35.059697 128.979407]
76,부산광역시 사하구청,부산광역시 사하구 다송로72번길 80,부산광역시 사하구 다대동 1572,다목적,1,200,360도 전방면,30,Sep-20,051-220-4344,35.059697,128.979407,2023-02-16,[35.059697 128.979407]
77,부산광역시 사하구청,부산광역시 사하구 다송로72번길 80,부산광역시 사하구 다대동 1572,다목적,1,200,360도 전방면,30,Sep-20,051-220-4344,35.059697,128.979407,2023-02-16,[35.059697 128.979407]
78,부산광역시 사하구청,부산광역시 사하구 다대로 447,부산광역시 사하구 다대동 1432-8,다목적,1,200,360도 전방면,30,Sep-20,051-220-4344,35.06323701,128.979444,2023-02-16,[35.06323701 128.979444]
79,부산광역시 사하구청,부산광역시 사하구 다대로 447,부산광역시 사하구 다대동 1432-8,다목적,1,200,360도 전방면,30,Sep-20,051-220-4344,35.063237,128.979444,2023-02-16,[35.063237 128.979444]
80,부산광역시 사하구청,부산광역시 사하구 다대로 447,부산광역시 사하구 다대동 1432-8,다목적,1,200,360도 전방면,30,Sep-20,051-220-4344,35.063237,128.979444,2023-02-16,[35.063237 128.979444]
81,부산광역시 사하구청,부산광역시 사하구 다대동 1601,부산광역시 사하구 다대동 1601,다목적,1,200,360도 전방면,30,Sep-20,051-220-4344,35.061399,128.987131,2023-02-16,[35.061399 128.987131]
82,부산광역시 사하구청,부산광역시 사하구 다대동 1601,부산광역시 사하구 다대동 1601,다목적,1,200,360도 전방면,30,Sep-20,051-220-4344,35.061399,128.987131,2023-02-16,[35.061399 128.987131]
83,부산광역시 사하구청,부산광역시 사하구 다대로381번길 101,부산광역시 사하구 다대동 94-6,다목적,1,200,360도 전방면,30,Sep-20,051-220-4344,35.06388,128.986394,2023-02-16,[35.06388 128.986394]
84,부산광역시 사하구청,부산광역시 사하구 다대로381번길 101,부산광역시 사하구 다대동 94-6,다목적,1,200,360도 전방면,30,Sep-20,051-220-4344,35.06388,128.986394,2023-02-16,[35.06388 128.986394]
85,부산광역시 사하구청,부산광역시 사하구 다대로381번길 101,부산광역시 사하구 다대동 94-6,다목적,1,200,360도 전방면,30,Sep-20,051-220-4344,35.06388,128.986394,2023-02-16,[35.06388 128.986394]
86,부산광역시 사하구청,부산광역시 사하구 다대로381번길 101,부산광역시 사하구 다대동 94-6,다목적,1,200,360도 전방면,30,Sep-20,051-220-4344,35.06388,128.986394,2023-02-16,[35.06388 128.986394]
87,부산광역시 사하구청,부산광역시 사하구 감천동 140-2,부산광역시 사하구 감천동 140-2,다목적,1,200,360도 전방면,30,Nov-20,051-220-4344,35.083823,129.00656,2023-02-16,[35.083823 129.00656]
88,부산광역시 사하구청,부산광역시 사하구 장림시장7길 115,부산광역시 사하구 장림2동 638-11,다목적,1,200,360도 전방면,30,Dec-18,051-220-4344,35.080031,128.967926,2023-02-16,[35.080031 128.967926]
89,부산광역시 사하구청,부산광역시 사하구 오작로3번길 32,부산광역시 사하구 괴정3동 441-40,다목적,1,200,360도 전방면,30,Dec-18,051-220-4344,35.09854,128.995363,2023-02-16,[35.09854 128.995363]
90,부산광역시 사하구청,부산광역시 사하구 사하로186번나길 18,부산광역시 사하구 괴정3동 1014-1,다목적,1,200,360도 전방면,30,Dec-18,051-220-4344,35.099253,128.994923,2023-02-16,[35.099253 128.994923]
91,부산광역시 사하구청,부산광역시 사하구 사하로186번가길 14,부산광역시 사하구 괴정3동 1014-11,다목적,1,200,360도 전방면,30,Dec-18,051-220-4344,35.099031,128.994725,2023-02-16,[35.099031 128.994725]
92,부산광역시 사하구청,부산광역시 사하구 장림시장7길 94,부산광역시 사하구 장림1동 640-49,다목적,1,200,360도 전방면,30,Dec-18,051-220-4344,35.080161,128.967331,2023-02-16,[35.080161 128.967331]
93,부산광역시 사하구청,부산광역시 사하구 장림시장7길 30,부산광역시 사하구 장림1동 808-116,다목적,1,200,360도 전방면,30,Dec-18,051-220-4344,35.080618,128.965665,2023-02-16,[35.080618 128.965665]
94,부산광역시 사하구청,부산광역시 사하구 장림시장1길 24,부산광역시 사하구 장림1동 641-28,다목적,1,200,360도 전방면,30,Dec-18,051-220-4344,35.081342,128.966604,2023-02-16,[35.081342 128.966604]
95,부산광역시 사하구청,부산광역시 사하구 장림시장3길 8,부산광역시 사하구 장림1동 808-9,다목적,1,200,360도 전방면,30,Dec-18,051-220-4344,35.081224,128.965885,2023-02-16,[35.081224 128.965885]
96,부산광역시 사하구청,부산광역시 사하구 비봉로54번안길 22,부산광역시 사하구 신평2동 산 107-5,다목적,2,200,360도 전방면,30,Dec-18,051-220-4344,35.099544,128.966598,2023-02-16,[35.099544 128.966598]
97,부산광역시 사하구청,부산광역시 사하구 비봉로54번안길 9,부산광역시 사하구 신평2동 430-11,다목적,3,200,360도 전방면,30,Dec-18,051-220-4344,35.099009,128.966218,2023-02-16,[35.099009 128.966218]
98,부산광역시 사하구청,부산광역시 사하구 비봉로54번길 12,부산광역시 사하구 신평2동 430-3,다목적,2,200,360도 전방면,30,Dec-18,051-220-4344,35.09845,128.966193,2023-02-16,[35.09845 128.966193]
99,부산광역시 사하구청,부산광역시 사하구 비봉로 46,부산광역시 사하구 신평2동 428,다목적,2,200,360도 전방면,30,Dec-18,051-220-4344,35.098145,128.965488,2023-02-16,[35.098145 128.965488]
100,부산광역시 사하구청,부산광역시 사하구 대티로 80,부산광역시 사하구 괴정2동 88-1,다목적,4,200,360도 전방면,30,Dec-18,051-220-4344,35.106861,129.007935,2023-02-16,[35.106861 129.007935]
101,부산광역시 사하구청,부산광역시 사하구 괴정1동 1244-5번지,부산광역시 사하구 괴정1동 1244-5번지,다목적,3,200,360도 전방면,30,Aug-19,051-220-4344,35.106854,128.999725,2023-02-16,[35.106854 128.999725]
102,부산광역시 사하구청,부산광역시 사하구 감천동 632-2,부산광역시 사하구 감천동 632-2,다목적,3,200,360도 전방면,30,Aug-19,051-220-4344,35.09221134,128.9993571,2023-02-16,[35.09221134 128.9993571]
103,부산광역시 사하구청,부산광역시 사하구 다대로165,부산광역시 사하구 신평동 582-1,다목적,4,200,360도 전방면,30,Nov-19,051-220-4344,35.08743993,128.9776901,2023-02-16,[35.08743993 128.9776901]
104,부산광역시 사하구청,부산광역시 사하구 신산로177,부산광역시 사하구 신평동 586-5,다목적,4,200,360도 전방면,30,Nov-19,051-220-4344,35.08993993,128.9750001,2023-02-16,[35.08993993 128.9750001]
105,부산광역시 사하구청,부산광역시 사하구 다대로137번길 78,부산광역시 사하구 신평동 41-51,다목적,4,200,360도 전방면,30,Nov-19,051-220-4344,35.09057993,128.9795001,2023-02-16,[35.09057993 128.9795001]
106,부산광역시 사하구청,부산광역시 사하구 다대로135번길 39,부산광역시 사하구 신평동 31-14,다목적,4,200,360도 전방면,30,Nov-19,051-220-4344,35.09171993,128.9795401,2023-02-16,[35.09171993 128.9795401]
107,부산광역시 사하구청,부산광역시 사하구 장평로 301번길 15,부산광역시 사하구 신평동 166-4,다목적,3,200,360도 전방면,30,Nov-19,051-220-4344,35.09369993,128.9729701,2023-02-16,[35.09369993 128.9729701]
108,부산광역시 사하구청,부산광역시 사하구 신산북로49번길 5,부산광역시 사하구 신평동 334,다목적,4,200,360도 전방면,30,Nov-19,051-220-4344,35.09140993,128.9701701,2023-02-16,[35.09140993 128.9701701]
109,부산광역시 사하구청,부산광역시 사하구 신산북로67번길 12,부산광역시 사하구 신평동 272-3,다목적,4,200,360도 전방면,30,Nov-19,051-220-4344,35.09150993,128.9720601,2023-02-16,[35.09150993 128.9720601]
110,부산광역시 사하구청,부산광역시 사하구 다대로126번길 77,부산광역시 사하구 신평동 111-148,다목적,5,200,360도 전방면,30,Nov-19,051-220-4344,35.09258993,128.9763901,2023-02-16,[35.09258993 128.9763901]
111,부산광역시 사하구청,부산광역시 사하구 다대로135번길 30-19,부산광역시 사하구 신평동 산36-5,다목적,3,200,360도 전방면,30,Nov-19,051-220-4344,35.09010993,128.9803101,2023-02-16,[35.09010993 128.9803101]
112,부산광역시 사하구청,부산광역시 사하구 다대로142번길 118,부산광역시 사하구 신평동 111-604,다목적,3,200,360도 전방면,30,Nov-19,051-220-4344,35.09210993,128.9751701,2023-02-16,[35.09210993 128.9751701]
113,부산광역시 사하구청,부산광역시 사하구 신평동 452-5,부산광역시 사하구 신평동 452-5,다목적,4,200,360도 전방면,30,Nov-19,051-220-4344,35.09782993,128.9610301,2023-02-16,[35.09782993 128.9610301]
114,부산광역시 사하구청,부산광역시 사하구 하신번영로151번길 20,부산광역시 사하구 신평동 631-1,다목적,5,200,360도 전방면,30,Nov-19,051-220-4344,35.09614993,128.9589101,2023-02-16,[35.09614993 128.9589101]
115,부산광역시 사하구청,부산광역시 사하구 하신번영로173번길 35,부산광역시 사하구 신평동 636,다목적,3,200,360도 전방면,30,Nov-19,051-220-4344,35.09824993,128.9581801,2023-02-16,[35.09824993 128.9581801]
116,부산광역시 사하구청,부산광역시 사하구 하신번영로179번길59,부산광역시 사하구 신평동 594-5,다목적,3,200,360도 전방면,30,Nov-19,051-220-4344,35.09883993,128.9568201,2023-02-16,[35.09883993 128.9568201]
117,부산광역시 사하구청,부산광역시 사하구 비봉로21번길 22,부산광역시 사하구 신평동 417-7,다목적,4,200,360도 전방면,30,Nov-19,051-220-4344,35.09790993,128.9636101,2023-02-16,[35.09790993 128.9636101]
118,부산광역시 사하구청,부산광역시 사하구 비봉로 36,부산광역시 사하구 신평동 409-13,다목적,4,200,360도 전방면,30,Nov-19,051-220-4344,35.09747993,128.9653501,2023-02-16,[35.09747993 128.9653501]
119,부산광역시 사하구청,부산광역시 사하구 구평동 501,부산광역시 사하구 구평동 501,다목적,5,200,360도 전방면,30,Nov-19,051-220-4344,35.08368993,128.9848101,2023-02-16,[35.08368993 128.9848101]
120,부산광역시 사하구청,부산광역시 사하구 구평동 508,부산광역시 사하구 구평동 508,다목적,4,200,360도 전방면,30,Nov-19,051-220-4344,35.08173993,128.9879101,2023-02-16,[35.08173993 128.9879101]
121,부산광역시 사하구청,부산광역시 사하구 을숙도대로755번길 50,부산광역시 사하구 구평동 7-2,다목적,4,200,360도 전방면,30,Nov-19,051-220-4344,35.08867993,128.9876301,2023-02-16,[35.08867993 128.9876301]
122,부산광역시 사하구청,부산광역시 사하구 서포로30번길 26,부산광역시 사하구 구평동 517,다목적,4,200,360도 전방면,30,Nov-19,051-220-4344,35.08160993,128.9865001,2023-02-16,[35.08160993 128.9865001]
123,부산광역시 사하구청,부산광역시 사하구 서포로 7,부산광역시 사하구 구평동 117-14,다목적,4,200,360도 전방면,30,Nov-19,051-220-4344,35.08425993,128.9843501,2023-02-16,[35.08425993 128.9843501]
124,부산광역시 사하구청,부산광역시 사하구 감천항로 527,부산광역시 사하구 구평동 494-11,다목적,4,200,360도 전방면,30,Nov-19,051-220-4344,35.04805993,129.0001301,2023-02-16,[35.04805993 129.0001301]
125,부산광역시 사하구청,부산광역시 사하구 감천항로405번길 54,부산광역시 사하구 구평동 483-3,다목적,4,200,360도 전방면,30,Nov-19,051-220-4344,35.05433993,128.9977201,2023-02-16,[35.05433993 128.9977201]
126,부산광역시 사하구청,부산광역시 사하구 감천로157번길41,부산광역시 사하구 감천동 52-5,다목적,4,200,360도 전방면,30,Nov-19,051-220-4344,35.08470993,129.0097101,2023-02-16,[35.08470993 129.0097101]
127,부산광역시 사하구청,부산광역시 사하구 사하로 106-1,부산광역시 사하구 감천동 826-26,다목적,4,200,360도 전방면,30,Nov-19,051-220-4344,35.09151993,128.9939701,2023-02-16,[35.09151993 128.9939701]
128,부산광역시 사하구청,부산광역시 사하구 감천로43번길41,부산광역시 사하구 감천동 610-1,다목적,4,200,360도 전방면,30,Nov-19,051-220-4344,35.09258993,128.9984401,2023-02-16,[35.09258993 128.9984401]
129,부산광역시 사하구청,부산광역시 사하구 감천로37번길 35,부산광역시 사하구 감천동 614-4,다목적,5,200,360도 전방면,30,Nov-19,051-220-4344,35.09225993,128.9965501,2023-02-16,[35.09225993 128.9965501]
130,부산광역시 사하구청,부산광역시 사하구 감천동 452-3,부산광역시 사하구 감천동 452-3,다목적,5,200,360도 전방면,30,Nov-19,051-220-4344,35.08762993,129.0049901,2023-02-16,[35.08762993 129.0049901]
131,부산광역시 사하구청,부산광역시 사하구 감천로142번길 10,부산광역시 사하구 감천동 76-1,다목적,4,200,360도 전방면,30,Nov-19,051-220-4344,35.08586993,129.0066101,2023-02-16,[35.08586993 129.0066101]
132,부산광역시 사하구청,부산광역시 사하구 천해로 129,부산광역시 사하구 감천동 28-3,다목적,5,200,360도 전방면,30,Nov-19,051-220-4344,35.08795993,129.0085601,2023-02-16,[35.08795993 129.0085601]
133,부산광역시 사하구청,부산광역시 사하구 감천로139번길 55-1,부산광역시 사하구 감천동 23,다목적,3,200,360도 전방면,30,Nov-19,051-220-4344,35.08895993,129.0063201,2023-02-16,[35.08895993 129.0063201]
134,부산광역시 사하구청,부산광역시 사하구 감천로43번길 25-4,부산광역시 사하구 감천1동 624-2,다목적,3,200,360도 전방면,30,Nov-19,051-220-4344,35.09223993,128.9979401,2023-02-16,[35.09223993 128.9979401]
135,부산광역시 사하구청,부산광역시 사하구 감천로73번길 24,부산광역시 사하구 감천동 635-11,다목적,4,200,360도 전방면,30,Nov-19,051-220-4344,35.09048993,129.0002101,2023-02-16,[35.09048993 129.0002101]
136,부산광역시 사하구청,부산광역시 사하구 감천로93번길14,부산광역시 사하구 감천동 502-50,다목적,3,200,360도 전방면,30,Nov-19,051-220-4344,35.08911993,129.0024001,2023-02-16,[35.08911993 129.0024001]
137,부산광역시 사하구청,부산광역시 사하구 감천로83번길 11,부산광역시 사하구 감천동 500-60,다목적,4,200,360도 전방면,30,Nov-19,051-220-4344,35.08933993,129.0015501,2023-02-16,[35.08933993 129.0015501]
138,부산광역시 사하구청,부산광역시 사하구 옥천로 42,부산광역시 사하구 감천동 19-52,다목적,5,200,360도 전방면,30,Nov-19,051-220-4344,35.09100993,129.0068601,2023-02-16,[35.09100993 129.0068601]
139,부산광역시 사하구청,부산광역시 사하구 감천로105번길 74,부산광역시 사하구 감천동 523-35,다목적,3,200,360도 전방면,30,Nov-19,051-220-4344,35.09069993,129.0053001,2023-02-16,[35.09069993 129.0053001]
140,부산광역시 사하구청,부산광역시 사하구 옥천로 24번길 9,부산광역시 사하구 감천동 545-11,다목적,4,200,360도 전방면,30,Nov-19,051-220-4344,35.08913993,129.0059701,2023-02-16,[35.08913993 129.0059701]
141,부산광역시 사하구청,부산광역시 사하구 감천로 138,부산광역시 사하구 감천동 397-1,다목적,5,200,360도 전방면,30,Nov-19,051-220-4344,35.08655993,129.0062801,2023-02-16,[35.08655993 129.0062801]
142,부산광역시 사하구청,부산광역시 사하구 감천로103번길 33,부산광역시 사하구 감천동 520-4,다목적,4,200,360도 전방면,30,Nov-19,051-220-4344,35.08943993,129.0028101,2023-02-16,[35.08943993 129.0028101]
143,부산광역시 사하구청,부산광역시 사하구 감내2로 117,부산광역시 사하구 감천동 2-394,다목적,5,200,360도 전방면,30,Nov-19,051-220-4344,35.09753993,129.0079601,2023-02-16,[35.09753993 129.0079601]
144,부산광역시 사하구청,부산광역시 사하구 감내1로 200,부산광역시 사하구 감천동 10-154,다목적,4,200,360도 전방면,30,Nov-19,051-220-4344,35.09654993,129.0094501,2023-02-16,[35.09654993 129.0094501]
145,부산광역시 사하구청,부산광역시 사하구 감천로169-4,부산광역시 사하구 감천동 53-5,다목적,3,200,360도 전방면,30,Nov-19,051-220-4344,35.08482993,129.0090901,2023-02-16,[35.08482993 129.0090901]
146,부산광역시 사하구청,부산광역시 사하구 사하로125번길 6-10,부산광역시 사하구 괴정동 612-5,다목적,3,200,360도 전방면,30,Dec-19,051-220-4344,35.09256,128.99255,2023-02-16,[35.09256 128.99255]
147,부산광역시 사하구청,부산광역시 사하구 낙동대로249번길 7,부산광역시 사하구 괴정동894-4,다목적,3,200,360도 전방면,30,Dec-19,051-220-4344,35.09882,128.99001,2023-02-16,[35.09882 128.99001]
148,부산광역시 사하구청,부산광역시 사하구 괴정로270번길 29,부산광역시 사하구 괴정동 488-4,다목적,4,200,360도 전방면,30,Dec-19,051-220-4344,35.09535,128.99132,2023-02-16,[35.09535 128.99132]
149,부산광역시 사하구청,부산광역시 사하구 회화나무길 25,부산광역시 사하구 괴정동 810-3,다목적,4,200,360도 전방면,30,Dec-19,051-220-4344,35.10052,128.98967,2023-02-16,[35.10052 128.98967]
150,부산광역시 사하구청,부산광역시 사하구 괴정로284번길 24,부산광역시 사하구 괴정동 486-28,다목적,3,200,360도 전방면,30,Dec-19,051-220-4344,35.0961,128.99145,2023-02-16,[35.0961 128.99145]
151,부산광역시 사하구청,부산광역시 사하구 승학로233번길1,부산광역시 사하구 괴정동 1054-3,다목적,3,200,360도 전방면,30,Dec-19,051-220-4344,35.10205,128.99007,2023-02-16,[35.10205 128.99007]
152,부산광역시 사하구청,부산광역시 사하구 낙동대로271,부산광역시 사하구 괴정동 749-2,다목적,3,200,360도 전방면,30,Dec-19,051-220-4344,35.09911,128.98768,2023-02-16,[35.09911 128.98768]
153,부산광역시 사하구청,부산광역시 사하구 낙동대로96,부산광역시 사하구 괴정동 172-2,다목적,3,200,360도 전방면,30,Dec-19,051-220-4344,35.10459,129.00463,2023-02-16,[35.10459 129.00463]
154,부산광역시 사하구청,부산광역시 사하구 대티로17번길9,부산광역시 사하구 괴정동 207-19,다목적,3,200,360도 전방면,30,Dec-19,051-220-4344,35.10464,129.00146,2023-02-16,[35.10464 129.00146]
155,부산광역시 사하구청,부산광역시 사하구 사리로 8,부산광역시 사하구 괴정동 382-5,다목적,2,200,360도 전방면,30,Dec-19,051-220-4344,35.10059,128.99967,2023-02-16,[35.10059 128.99967]
156,부산광역시 사하구청,부산광역시 사하구 대티로80번길 26,부산광역시 사하구 괴정동 69-15,다목적,2,200,360도 전방면,30,Dec-19,051-220-4344,35.10707,129.00874,2023-02-16,[35.10707 129.00874]
157,부산광역시 사하구청,부산광역시 사하구 괴정동 1279,부산광역시 사하구 괴정동 1279,다목적,3,200,360도 전방면,30,Dec-19,051-220-4344,35.10529,128.99965,2023-02-16,[35.10529 128.99965]
158,부산광역시 사하구청,부산광역시 사하구 까치고개로20번길 3-10,부산광역시 사하구 괴정동 354-75,다목적,3,200,360도 전방면,30,Dec-19,051-220-4344,35.1032,129.00475,2023-02-16,[35.1032 129.00475]
159,부산광역시 사하구청,부산광역시 사하구 대티로 61,부산광역시 사하구 괴정동 188-26,다목적,4,200,360도 전방면,30,Dec-19,051-220-4344,35.10636,129.00582,2023-02-16,[35.10636 129.00582]
160,부산광역시 사하구청,부산광역시 사하구 승학로281,부산광역시 사하구 괴정동 260-988,다목적,3,200,360도 전방면,30,Dec-19,051-220-4344,35.10248,128.99506,2023-02-16,[35.10248 128.99506]
161,부산광역시 사하구청,부산광역시 사하구 낙동대로199번길 23,부산광역시 사하구 괴정동 434-4,다목적,3,200,360도 전방면,30,Dec-19,051-220-4344,35.09955,128.99582,2023-02-16,[35.09955 128.99582]
162,부산광역시 사하구청,부산광역시 사하구 사하로 198,부산광역시 사하구 괴정동 964-17,다목적,4,200,360도 전방면,30,Dec-19,051-220-4344,35.09935,128.9936,2023-02-16,[35.09935 128.9936]
163,부산광역시 사하구청,부산광역시 사하구 승학로224번길 107,부산광역시 사하구 괴정동 260-601,다목적,3,200,360도 전방면,30,Dec-19,051-220-4344,35.10202,128.99537,2023-02-16,[35.10202 128.99537]
164,부산광역시 사하구청,부산광역시 사하구 괴정로 145,부산광역시 사하구 당리동 338-21,다목적,3,200,360도 전방면,30,Dec-19,051-220-4344,35.0994,128.97803,2023-02-16,[35.0994 128.97803]
165,부산광역시 사하구청,부산광역시 사하구 낙동대로302번길 15,부산광역시 사하구 괴정동 576-1,다목적,3,200,360도 전방면,30,Dec-19,051-220-4344,35.10034,128.98376,2023-02-16,[35.10034 128.98376]
166,부산광역시 사하구청,부산광역시 사하구 낙동대로280번길 40,부산광역시 사하구 괴정동 764-56,다목적,3,200,360도 전방면,30,Dec-19,051-220-4344,35.10037,128.98487,2023-02-16,[35.10037 128.98487]
167,부산광역시 사하구청,부산광역시 사하구 마하로48번길 21,부산광역시 사하구 괴정동 1068-5,다목적,4,200,360도 전방면,30,Dec-19,051-220-4344,35.10407,128.985,2023-02-16,[35.10407 128.985]
168,부산광역시 사하구청,부산광역시 사하구 승학로165번길 23,부산광역시 사하구 괴정동 1080-19,다목적,2,200,360도 전방면,30,Dec-19,051-220-4344,35.10251,128.98453,2023-02-16,[35.10251 128.98453]
169,부산광역시 사하구청,부산광역시 사하구 낙동대로302번길 64,부산광역시 사하구 괴정동 1079-1,다목적,2,200,360도 전방면,30,Dec-19,051-220-4344,35.10249,128.98306,2023-02-16,[35.10249 128.98306]
170,부산광역시 사하구청,부산광역시 사하구 동매로 73-1,부산광역시 사하구 하단동 611-52,다목적,3,200,360도 전방면,30,Dec-19,051-220-4344,35.10271,128.9663,2023-02-16,[35.10271 128.9663]
171,부산광역시 사하구청,부산광역시 사하구 하신번영로 262,부산광역시 사하구 하단동 897-12,다목적,4,200,360도 전방면,30,Dec-19,051-220-4344,35.104359,128.958332,2023-02-16,[35.104359 128.958332]
172,부산광역시 사하구청,부산광역시 사하구 낙동남로 1390번길 5,부산광역시 사하구 하단동 592-4,다목적,4,200,360도 전방면,30,Dec-19,051-220-4344,35.10554,128.96375,2023-02-16,[35.10554 128.96375]
173,부산광역시 사하구청,부산광역시 사하구 동매로 12,부산광역시 사하구 하단동 896,다목적,3,200,360도 전방면,30,Dec-19,051-220-4344,35.10358,128.95963,2023-02-16,[35.10358 128.95963]
174,부산광역시 사하구청,부산광역시 사하구 동매로23번길 22,부산광역시 사하구 하단동 604-1,다목적,4,200,360도 전방면,30,Dec-19,051-220-4344,35.10469,128.96129,2023-02-16,[35.10469 128.96129]
175,부산광역시 사하구청,부산광역시 사하구 하신번영로 186,부산광역시 사하구 하단동 1181-25,다목적,3,200,360도 전방면,30,Dec-19,051-220-4344,35.09895,128.96001,2023-02-16,[35.09895 128.96001]
176,부산광역시 사하구청,부산광역시 사하구 하신번영로380번길 115,부산광역시 사하구 하단동 503-9,다목적,4,200,360도 전방면,30,Dec-19,051-220-4344,35.109429,128.9602,2023-02-16,[35.109429 128.9602]
177,부산광역시 사하구청,부산광역시 사하구 하신번영로 365,부산광역시 사하구 하단동1161-2,다목적,3,200,360도 전방면,30,Dec-19,051-220-4344,35.11277,128.95989,2023-02-16,[35.11277 128.95989]
178,부산광역시 사하구청,부산광역시 사하구 하신번영로 376,부산광역시 사하구 하단동 483,다목적,3,200,360도 전방면,30,Dec-19,051-220-4344,35.11474,128.96087,2023-02-16,[35.11474 128.96087]
179,부산광역시 사하구청,부산광역시 사하구 낙동대로550번길 16-6,부산광역시 사하구 하단동 492-6,다목적,2,200,360도 전방면,30,Dec-19,051-220-4344,35.11284,128.96512,2023-02-16,[35.11284 128.96512]
180,부산광역시 사하구청,부산광역시 사하구 낙동대로519번길 54,부산광역시 사하구 하단동 483,다목적,3,200,360도 전방면,30,Dec-19,051-220-4344,35.11063,128.96252,2023-02-16,[35.11063 128.96252]
181,부산광역시 사하구청,부산광역시 사하구 하신번영로 312,부산광역시 사하구 하단동 885-9,다목적,3,200,360도 전방면,30,Dec-19,051-220-4344,35.10881,128.95875,2023-02-16,[35.10881 128.95875]
182,부산광역시 사하구청,부산광역시 사하구 승학로71,부산광역시 사하구 당리동 322,다목적,3,200,360도 전방면,30,Dec-19,051-220-4344,35.1045,128.97593,2023-02-16,[35.1045 128.97593]
183,부산광역시 사하구청,부산광역시 사하구 승학로2,부산광역시 사하구 당리동 314,다목적,4,200,360도 전방면,30,Dec-19,051-220-4344,35.10637,128.96923,2023-02-16,[35.10637 128.96923]
184,부산광역시 사하구청,부산광역시 사하구 낙동대로356번길 33-2,부산광역시 사하구 당리동 343-20,다목적,4,200,360도 전방면,30,Dec-19,051-220-4344,35.10285,128.98031,2023-02-16,[35.10285 128.98031]
185,부산광역시 사하구청,부산광역시 사하구 제석로95번길 26,부산광역시 사하구 당리동 33-41,다목적,4,200,360도 전방면,30,Dec-19,051-220-4344,35.10924,128.97733,2023-02-16,[35.10924 128.97733]
186,부산광역시 사하구청,부산광역시 사하구 제석로 112,부산광역시 사하구 당리동 544-1,다목적,4,200,360도 전방면,30,Dec-19,051-220-4344,35.10924,128.97733,2023-02-16,[35.10924 128.97733]
187,부산광역시 사하구청,부산광역시 사하구 제석로 77,부산광역시 사하구 당리동 48-1,다목적,3,200,360도 전방면,30,Dec-19,051-220-4344,35.10716,128.97567,2023-02-16,[35.10716 128.97567]
188,부산광역시 사하구청,부산광역시 사하구 사하로 156-1,부산광역시 사하구 괴정동 477-28,다목적,4,200,360도 전방면,30,Dec-19,051-220-4344,35.09563,128.99372,2023-02-16,[35.09563 128.99372]
189,부산광역시 사하구청,부산광역시 사하구 낙동대로519번길 60,부산광역시 사하구 하단동 500-24,다목적,2,200,360도 전방면,30,Dec-19,051-220-4344,35.11078,128.96215,2023-02-16,[35.11078 128.96215]
190,부산광역시 사하구청,부산광역시 사하구 낙동남로1357번길 5,부산광역시 사하구 하단동 870-213,다목적,2,200,360도 전방면,30,Dec-19,051-220-4344,35.11078,128.96215,2023-02-16,[35.11078 128.96215]
191,부산광역시 사하구청,부산광역시 사하구 감천로43번길 25-14,부산광역시 사하구 감천1동 622-1,다목적,3,200,360도 전방면,30,Dec-19,051-220-4344,35.09252,128.99782,2023-02-16,[35.09252 128.99782]
192,부산광역시 사하구청,부산광역시 사하구 감천로21번길 54,부산광역시 사하구 감천동 613-4,다목적,4,200,360도 전방면,30,Dec-19,051-220-4344,35.09268,128.99746,2023-02-16,[35.09268 128.99746]
193,부산광역시 사하구청,부산광역시 사하구 까치고개로 72,부산광역시 사하구 괴정동 1-5,다목적,3,200,360도 전방면,30,Dec-19,051-220-4344,35.10445,129.00903,2023-02-16,[35.10445 129.00903]
194,부산광역시 사하구청,부산광역시 사하구 장림동 873-7,부산광역시 사하구 장림동 873-7,다목적,1,200,360도 전방면,30,Sep-20,051-220-4344,35.077174,128.962609,2023-02-16,[35.077174 128.962609]
195,부산광역시 사하구청,부산광역시 사하구 장림동 873-7,부산광역시 사하구 장림동 873-7,다목적,1,200,360도 전방면,30,Sep-20,051-220-4344,35.0771741,128.962609,2023-02-16,[35.0771741 128.962609]
196,부산광역시 사하구청,부산광역시 사하구 장림동 873-7,부산광역시 사하구 장림동 873-7,다목적,1,200,360도 전방면,30,Sep-20,051-220-4344,35.077038,128.9629702,2023-02-16,[35.077038 128.9629702]
197,부산광역시 사하구청,부산광역시 사하구 장림번영로 59,부산광역시 사하구 장림동 317-9,다목적,1,200,360도 전방면,30,Sep-20,051-220-4344,35.080699,128.971787,2023-02-16,[35.080699 128.971787]
198,부산광역시 사하구청,부산광역시 사하구 장림번영로 59,부산광역시 사하구 장림동 317-9,다목적,1,200,360도 전방면,30,Sep-20,051-220-4344,35.080699,128.971787,2023-02-16,[35.080699 128.971787]
199,부산광역시 사하구청,부산광역시 사하구 장평로195번길 76,부산광역시 사하구 장림동 1033-49,다목적,1,200,360도 전방면,30,Sep-20,051-220-4344,35.083921,128.968832,2023-02-16,[35.083921 128.968832]
200,부산광역시 사하구청,부산광역시 사하구 장평로195번길 76,부산광역시 사하구 장림동 1033-49,다목적,1,200,360도 전방면,30,Sep-20,051-220-4344,35.083921,128.968832,2023-02-16,[35.083921 128.968832]
201,부산광역시 사하구청,부산광역시 사하구 장림동 845-4,부산광역시 사하구 장림동 845-4,다목적,1,200,360도 전방면,30,Sep-20,051-220-4344,35.0789359,128.96475,2023-02-16,[35.0789359 128.96475]
202,부산광역시 사하구청,부산광역시 사하구 장림동 845-4,부산광역시 사하구 장림동 845-4,다목적,1,200,360도 전방면,30,Sep-20,051-220-4344,35.078935,128.96475,2023-02-16,[35.078935 128.96475]
203,부산광역시 사하구청,부산광역시 사하구 장림동 845-4,부산광역시 사하구 장림동 845-4,다목적,1,200,360도 전방면,30,Sep-20,051-220-4344,35.078935,128.96475,2023-02-16,[35.078935 128.96475]
204,부산광역시 사하구청,부산광역시 사하구 장림동 845-4,부산광역시 사하구 장림동 845-4,다목적,1,200,360도 전방면,30,Sep-20,051-220-4344,35.0789359,128.9647508,2023-02-16,[35.0789359 128.9647508]
205,부산광역시 사하구청,부산광역시 사하구 장림동 818-7,부산광역시 사하구 장림동 818-7,다목적,1,200,360도 전방면,30,Sep-20,051-220-4344,35.0795522,128.964797,2023-02-16,[35.0795522 128.964797]
206,부산광역시 사하구청,부산광역시 사하구 장림동 818-7,부산광역시 사하구 장림동 818-7,다목적,1,200,360도 전방면,30,Sep-20,051-220-4344,35.0795522,128.964797,2023-02-16,[35.0795522 128.964797]
207,부산광역시 사하구청,부산광역시 사하구 장림시장4길 3,부산광역시 사하구 장림동 782-4,다목적,1,200,360도 전방면,30,Sep-20,051-220-4344,35.08126,128.965376,2023-02-16,[35.08126 128.965376]
208,부산광역시 사하구청,부산광역시 사하구 장림로 93번길 23,부산광역시 사하구 장림동 1081-3,다목적,1,200,360도 전방면,30,Sep-20,051-220-4344,35.080774,128.957121,2023-02-16,[35.080774 128.957121]
209,부산광역시 사하구청,부산광역시 사하구 장림로 93번길 23,부산광역시 사하구 장림동 1081-3,다목적,1,200,360도 전방면,30,Sep-20,051-220-4344,35.080774,128.957121,2023-02-16,[35.080774 128.957121]
210,부산광역시 사하구청,부산광역시 사하구 장림로 93번길 23,부산광역시 사하구 장림동 1081-3,다목적,1,200,360도 전방면,30,Sep-20,051-220-4344,35.080774,128.957121,2023-02-16,[35.080774 128.957121]
211,부산광역시 사하구청,부산광역시 사하구 장림번영로28번길 39-5,부산광역시 사하구 장림동 633-3,다목적,1,200,360도 전방면,30,Sep-20,051-220-4344,35.078925,128.96755,2023-02-16,[35.078925 128.96755]
212,부산광역시 사하구청,부산광역시 사하구 장림번영로28번길 39-5,부산광역시 사하구 장림동 633-3,다목적,1,200,360도 전방면,30,Sep-20,051-220-4344,35.078925,128.96755,2023-02-16,[35.078925 128.96755]
213,부산광역시 사하구청,부산광역시 사하구 다대로271번길 10,부산광역시 사하구 장림동 258,다목적,1,200,360도 전방면,30,Sep-20,051-220-4344,35.0785,128.97828,2023-02-16,[35.0785 128.97828]
214,부산광역시 사하구청,부산광역시 사하구 다대로271번길 10,부산광역시 사하구 장림동 258,다목적,1,200,360도 전방면,30,Sep-20,051-220-4344,35.0785,128.97828,2023-02-16,[35.0785 128.97828]
215,부산광역시 사하구청,부산광역시 사하구 다대로 246,부산광역시 사하구 장림동 192-8,다목적,1,200,360도 전방면,30,Sep-20,051-220-4344,35.080475,128.977215,2023-02-16,[35.080475 128.977215]
216,부산광역시 사하구청,부산광역시 사하구 다대로 246,부산광역시 사하구 장림동 192-8,다목적,1,200,360도 전방면,30,Sep-20,051-220-4344,35.080475,128.977215,2023-02-16,[35.080475 128.977215]
217,부산광역시 사하구청,부산광역시 사하구 장평로 31-5,부산광역시 사하구 장림동 534,다목적,1,200,360도 전방면,30,Sep-20,051-220-4344,35.068826,128.973414,2023-02-16,[35.068826 128.973414]
218,부산광역시 사하구청,부산광역시 사하구 장평로 31-5,부산광역시 사하구 장림동 534,다목적,1,200,360도 전방면,30,Sep-20,051-220-4344,35.068826,128.973414,2023-02-16,[35.068826 128.973414]
219,부산광역시 사하구청,부산광역시 사하구 장평로 131,부산광역시 사하구 장림동 601,다목적,1,200,360도 전방면,30,Sep-20,051-220-4344,35.077903,128.972532,2023-02-16,[35.077903 128.972532]
220,부산광역시 사하구청,부산광역시 사하구 장평로125번길 30,부산광역시 사하구 장림동 604-101,다목적,1,200,360도 전방면,30,Sep-20,051-220-4344,35.077736,128.972226,2023-02-16,[35.077736 128.972226]
221,부산광역시 사하구청,부산광역시 사하구 장평로125번길 30,부산광역시 사하구 장림동 604-101,다목적,1,200,360도 전방면,30,Sep-20,051-220-4344,35.077736,128.972226,2023-02-16,[35.077736 128.972226]
222,부산광역시 사하구청,부산광역시 사하구 장평로125번길 30,부산광역시 사하구 장림동 604-101,다목적,1,200,360도 전방면,30,Sep-20,051-220-4344,35.077736,128.972226,2023-02-16,[35.077736 128.972226]
223,부산광역시 사하구청,부산광역시 사하구 장평로125번길 30,부산광역시 사하구 장림동 604-101,다목적,1,200,360도 전방면,30,Sep-20,051-220-4344,35.077736,128.972226,2023-02-16,[35.077736 128.972226]
224,부산광역시 사하구청,부산광역시 사하구 다대로300번길 34,부산광역시 사하구 장림동 392-1,다목적,1,200,360도 전방면,30,Sep-20,051-220-4344,35.075472,128.974447,2023-02-16,[35.075472 128.974447]
225,부산광역시 사하구청,부산광역시 사하구 다대로300번길 34,부산광역시 사하구 장림동 392-1,다목적,1,200,360도 전방면,30,Sep-20,051-220-4344,35.075472,128.974447,2023-02-16,[35.075472 128.974447]
226,부산광역시 사하구청,부산광역시 사하구 다대로300번길 34,부산광역시 사하구 장림동 392-1,다목적,1,200,360도 전방면,30,Sep-20,051-220-4344,35.075472,128.974447,2023-02-16,[35.075472 128.974447]
227,부산광역시 사하구청,부산광역시 사하구 두송로 65,부산광역시 사하구 장림동 60-17,다목적,1,200,360도 전방면,30,Sep-20,051-220-4344,35.07781,128.982738,2023-02-16,[35.07781 128.982738]
228,부산광역시 사하구청,부산광역시 사하구 두송로 65,부산광역시 사하구 장림동 60-17,다목적,1,200,360도 전방면,30,Sep-20,051-220-4344,35.07781,128.982738,2023-02-16,[35.07781 128.982738]
229,부산광역시 사하구청,부산광역시 사하구 두송로 65,부산광역시 사하구 장림동 60-17,다목적,1,200,360도 전방면,30,Sep-20,051-220-4344,35.07781,128.982738,2023-02-16,[35.07781 128.982738]
230,부산광역시 사하구청,부산광역시 사하구 장평로139번길 13,부산광역시 사하구 장림동 610-17,다목적,1,200,360도 전방면,30,Sep-20,051-220-4344,35.078808,128.972348,2023-02-16,[35.078808 128.972348]
231,부산광역시 사하구청,부산광역시 사하구 장평로139번길 13,부산광역시 사하구 장림동 610-17,다목적,1,200,360도 전방면,30,Sep-20,051-220-4344,35.078808,128.972348,2023-02-16,[35.078808 128.972348]
232,부산광역시 사하구청,부산광역시 사하구 장림번영로 84번길 21,부산광역시 사하구 장림동 339-5,다목적,1,200,360도 전방면,30,Sep-20,051-220-4344,35.0796,128.974488,2023-02-16,[35.0796 128.974488]
233,부산광역시 사하구청,부산광역시 사하구 장림번영로 84번길 21,부산광역시 사하구 장림동 339-5,다목적,1,200,360도 전방면,30,Sep-20,051-220-4344,35.0796,128.974488,2023-02-16,[35.0796 128.974488]
234,부산광역시 사하구청,부산광역시 사하구 장평로 111-3,부산광역시 사하구 장림동 587-2,다목적,1,200,360도 전방면,30,Sep-20,051-220-4344,35.075926,128.972344,2023-02-16,[35.075926 128.972344]
235,부산광역시 사하구청,부산광역시 사하구 장평로 111-3,부산광역시 사하구 장림동 587-2,다목적,1,200,360도 전방면,30,Sep-20,051-220-4344,35.075926,128.972344,2023-02-16,[35.075926 128.972344]
236,부산광역시 사하구청,부산광역시 사하구 장평로 111-3,부산광역시 사하구 장림동 587-2,다목적,1,200,360도 전방면,30,Sep-20,051-220-4344,35.075926,128.972344,2023-02-16,[35.075926 128.972344]
237,부산광역시 사하구청,부산광역시 사하구 장림번영로 81,부산광역시 사하구 장림동 316-9,다목적,1,200,360도 전방면,30,Sep-20,051-220-4344,35.080683,128.974075,2023-02-16,[35.080683 128.974075]
238,부산광역시 사하구청,부산광역시 사하구 장림번영로 81,부산광역시 사하구 장림동 316-9,다목적,1,200,360도 전방면,30,Sep-20,051-220-4344,35.080683,128.974075,2023-02-16,[35.080683 128.974075]
239,부산광역시 사하구청,부산광역시 사하구 다대동로53번길 5,부산광역시 사하구 다대동 194-3,다목적,1,200,360도 전방면,30,Sep-20,051-220-4344,35.057969,128.973401,2023-02-16,[35.057969 128.973401]
240,부산광역시 사하구청,부산광역시 사하구 다대동로53번길 5,부산광역시 사하구 다대동 194-3,다목적,1,200,360도 전방면,30,Sep-20,051-220-4344,35.057969,128.973401,2023-02-16,[35.057969 128.973401]
241,부산광역시 사하구청,부산광역시 사하구 다대동로53번길 5,부산광역시 사하구 다대동 194-3,다목적,1,200,360도 전방면,30,Sep-20,051-220-4344,35.057969,128.973401,2023-02-16,[35.057969 128.973401]
242,부산광역시 사하구청,부산광역시 사하구 윤공단로 25-5,부산광역시 사하구 다대동 964,다목적,1,200,360도 전방면,30,Sep-20,051-220-4344,35.054735,128.966416,2023-02-16,[35.054735 128.966416]
243,부산광역시 사하구청,부산광역시 사하구 윤공단로 25-5,부산광역시 사하구 다대동 964,다목적,1,200,360도 전방면,30,Sep-20,051-220-4344,35.054735,128.966416,2023-02-16,[35.054735 128.966416]
244,부산광역시 사하구청,부산광역시 사하구 윤공단로 25-5,부산광역시 사하구 다대동 964,다목적,1,200,360도 전방면,30,Sep-20,051-220-4344,35.054735,128.966416,2023-02-16,[35.054735 128.966416]
245,부산광역시 사하구청,부산광역시 사하구 다대로568번길 16,부산광역시 사하구 다대동 1480,다목적,1,200,360도 전방면,30,Sep-20,051-220-4344,35.055323,128.969737,2023-02-16,[35.055323 128.969737]
246,부산광역시 사하구청,부산광역시 사하구 다대로568번길 16,부산광역시 사하구 다대동 1480,다목적,1,200,360도 전방면,30,Sep-20,051-220-4344,35.055323,128.969737,2023-02-16,[35.055323 128.969737]
247,부산광역시 사하구청,부산광역시 사하구 윤공단로 116,부산광역시 사하구 다대동 1247-2,다목적,1,200,360도 전방면,30,Sep-20,051-220-4344,35.060819,128.972119,2023-02-16,[35.060819 128.972119]
248,부산광역시 사하구청,부산광역시 사하구 윤공단로 116,부산광역시 사하구 다대동 1247-2,다목적,1,200,360도 전방면,30,Sep-20,051-220-4344,35.060819,128.972119,2023-02-16,[35.060819 128.972119]
249,부산광역시 사하구청,부산광역시 사하구 다산로 46,부산광역시 사하구 다대동 1538,다목적,1,200,360도 전방면,30,Sep-20,051-220-4344,35.057077,128.959394,2023-02-16,[35.057077 128.959394]
250,부산광역시 사하구청,부산광역시 사하구 다산로 46,부산광역시 사하구 다대동 1538,다목적,1,200,360도 전방면,30,Sep-20,051-220-4344,35.057077,128.959394,2023-02-16,[35.057077 128.959394]
251,부산광역시 사하구청,부산광역시 사하구 다산로 46,부산광역시 사하구 다대동 1538,다목적,1,200,360도 전방면,30,Sep-20,051-220-4344,35.057077,128.959394,2023-02-16,[35.057077 128.959394]
252,부산광역시 사하구청,부산광역시 사하구 다산로 46,부산광역시 사하구 다대동 1538,다목적,1,200,360도 전방면,30,Sep-20,051-220-4344,35.057077,128.959394,2023-02-16,[35.057077 128.959394]
253,부산광역시 사하구청,부산광역시 사하구 다대로 636,부산광역시 사하구 다대동 1552-2,다목적,1,200,360도 전방면,30,Sep-20,051-220-4344,35.04954,128.969917,2023-02-16,[35.04954 128.969917]
254,부산광역시 사하구청,부산광역시 사하구 다대로 636,부산광역시 사하구 다대동 1552-2,다목적,1,200,360도 전방면,30,Sep-20,051-220-4344,35.04954,128.969917,2023-02-16,[35.04954 128.969917]
255,부산광역시 사하구청,부산광역시 사하구 다대로 636,부산광역시 사하구 다대동 1552-2,다목적,1,200,360도 전방면,30,Sep-20,051-220-4344,35.04954,128.969917,2023-02-16,[35.04954 128.969917]
256,부산광역시 사하구청,부산광역시 사하구 사하로201,부산광역시 사하구 괴정동968-1,다목적,1,200,360도 전방면,30,Nov-22,051-220-4344,35.09963,128.993248,2023-02-16,[35.09963 128.993248]
257,부산광역시 사하구청,부산광역시 사하구 사하로201,부산광역시 사하구 괴정동968-1,다목적,1,200,360도 전방면,30,Nov-22,051-220-4344,35.09963,128.993248,2023-02-16,[35.09963 128.993248]
258,부산광역시 사하구청,부산광역시 사하구 낙동대로223,부산광역시 사하구 괴정동971-6,다목적,1,200,360도 전방면,30,Nov-22,051-220-4344,35.0998,128.99253,2023-02-16,[35.0998 128.99253]
259,부산광역시 사하구청,부산광역시 사하구 장평로420번길63,부산광역시 사하구 괴정동1265-3,다목적,1,200,360도 전방면,30,Nov-22,051-220-4344,35.094233,128.986052,2023-02-16,[35.094233 128.986052]
260,부산광역시 사하구청,부산광역시 사하구 까치고개로15,부산광역시 사하구 괴정동1239,다목적,1,200,360도 전방면,30,Nov-22,051-220-4344,35.103702,129.004116,2023-02-16,[35.103702 129.004116]
261,부산광역시 사하구청,부산광역시 사하구 까치고개로23-1,부산광역시 사하구 괴정동1239,다목적,1,200,360도 전방면,30,Nov-22,051-220-4344,35.104065,129.004784,2023-02-16,[35.104065 129.004784]
262,부산광역시 사하구청,부산광역시 사하구 오작로76번길35,부산광역시 사하구 괴정동378-268,다목적,1,200,360도 전방면,30,Nov-22,051-220-4344,35.09887,129.002223,2023-02-16,[35.09887 129.002223]
263,부산광역시 사하구청,부산광역시 사하구 낙동대로135번길39-6,부산광역시 사하구 괴정동354-19,다목적,1,200,360도 전방면,30,Nov-22,051-220-4344,35.102358,129.003408,2023-02-16,[35.102358 129.003408]
264,부산광역시 사하구청,부산광역시 사하구 낙동대로135번길39-6,부산광역시 사하구 괴정동354-19,다목적,1,200,360도 전방면,30,Nov-22,051-220-4344,35.102358,129.003408,2023-02-16,[35.102358 129.003408]
265,부산광역시 사하구청,부산광역시 사하구 낙동대로135번길39-6,부산광역시 사하구 괴정동354-19,다목적,1,200,360도 전방면,30,Nov-22,051-220-4344,35.102358,129.003408,2023-02-16,[35.102358 129.003408]
266,부산광역시 사하구청,부산광역시 사하구 낙동대로152,부산광역시 사하구 괴정동213-9,다목적,1,200,360도 전방면,30,Nov-22,051-220-4344,35.103874,129.000257,2023-02-16,[35.103874 129.000257]
267,부산광역시 사하구청,부산광역시 사하구 낙동대로152,부산광역시 사하구 괴정동213-9,다목적,1,200,360도 전방면,30,Nov-22,051-220-4344,35.103874,129.000257,2023-02-16,[35.103874 129.000257]
268,부산광역시 사하구청,부산광역시 사하구 까치고개로64번길15,부산광역시 사하구 괴정동11-23,다목적,1,200,360도 전방면,30,Nov-22,051-220-4344,35.103461,129.008952,2023-02-16,[35.103461 129.008952]
269,부산광역시 사하구청,부산광역시 사하구 까치고개로64번길15,부산광역시 사하구 괴정동11-23,다목적,1,200,360도 전방면,30,Nov-22,051-220-4344,35.103461,129.008952,2023-02-16,[35.103461 129.008952]
270,부산광역시 사하구청,부산광역시 사하구 까치고개로64번길15,부산광역시 사하구 괴정동11-23,다목적,1,200,360도 전방면,30,Nov-22,051-220-4344,35.103461,129.008952,2023-02-16,[35.103461 129.008952]
271,부산광역시 사하구청,부산광역시 사하구 낙동대로140번길48,부산광역시 사하구 괴정동340-2,다목적,1,200,360도 전방면,30,Nov-22,051-220-4344,35.10455,129.003325,2023-02-16,[35.10455 129.003325]
272,부산광역시 사하구청,부산광역시 사하구 낙동대로140번길61,부산광역시 사하구 괴정동340-2,다목적,1,200,360도 전방면,30,Nov-22,051-220-4344,35.104741,129.003686,2023-02-16,[35.104741 129.003686]
273,부산광역시 사하구청,부산광역시 사하구 낙동대로140번길61,부산광역시 사하구 괴정동340-2,다목적,1,200,360도 전방면,30,Nov-22,051-220-4344,35.104741,129.003686,2023-02-16,[35.104741 129.003686]
274,부산광역시 사하구청,부산광역시 사하구 사리로18번길9,부산광역시 사하구 괴정동1241-4,다목적,1,200,360도 전방면,30,Nov-22,051-220-4344,35.101674,128.999887,2023-02-16,[35.101674 128.999887]
275,부산광역시 사하구청,부산광역시 사하구 사리로18번길9,부산광역시 사하구 괴정동1241-4,다목적,1,200,360도 전방면,30,Nov-22,051-220-4344,35.101674,128.999887,2023-02-16,[35.101674 128.999887]
276,부산광역시 사하구청,부산광역시 사하구 낙동대로189번길21-8,부산광역시 사하구 괴정동427-5,다목적,1,200,360도 전방면,30,Nov-22,051-220-4344,35.100289,128.996749,2023-02-16,[35.100289 128.996749]
277,부산광역시 사하구청,부산광역시 사하구 낙동대로189번길21-8,부산광역시 사하구 괴정동427-5,다목적,1,200,360도 전방면,30,Nov-22,051-220-4344,35.100289,128.996749,2023-02-16,[35.100289 128.996749]
278,부산광역시 사하구청,부산광역시 사하구 낙동대로189번길21-8,부산광역시 사하구 괴정동427-5,다목적,1,200,360도 전방면,30,Nov-22,051-220-4344,35.100289,128.996749,2023-02-16,[35.100289 128.996749]
279,부산광역시 사하구청,부산광역시 사하구 낙동대로189번길21-8,부산광역시 사하구 괴정동427-5,다목적,1,200,360도 전방면,30,Nov-22,051-220-4344,35.100289,128.996749,2023-02-16,[35.100289 128.996749]
280,부산광역시 사하구청,부산광역시 사하구 오작로46,부산광역시 사하구 괴정동398-21,다목적,1,200,360도 전방면,30,Nov-22,051-220-4344,35.099275,128.999028,2023-02-16,[35.099275 128.999028]
281,부산광역시 사하구청,부산광역시 사하구 오작로46,부산광역시 사하구 괴정동398-21,다목적,1,200,360도 전방면,30,Nov-22,051-220-4344,35.099275,128.999028,2023-02-16,[35.099275 128.999028]
282,부산광역시 사하구청,부산광역시 사하구 오작로34,부산광역시 사하구 괴정동398-43,다목적,1,200,360도 전방면,30,Nov-22,051-220-4344,35.098492,128.997215,2023-02-16,[35.098492 128.997215]
283,부산광역시 사하구청,부산광역시 사하구 오작로34,부산광역시 사하구 괴정동398-43,다목적,1,200,360도 전방면,30,Nov-22,051-220-4344,35.098492,128.997215,2023-02-16,[35.098492 128.997215]
284,부산광역시 사하구청,부산광역시 사하구 오작로34,부산광역시 사하구 괴정동398-43,다목적,1,200,360도 전방면,30,Nov-22,051-220-4344,35.098492,128.997215,2023-02-16,[35.098492 128.997215]
285,부산광역시 사하구청,부산광역시 사하구 하신번영로261번길24,부산광역시 사하구 하단동1165-30,다목적,1,200,360도 전방면,30,Nov-22,051-220-4344,35.104455,128.957105,2023-02-16,[35.104455 128.957105]
286,부산광역시 사하구청,부산광역시 사하구 하신번영로261번길24,부산광역시 사하구 하단동1165-30,다목적,1,200,360도 전방면,30,Nov-22,051-220-4344,35.104455,128.957105,2023-02-16,[35.104455 128.957105]
287,부산광역시 사하구청,부산광역시 사하구 하신번영로261번길24,부산광역시 사하구 하단동1165-30,다목적,1,200,360도 전방면,30,Nov-22,051-220-4344,35.104455,128.957105,2023-02-16,[35.104455 128.957105]
288,부산광역시 사하구청,부산광역시 사하구 동매로120,부산광역시 사하구 하단동277-1,다목적,1,200,360도 전방면,30,Nov-22,051-220-4344,35.101663,128.971346,2023-02-16,[35.101663 128.971346]
289,부산광역시 사하구청,부산광역시 사하구 동매로120,부산광역시 사하구 하단동277-1,다목적,1,200,360도 전방면,30,Nov-22,051-220-4344,35.101663,128.971346,2023-02-16,[35.101663 128.971346]
290,부산광역시 사하구청,부산광역시 사하구 괴정로76,부산광역시 사하구 하단동268-2,다목적,1,200,360도 전방면,30,Nov-22,051-220-4344,35.101921,128.971869,2023-02-16,[35.101921 128.971869]
291,부산광역시 사하구청,부산광역시 사하구 괴정로76,부산광역시 사하구 하단동268-2,다목적,1,200,360도 전방면,30,Nov-22,051-220-4344,35.101921,128.971869,2023-02-16,[35.101921 128.971869]
292,부산광역시 사하구청,부산광역시 사하구 하신중앙로292,부산광역시 사하구 하단동606,다목적,1,200,360도 전방면,30,Nov-22,051-220-4344,35.103409,128.962477,2023-02-16,[35.103409 128.962477]
293,부산광역시 사하구청,부산광역시 사하구 하신중앙로292,부산광역시 사하구 하단동606,다목적,1,200,360도 전방면,30,Nov-22,051-220-4344,35.103409,128.962477,2023-02-16,[35.103409 128.962477]
294,부산광역시 사하구청,부산광역시 사하구 하신중앙로292,부산광역시 사하구 하단동606,다목적,1,200,360도 전방면,30,Nov-22,051-220-4344,35.103409,128.962477,2023-02-16,[35.103409 128.962477]
295,부산광역시 사하구청,부산광역시 사하구 낙동남로1410,부산광역시 사하구 하단동491,다목적,1,200,360도 전방면,30,Nov-22,051-220-4344,35.106069,128.965777,2023-02-16,[35.106069 128.965777]
296,부산광역시 사하구청,부산광역시 사하구 낙동남로1405번길9,부산광역시 사하구 하단동516,다목적,1,200,360도 전방면,30,Nov-22,051-220-4344,35.107046,128.965412,2023-02-16,[35.107046 128.965412]
297,부산광역시 사하구청,부산광역시 사하구 낙동남로1405번길9,부산광역시 사하구 하단동516,다목적,1,200,360도 전방면,30,Nov-22,051-220-4344,35.107046,128.965412,2023-02-16,[35.107046 128.965412]
298,부산광역시 사하구청,부산광역시 사하구 낙동남로1405번길5,부산광역시 사하구 하단동516,다목적,1,200,360도 전방면,30,Nov-22,051-220-4344,35.106937,128.965259,2023-02-16,[35.106937 128.965259]
299,부산광역시 사하구청,부산광역시 사하구 낙동남로1405번길5,부산광역시 사하구 하단동516,다목적,1,200,360도 전방면,30,Nov-22,051-220-4344,35.106937,128.965259,2023-02-16,[35.106937 128.965259]
300,부산광역시 사하구청,부산광역시 사하구 하신번영로300번길35,부산광역시 사하구 하단동523,다목적,1,200,360도 전방면,30,Nov-22,051-220-4344,35.107774,128.960961,2023-02-16,[35.107774 128.960961]
301,부산광역시 사하구청,부산광역시 사하구 하신번영로300번길35,부산광역시 사하구 하단동523,다목적,1,200,360도 전방면,30,Nov-22,051-220-4344,35.107774,128.960961,2023-02-16,[35.107774 128.960961]
302,부산광역시 사하구청,부산광역시 사하구 하신번영로300번길35,부산광역시 사하구 하단동523,다목적,1,200,360도 전방면,30,Nov-22,051-220-4344,35.107774,128.960961,2023-02-16,[35.107774 128.960961]
303,부산광역시 사하구청,부산광역시 사하구 하신번영로350번길10,부산광역시 사하구 하단동870-18,다목적,1,200,360도 전방면,30,Nov-22,051-220-4344,35.111982,128.960604,2023-02-16,[35.111982 128.960604]
304,부산광역시 사하구청,부산광역시 사하구 하신번영로350번길10,부산광역시 사하구 하단동870-18,다목적,1,200,360도 전방면,30,Nov-22,051-220-4344,35.111982,128.960604,2023-02-16,[35.111982 128.960604]
305,부산광역시 사하구청,부산광역시 사하구 하신번영로350번길10,부산광역시 사하구 하단동870-18,다목적,1,200,360도 전방면,30,Nov-22,051-220-4344,35.111982,128.960604,2023-02-16,[35.111982 128.960604]
306,부산광역시 사하구청,부산광역시 사하구 하신번영로312번길66,부산광역시 사하구 하단동523,다목적,1,200,360도 전방면,30,Nov-22,051-220-4344,35.108265,128.962249,2023-02-16,[35.108265 128.962249]
307,부산광역시 사하구청,부산광역시 사하구 하신번영로312번길66,부산광역시 사하구 하단동523,다목적,1,200,360도 전방면,30,Nov-22,051-220-4344,35.108265,128.962249,2023-02-16,[35.108265 128.962249]
308,부산광역시 사하구청,부산광역시 사하구 낙동대로514,부산광역시 사하구 하단동491,다목적,1,200,360도 전방면,30,Nov-22,051-220-4344,35.11029,128.965941,2023-02-16,[35.11029 128.965941]
309,부산광역시 사하구청,부산광역시 사하구 하단동786-1,부산광역시 사하구 하단동786-1,다목적,1,200,360도 전방면,30,Nov-22,051-220-4344,35.108625,128.964919,2023-02-16,[35.108625 128.964919]
310,부산광역시 사하구청,부산광역시 사하구 하단동786-1,부산광역시 사하구 하단동786-1,다목적,1,200,360도 전방면,30,Nov-22,051-220-4344,35.108625,128.964919,2023-02-16,[35.108625 128.964919]
311,부산광역시 사하구청,부산광역시 사하구 괴정동 1218-13,부산광역시 사하구 괴정동 1218-13,다목적,1,200,360도 전방면,30,Dec-22,051-220-4344,35.096452,128.978626,2023-02-16,[35.096452 128.978626]
312,부산광역시 사하구청,부산광역시 사하구 사리로63,부산광역시 사하구 괴정동1238-564,다목적,1,200,360도 전방면,30,Nov-22,051-220-4344,35.105508,128.998498,2023-02-16,[35.105508 128.998498]
313,부산광역시 사하구청,부산광역시 사하구 사리로63,부산광역시 사하구 괴정동1238-564,다목적,1,200,360도 전방면,30,Nov-22,051-220-4344,35.105508,128.998498,2023-02-16,[35.105508 128.998498]
314,부산광역시 사하구청,부산광역시 사하구 사리로63,부산광역시 사하구 괴정동1238-564,다목적,1,200,360도 전방면,30,Nov-22,051-220-4344,35.105508,128.998498,2023-02-16,[35.105508 128.998498]
315,부산광역시 사하구청,부산광역시 사하구 사리로37,부산광역시 사하구 괴정동245-1,다목적,1,200,360도 전방면,30,Nov-22,051-220-4344,35.103759,128.998701,2023-02-16,[35.103759 128.998701]
316,부산광역시 사하구청,부산광역시 사하구 사리로37,부산광역시 사하구 괴정동245-1,다목적,1,200,360도 전방면,30,Nov-22,051-220-4344,35.103759,128.998701,2023-02-16,[35.103759 128.998701]
317,부산광역시 사하구청,부산광역시 사하구 낙동대로302번길2,부산광역시 사하구 괴정동661-1,다목적,1,200,360도 전방면,30,Nov-22,051-220-4344,35.09974,128.984161,2023-02-16,[35.09974 128.984161]
318,부산광역시 사하구청,부산광역시 사하구 낙동대로302번길2,부산광역시 사하구 괴정동661-1,다목적,1,200,360도 전방면,30,Nov-22,051-220-4344,35.09974,128.984161,2023-02-16,[35.09974 128.984161]
319,부산광역시 사하구청,부산광역시 사하구 승학로165번길5,부산광역시 사하구 괴정동1083,다목적,1,200,360도 전방면,30,Nov-22,051-220-4344,35.101729,128.984522,2023-02-16,[35.101729 128.984522]
320,부산광역시 사하구청,부산광역시 사하구 승학로165번길5,부산광역시 사하구 괴정동1083,다목적,1,200,360도 전방면,30,Nov-22,051-220-4344,35.101729,128.984522,2023-02-16,[35.101729 128.984522]
321,부산광역시 사하구청,부산광역시 사하구 낙동대로323번길16,부산광역시 사하구 괴정동661-2,다목적,1,200,360도 전방면,30,Nov-22,051-220-4344,35.099338,128.981431,2023-02-16,[35.099338 128.981431]
322,부산광역시 사하구청,부산광역시 사하구 낙동대로356번길33,부산광역시 사하구 당리동356,다목적,1,200,360도 전방면,30,Nov-22,051-220-4344,35.102491,128.980497,2023-02-16,[35.102491 128.980497]
323,부산광역시 사하구청,부산광역시 사하구 낙동대로356번길33,부산광역시 사하구 당리동356,다목적,1,200,360도 전방면,30,Nov-22,051-220-4344,35.102491,128.980497,2023-02-16,[35.102491 128.980497]
324,부산광역시 사하구청,부산광역시 사하구 낙동대로356번길33,부산광역시 사하구 당리동356,다목적,1,200,360도 전방면,30,Nov-22,051-220-4344,35.102491,128.980497,2023-02-16,[35.102491 128.980497]
325,부산광역시 사하구청,부산광역시 사하구 다대로22번길27,부산광역시 사하구 당리동509-5,다목적,1,200,360도 전방면,30,Nov-22,051-220-4344,35.099801,128.975846,2023-02-16,[35.099801 128.975846]
326,부산광역시 사하구청,부산광역시 사하구 다대로22번길27,부산광역시 사하구 당리동509-5,다목적,1,200,360도 전방면,30,Nov-22,051-220-4344,35.099801,128.975846,2023-02-16,[35.099801 128.975846]
327,부산광역시 사하구청,부산광역시 사하구 다대로22번길27,부산광역시 사하구 당리동509-5,다목적,1,200,360도 전방면,30,Nov-22,051-220-4344,35.099114,128.976115,2023-02-16,[35.099114 128.976115]
328,부산광역시 사하구청,부산광역시 사하구 다대로22번길27,부산광역시 사하구 당리동509-5,다목적,1,200,360도 전방면,30,Nov-22,051-220-4344,35.099114,128.976115,2023-02-16,[35.099114 128.976115]
329,부산광역시 사하구청,부산광역시 사하구 제석로242,부산광역시 사하구 당리동산4-8,다목적,1,200,360도 전방면,30,Nov-22,051-220-4344,35.115362,128.98919,2023-02-16,[35.115362 128.98919]
330,부산광역시 사하구청,부산광역시 사하구 제석로242,부산광역시 사하구 당리동산4-8,다목적,1,200,360도 전방면,30,Nov-22,051-220-4344,35.115362,128.98919,2023-02-16,[35.115362 128.98919]
331,부산광역시 사하구청,부산광역시 사하구 감내1로197번길 24,부산광역시 사하구 감천2동 6-1446,다목적,1,200,360도 전방면,30,Jul-12,051-220-4344,35.096541,129.008579,2023-02-16,[35.096541 129.008579]
332,부산광역시 사하구청,부산광역시 사하구 감내1로175번길 43,부산광역시 사하구 감천2동 6-493,다목적,1,200,360도 전방면,30,Jul-12,051-220-4344,35.096397,129.009063,2023-02-16,[35.096397 129.009063]
333,부산광역시 사하구청,부산광역시 사하구 감내2로 92,부산광역시 사하구 감천2동 6-1773,다목적,1,200,360도 전방면,30,Jul-12,051-220-4344,35.096642,129.008096,2023-02-16,[35.096642 129.008096]
334,부산광역시 사하구청,부산광역시 사하구 감내1로175번길 89,부산광역시 사하구 감천2동 6-1169,다목적,1,200,360도 전방면,30,Jul-12,051-220-4344,35.097272,129.008662,2023-02-16,[35.097272 129.008662]
335,부산광역시 사하구청,부산광역시 사하구 감내1로175번길 74,부산광역시 사하구 감천2동 6-1294,다목적,1,200,360도 전방면,30,Jul-12,051-220-4344,35.097038,129.008919,2023-02-16,[35.097038 129.008919]
336,부산광역시 사하구청,부산광역시 사하구 감천동 6-1723,부산광역시 사하구 감천동 6-1723,다목적,1,200,360도 전방면,30,Jul-12,051-220-4344,35.095705,129.007533,2023-02-16,[35.095705 129.007533]
337,부산광역시 사하구청,부산광역시 사하구 장평로146번길 15,부산광역시 사하구 장림동 338-10,다목적,1,200,360도 전방면,30,Dec-17,051-220-4344,35.0785315,128.9744485,2023-02-16,[35.0785315 128.9744485]
338,부산광역시 사하구청,부산광역시 사하구 당리동산4-8,부산광역시 사하구 당리동산4-8,다목적,1,200,360도 전방면,30,Nov-22,051-220-4344,35.112693,128.985912,2023-02-16,[35.112693 128.985912]
339,부산광역시 사하구청,부산광역시 사하구 당리동산4-8,부산광역시 사하구 당리동산4-8,다목적,1,200,360도 전방면,30,Nov-22,051-220-4344,35.112693,128.985912,2023-02-16,[35.112693 128.985912]
340,부산광역시 사하구청,부산광역시 사하구 당리동산4-8,부산광역시 사하구 당리동산4-8,다목적,1,200,360도 전방면,30,Nov-22,051-220-4344,35.112693,128.985912,2023-02-16,[35.112693 128.985912]
341,부산광역시 사하구청,부산광역시 사하구 승학로108번길11,부산광역시 사하구 당리동322,다목적,1,200,360도 전방면,30,Nov-22,051-220-4344,35.102548,128.979345,2023-02-16,[35.102548 128.979345]
342,부산광역시 사하구청,부산광역시 사하구 승학로108번길11,부산광역시 사하구 당리동322,다목적,1,200,360도 전방면,30,Nov-22,051-220-4344,35.102548,128.979345,2023-02-16,[35.102548 128.979345]
343,부산광역시 사하구청,부산광역시 사하구 승학로108번길11,부산광역시 사하구 당리동322,다목적,1,200,360도 전방면,30,Nov-22,051-220-4344,35.102548,128.979345,2023-02-16,[35.102548 128.979345]
344,부산광역시 사하구청,부산광역시 사하구 하신번영로201번길10,부산광역시 사하구 하단동1188,다목적,1,200,360도 전방면,30,Nov-22,051-220-4344,35.099088,128.95765,2023-02-16,[35.099088 128.95765]
345,부산광역시 사하구청,부산광역시 사하구 하신번영로201번길10,부산광역시 사하구 하단동1188,다목적,1,200,360도 전방면,30,Nov-22,051-220-4344,35.099088,128.95765,2023-02-16,[35.099088 128.95765]
346,부산광역시 사하구청,부산광역시 사하구 하신번영로201번길10,부산광역시 사하구 하단동1188,다목적,1,200,360도 전방면,30,Nov-22,051-220-4344,35.099088,128.95765,2023-02-16,[35.099088 128.95765]
347,부산광역시 사하구청,부산광역시 사하구 감천동 140-2,부산광역시 사하구 감천동 140-2,다목적,1,200,360도 전방면,30,Nov-20,051-220-4344,35.08363,129.006759,2023-02-16,[35.08363 129.006759]
348,부산광역시 사하구청,부산광역시 사하구 사하로186번라길 24,부산광역시 사하구 괴정동436-36,다목적,1,200,360도 전방면,30,Dec-20,051-220-4344,35.099561,128.995192,2023-02-16,[35.099561 128.995192]
349,부산광역시 사하구청,부산광역시 사하구 사하로186번라길 24,부산광역시 사하구 괴정동436-36,다목적,1,200,360도 전방면,30,Dec-20,051-220-4344,35.099561,128.995192,2023-02-16,[35.099561 128.995192]
350,부산광역시 사하구청,부산광역시 사하구 감천로139번길 14,부산광역시 사하구 감천동 30-73,다목적,3,200,360도 전방면,30,Apr-21,051-220-4344,35.0871651,129.006625,2023-02-16,[35.0871651 129.006625]
351,부산광역시 사하구청,부산광역시 사하구 감천로139번나길2,부산광역시 사하구 감천동35,다목적,3,200,360도 전방면,30,Apr-21,051-220-4344,35.087063,129.006749,2023-02-16,[35.087063 129.006749]
352,부산광역시 사하구청,부산광역시 사하구 괴정로 246번길 11,부산광역시 사하구 괴정동 534-23,다목적,1,200,360도 전방면,30,Jun-21,051-220-4344,35.096508,128.988891,2023-02-16,[35.096508 128.988891]
353,부산광역시 사하구청,부산광역시 사하구 괴정로 232번길 40,부산광역시 사하구 괴정동 540-12,다목적,1,200,360도 전방면,30,Jun-21,051-220-4344,35.09505,128.986206,2023-02-16,[35.09505 128.986206]
354,부산광역시 사하구청,부산광역시 사하구 괴정로 245번길 11-8,부산광역시 사하구 괴정동 547-11,다목적,1,200,360도 전방면,30,Jun-21,051-220-4344,35.097415,128.98767,2023-02-16,[35.097415 128.98767]
355,부산광역시 사하구청,부산광역시 사하구 승학로 233번길 49,부산광역시 사하구 괴정동 1065-1,다목적,1,200,360도 전방면,30,Jun-21,051-220-4344,35.10406,128.989767,2023-02-16,[35.10406 128.989767]
356,부산광역시 사하구청,부산광역시 사하구 까치고개로 42,부산광역시 사하구 괴정동 12-21,다목적,1,200,360도 전방면,30,Jun-21,051-220-4344,35.104873,129.006423,2023-02-16,[35.104873 129.006423]
357,부산광역시 사하구청,부산광역시 사하구 대티로17번길47,부산광역시 사하구 괴정동207-52,다목적,1,200,360도 전방면,30,Jun-21,051-220-4344,35.105609,129.002583,2023-02-16,[35.105609 129.002583]
358,부산광역시 사하구청,부산광역시 사하구 낙동대로 179번길 24-2,부산광역시 사하구 괴정동 409-71,다목적,1,200,360도 전방면,30,Jun-21,051-220-4344,35.100475,128.997146,2023-02-16,[35.100475 128.997146]
359,부산광역시 사하구청,부산광역시 사하구 낙동대로 199번길 16,부산광역시 사하구 괴정동 436-14,다목적,1,200,360도 전방면,30,Jun-21,051-220-4344,35.099903,128.995422,2023-02-16,[35.099903 128.995422]
360,부산광역시 사하구청,부산광역시 사하구 낙동대로 199번길 16,부산광역시 사하구 괴정동 436-14,다목적,1,200,360도 전방면,30,Jun-21,051-220-4344,35.099903,128.995422,2023-02-16,[35.099903 128.995422]
361,부산광역시 사하구청,부산광역시 사하구 낙동대로 199번길 16,부산광역시 사하구 괴정동 436-14,다목적,1,200,360도 전방면,30,Jun-21,051-220-4344,35.099903,128.995422,2023-02-16,[35.099903 128.995422]
362,부산광역시 사하구청,부산광역시 사하구 낙동대로 199번길 16,부산광역시 사하구 괴정동 436-14,다목적,1,200,360도 전방면,30,Jun-21,051-220-4344,35.099903,128.995422,2023-02-16,[35.099903 128.995422]
363,부산광역시 사하구청,부산광역시 사하구 오작로 8번길 50,부산광역시 사하구 괴정동 457,다목적,1,200,360도 전방면,30,Jun-21,051-220-4344,35.095577,128.995986,2023-02-16,[35.095577 128.995986]
364,부산광역시 사하구청,부산광역시 사하구 사하로 156번길 9-15,부산광역시 사하구 괴정동 477-12,다목적,1,200,360도 전방면,30,Jun-21,051-220-4344,35.09599,128.994334,2023-02-16,[35.09599 128.994334]
365,부산광역시 사하구청,부산광역시 사하구 낙동대로 203,부산광역시 사하구 괴정동 1275,다목적,1,200,360도 전방면,30,Jun-21,051-220-4344,35.100311,128.994437,2023-02-16,[35.100311 128.994437]
366,부산광역시 사하구청,부산광역시 사하구 승학로 2번길 1,부산광역시 사하구 당리동 302-7,다목적,1,200,360도 전방면,30,Jun-21,051-220-4344,35.106403,128.969558,2023-02-16,[35.106403 128.969558]
367,부산광역시 사하구청,부산광역시 사하구 동매로 19번길 21,부산광역시 사하구 하단동 870-33,다목적,1,200,360도 전방면,30,Jun-21,051-220-4344,35.104518,128.960525,2023-02-16,[35.104518 128.960525]
368,부산광역시 사하구청,부산광역시 사하구 낙동남로1352-6,부산광역시 사하구 하단동 893-3,다목적,1,200,360도 전방면,30,Jun-21,051-220-4344,35.1056037,128.959582,2023-02-16,[35.1056037 128.959582]
369,부산광역시 사하구청,부산광역시 사하구 하신번영로 233,부산광역시 사하구 하단동 1175,다목적,1,200,360도 전방면,30,Jun-21,051-220-4344,35.101863,128.958084,2023-02-16,[35.101863 128.958084]
370,부산광역시 사하구청,부산광역시 사하구 하신번영로 380번길 30,부산광역시 사하구 하단동 480-3,다목적,1,200,360도 전방면,30,Jun-21,051-220-4344,35.113407,128.961059,2023-02-16,[35.113407 128.961059]
371,부산광역시 사하구청,부산광역시 사하구 장평로145번길 9,부산광역시 사하구 장림동 348-35,다목적,1,200,360도 전방면,30,Dec-17,051-220-4344,35.0792356,128.9724711,2023-02-16,[35.0792356 128.9724711]
372,부산광역시 사하구청,부산광역시 사하구 장평로 125,부산광역시 사하구 장림동 604-203,다목적,1,200,360도 전방면,30,Dec-17,051-220-4344,35.077233,128.9728229,2023-02-16,[35.077233 128.9728229]
373,부산광역시 사하구청,부산광역시 사하구 장평로133번길 31,부산광역시 사하구 장림동 605-45,다목적,1,200,360도 전방면,30,Dec-17,051-220-4344,35.0777465,128.9713912,2023-02-16,[35.0777465 128.9713912]
374,부산광역시 사하구청,부산광역시 사하구 장림시장 8길 217,부산광역시 사하구 장림동 615-251,다목적,1,200,360도 전방면,30,Dec-17,051-220-4344,35.0791311,128.9706583,2023-02-16,[35.0791311 128.9706583]
375,부산광역시 사하구청,부산광역시 사하구 두송로26번길 46,부산광역시 사하구 장림동 44-11,다목적,1,200,360도 전방면,30,Dec-17,051-220-4344,35.0771073,128.9801439,2023-02-16,[35.0771073 128.9801439]
376,부산광역시 사하구청,부산광역시 사하구 두송로26번길 62,부산광역시 사하구 장림동 24,다목적,1,200,360도 전방면,30,Dec-17,051-220-4344,35.0765595,128.9803668,2023-02-16,[35.0765595 128.9803668]
377,부산광역시 사하구청,부산광역시 사하구 다대로277번길 25,부산광역시 사하구 장림동 44,다목적,1,200,360도 전방면,30,Dec-17,051-220-4344,35.0772047,128.9787956,2023-02-16,[35.0772047 128.9787956]
378,부산광역시 사하구청,부산광역시 사하구 다대로271번길 26,부산광역시 사하구 장림동 269,다목적,1,200,360도 전방면,30,Dec-17,051-220-4344,35.0777658,128.9786232,2023-02-16,[35.0777658 128.9786232]
379,부산광역시 사하구청,부산광역시 사하구 장림동 372-3,부산광역시 사하구 장림동 372-3,다목적,1,200,360도 전방면,30,Dec-17,051-220-4344,35.0758308,128.9770849,2023-02-16,[35.0758308 128.9770849]
380,부산광역시 사하구청,부산광역시 사하구 두송로 68,부산광역시 사하구 장림동 60-39,다목적,3,200,360도 전방면,30,Dec-17,051-220-4344,35.0773311,128.9818392,2023-02-16,[35.0773311 128.9818392]
381,부산광역시 사하구청,부산광역시 사하구 다대동로8번길 91,부산광역시 사하구 다대동 355-47,다목적,1,200,360도 전방면,30,Dec-17,051-220-4344,35.0571319,128.9740098,2023-02-16,[35.0571319 128.9740098]
382,부산광역시 사하구청,부산광역시 사하구 다대로530번길 15,부산광역시 사하구 다대동 934-20,다목적,1,200,360도 전방면,30,Dec-17,051-220-4344,35.0594136,128.9714187,2023-02-16,[35.0594136 128.9714187]
383,부산광역시 사하구청,부산광역시 사하구 윤공단로75번길 28,부산광역시 사하구 다대동 1030,다목적,1,200,360도 전방면,30,Dec-17,051-220-4344,35.0585481,128.9668885,2023-02-16,[35.0585481 128.9668885]
384,부산광역시 사하구청,부산광역시 사하구 윤공단로 132,부산광역시 사하구 다대동 927-5,다목적,1,200,360도 전방면,30,Dec-17,051-220-4344,35.0613605,128.97291,2023-02-16,[35.0613605 128.97291]
385,부산광역시 사하구청,부산광역시 사하구 다대동로 20,부산광역시 사하구 다대동 680-2,다목적,1,200,360도 전방면,30,Dec-17,051-220-4344,35.05557,128.9718,2023-02-16,[35.05557 128.9718]
386,부산광역시 사하구청,부산광역시 사하구 다대동로 48,부산광역시 사하구 다대동 850-5,다목적,1,200,360도 전방면,30,Dec-17,051-220-4344,35.05733,128.97306,2023-02-16,[35.05733 128.97306]
387,부산광역시 사하구청,부산광역시 사하구 윤공단로 23,부산광역시 사하구 다대동 958,다목적,1,200,360도 전방면,30,Dec-17,051-220-4344,35.05468,128.96776,2023-02-16,[35.05468 128.96776]
388,부산광역시 사하구청,부산광역시 사하구 다대동 957-3,부산광역시 사하구 다대동 957-3,다목적,1,200,360도 전방면,30,Dec-17,051-220-4344,35.0543,128.96852,2023-02-16,[35.0543 128.96852]
389,부산광역시 사하구청,부산광역시 사하구 다대로 584,부산광역시 사하구 다대동 647-6,다목적,1,200,360도 전방면,30,Dec-17,051-220-4344,35.05433,128.97055,2023-02-16,[35.05433 128.97055]
390,부산광역시 사하구청,부산광역시 사하구 다대로564,부산광역시 사하구 다대동766-11,다목적,1,200,360도 전방면,30,Dec-17,051-220-4344,35.05602,128.97039,2023-02-16,[35.05602 128.97039]
391,부산광역시 사하구청,부산광역시 사하구 윤공단로 103,부산광역시 사하구 다대동 930-1,다목적,1,200,360도 전방면,30,Dec-17,051-220-4344,35.06014,128.97038,2023-02-16,[35.06014 128.97038]
392,부산광역시 사하구청,부산광역시 사하구 다대로554번길 23,부산광역시 사하구 다대동 944-1,다목적,1,200,360도 전방면,30,Dec-17,051-220-4344,35.05744,128.96943,2023-02-16,[35.05744 128.96943]
393,부산광역시 사하구청,부산광역시 사하구 몰운대2길 1,부산광역시 사하구 다대동 468-21,다목적,1,200,360도 전방면,30,Dec-17,051-220-4344,35.04616,128.96903,2023-02-16,[35.04616 128.96903]
394,부산광역시 사하구청,부산광역시 사하구 다대동 411-32,부산광역시 사하구 다대동 411-32,다목적,1,200,360도 전방면,30,Dec-17,051-220-4344,35.04814,128.97003,2023-02-16,[35.04814 128.97003]
395,부산광역시 사하구청,부산광역시 사하구 다송로84번길 132,부산광역시 사하구 다대동 316-12,다목적,1,200,360도 전방면,30,Dec-17,051-220-4344,35.05777,128.97905,2023-02-16,[35.05777 128.97905]
396,부산광역시 사하구청,부산광역시 사하구 다대로381번길 60,부산광역시 사하구 다대동 93-7,다목적,1,200,360도 전방면,30,Dec-17,051-220-4344,35.06671,128.98359,2023-02-16,[35.06671 128.98359]
397,부산광역시 사하구청,부산광역시 사하구 을숙도대로755번길 28,부산광역시 사하구 구평동 20-3,다목적,1,200,360도 전방면,30,Dec-17,051-220-4344,35.08702,128.98745,2023-02-16,[35.08702 128.98745]
398,부산광역시 사하구청,부산광역시 사하구 감천로42번길 21-1,부산광역시 사하구 감천동 789-3,다목적,1,200,360도 전방면,30,Dec-17,051-220-4344,35.08877,128.99601,2023-02-16,[35.08877 128.99601]
399,부산광역시 사하구청,부산광역시 사하구 낙동대로519번길 80,부산광역시 사하구 하단동 501,다목적,1,200,360도 전방면,30,Dec-17,051-220-4344,35.11071,128.96093,2023-02-16,[35.11071 128.96093]
400,부산광역시 사하구청,부산광역시 사하구 낙동대로519번길 80,부산광역시 사하구 하단동 501,다목적,1,200,360도 전방면,30,Sep-22,051-220-4344,35.11071,128.96093,2023-02-16,[35.11071 128.96093]
401,부산광역시 사하구청,부산광역시 사하구 낙동대로519번길 80,부산광역시 사하구 하단동 501,다목적,1,200,360도 전방면,30,Sep-22,051-220-4344,35.11071,128.96093,2023-02-16,[35.11071 128.96093]
402,부산광역시 사하구청,부산광역시 사하구 낙동대로519번길 80,부산광역시 사하구 하단동 501,다목적,1,200,360도 전방면,30,Sep-22,051-220-4344,35.11071,128.96093,2023-02-16,[35.11071 128.96093]
403,부산광역시 사하구청,부산광역시 사하구 괴정동207-62,부산광역시 사하구 괴정동207-62,다목적,1,200,360도 전방면,30,Dec-17,051-220-4344,35.10529,129.00154,2023-02-16,[35.10529 129.00154]
404,부산광역시 사하구청,부산광역시 사하구 낙동대로 535번길 54,부산광역시 사하구 하단동 487-26,다목적,1,200,360도 전방면,30,Jun-21,051-220-4344,35.111423,128.961578,2023-02-16,[35.111423 128.961578]
405,부산광역시 사하구청,부산광역시 사하구 낙동남로 1423번길 113,부산광역시 사하구 하단동 499-4,다목적,1,200,360도 전방면,30,Jun-21,051-220-4344,35.111175,128.96434,2023-02-16,[35.111175 128.96434]
406,부산광역시 사하구청,부산광역시 사하구 승학로 3번길 96-3,부산광역시 사하구 하단동 507-7,다목적,1,200,360도 전방면,30,Jun-21,051-220-4344,35.110351,128.967163,2023-02-16,[35.110351 128.967163]
407,부산광역시 사하구청,부산광역시 사하구 낙동남로 1361번길 9,부산광역시 사하구 하단동 870-84,다목적,1,200,360도 전방면,30,Jun-21,051-220-4344,35.107013,128.960479,2023-02-16,[35.107013 128.960479]
408,부산광역시 사하구청,부산광역시 사하구 대티로41번길50,부산광역시 사하구 괴정동193-175,다목적,1,200,360도 전방면,30,Aug-21,051-220-4344,35.10788,129.003495,2023-02-16,[35.10788 129.003495]
409,부산광역시 사하구청,부산광역시 사하구 대티로41번길50,부산광역시 사하구 괴정동193-175,다목적,1,200,360도 전방면,30,Aug-21,051-220-4344,35.10788,129.003495,2023-02-16,[35.10788 129.003495]
410,부산광역시 사하구청,부산광역시 사하구 대티로63번나길 12,부산광역시 사하구 괴정동 193-187,다목적,1,200,360도 전방면,30,Aug-21,051-220-4344,35.107739,129.005113,2023-02-16,[35.107739 129.005113]
411,부산광역시 사하구청,부산광역시 사하구 대티로63번나길 12,부산광역시 사하구 괴정동 193-187,다목적,1,200,360도 전방면,30,Aug-21,051-220-4344,35.107739,129.005113,2023-02-16,[35.107739 129.005113]
412,부산광역시 사하구청,부산광역시 사하구 대티로63번길 28-3,부산광역시 사하구 괴정동 100-36,다목적,1,200,360도 전방면,30,Aug-21,051-220-4344,35.1070459,129.005548,2023-02-16,[35.1070459 129.005548]
413,부산광역시 사하구청,부산광역시 사하구 대티로63번길 28-3,부산광역시 사하구 괴정동 100-36,다목적,1,200,360도 전방면,30,Aug-21,051-220-4344,35.1070459,129.005548,2023-02-16,[35.1070459 129.005548]
414,부산광역시 사하구청,부산광역시 사하구 대티로63번가길 11-1,부산광역시 사하구 괴정동 100-88,다목적,1,200,360도 전방면,30,Aug-21,051-220-4344,35.107486,129.006962,2023-02-16,[35.107486 129.006962]
415,부산광역시 사하구청,부산광역시 사하구 대티로63번가길 11-1,부산광역시 사하구 괴정동 100-88,다목적,1,200,360도 전방면,30,Aug-21,051-220-4344,35.107486,129.006962,2023-02-16,[35.107486 129.006962]
416,부산광역시 사하구청,부산광역시 사하구 대티로81번길 22,부산광역시 사하구 괴정동 100-103,다목적,1,200,360도 전방면,30,Aug-21,051-220-4344,35.107277,129.007666,2023-02-16,[35.107277 129.007666]
417,부산광역시 사하구청,부산광역시 사하구 대티로81번길 22,부산광역시 사하구 괴정동 100-103,다목적,1,200,360도 전방면,30,Aug-21,051-220-4344,35.107277,129.0076668,2023-02-16,[35.107277 129.0076668]
418,부산광역시 사하구청,부산광역시 사하구 대티로107번길 59,부산광역시 사하구 괴정동 100-47,다목적,1,200,360도 전방면,30,Aug-21,051-220-4344,35.10779,129.00789,2023-02-16,[35.10779 129.00789]
419,부산광역시 사하구청,부산광역시 사하구 대티로107번길 59,부산광역시 사하구 괴정동 100-47,다목적,1,200,360도 전방면,30,Aug-21,051-220-4344,35.107791,129.00789,2023-02-16,[35.107791 129.00789]
420,부산광역시 사하구청,부산광역시 사하구 신평동 354-10,부산광역시 사하구 신평동 354-10,다목적,1,200,360도 전방면,30,Feb-22,051-220-4344,35.092255,128.968906,2023-02-16,[35.092255 128.968906]
421,부산광역시 사하구청,부산광역시 사하구 신평동 354-10,부산광역시 사하구 신평동 354-10,다목적,1,200,360도 전방면,30,Feb-22,051-220-4344,35.092255,128.968906,2023-02-16,[35.092255 128.968906]
422,부산광역시 사하구청,부산광역시 사하구 신평동 354-10,부산광역시 사하구 신평동 354-10,다목적,1,200,360도 전방면,30,Feb-22,051-220-4344,35.092255,128.968906,2023-02-16,[35.092255 128.968906]
423,부산광역시 사하구청,부산광역시 사하구 신평동 354-10,부산광역시 사하구 신평동 354-10,다목적,1,200,360도 전방면,30,Feb-22,051-220-4344,35.092343,128.968683,2023-02-16,[35.092343 128.968683]
424,부산광역시 사하구청,부산광역시 사하구 신평동 354-10,부산광역시 사하구 신평동 354-10,다목적,1,200,360도 전방면,30,Feb-22,051-220-4344,35.092343,128.968683,2023-02-16,[35.092343 128.968683]
425,부산광역시 사하구청,부산광역시 사하구 신평동 354-10,부산광역시 사하구 신평동 354-10,다목적,1,200,360도 전방면,30,Feb-22,051-220-4344,35.092343,128.968683,2023-02-16,[35.092343 128.968683]
426,부산광역시 사하구청,부산광역시 사하구 신평동 354-10,부산광역시 사하구 신평동 354-10,다목적,1,200,360도 전방면,30,Feb-22,051-220-4344,35.092602,128.96871,2023-02-16,[35.092602 128.96871]
427,부산광역시 사하구청,부산광역시 사하구 신평동 354-10,부산광역시 사하구 신평동 354-10,다목적,1,200,360도 전방면,30,Feb-22,051-220-4344,35.092602,128.96871,2023-02-16,[35.092602 128.96871]
428,부산광역시 사하구청,부산광역시 사하구 신평동 354-10,부산광역시 사하구 신평동 354-10,다목적,1,200,360도 전방면,30,Feb-22,051-220-4344,35.092602,128.96871,2023-02-16,[35.092602 128.96871]
429,부산광역시 사하구청,부산광역시 사하구 신평동 354-10,부산광역시 사하구 신평동 354-10,다목적,1,200,360도 전방면,30,Feb-22,051-220-4344,35.092923,128.96878,2023-02-16,[35.092923 128.96878]
430,부산광역시 사하구청,부산광역시 사하구 신평동 354-10,부산광역시 사하구 신평동 354-10,다목적,1,200,360도 전방면,30,Feb-22,051-220-4344,35.092923,128.96878,2023-02-16,[35.092923 128.96878]
431,부산광역시 사하구청,부산광역시 사하구 신평동 354-10,부산광역시 사하구 신평동 354-10,다목적,1,200,360도 전방면,30,Feb-22,051-220-4344,35.092923,128.96878,2023-02-16,[35.092923 128.96878]
432,부산광역시 사하구청,부산광역시 사하구 괴정동 218-31,부산광역시 사하구 괴정동 218-31,다목적,1,200,360도 전방면,30,Apr-22,051-220-4344,35.108206,128.99877,2023-02-16,[35.108206 128.99877]
433,부산광역시 사하구청,부산광역시 사하구 괴정동 산9,부산광역시 사하구 괴정동 산9,다목적,1,200,360도 전방면,30,Apr-22,051-220-4344,35.106358,129.000982,2023-02-16,[35.106358 129.000982]
434,부산광역시 사하구청,부산광역시 사하구 괴정동 산9,부산광역시 사하구 괴정동 산9,다목적,1,200,360도 전방면,30,Apr-22,051-220-4344,35.106358,129.000982,2023-02-16,[35.106358 129.000982]
435,부산광역시 사하구청,부산광역시 사하구 괴정동 산9,부산광역시 사하구 괴정동 산9,다목적,1,200,360도 전방면,30,Apr-22,051-220-4344,35.106358,129.000982,2023-02-16,[35.106358 129.000982]
436,부산광역시 사하구청,부산광역시 사하구 하단동 786-1,부산광역시 사하구 하단동 786-1,다목적,1,200,360도 전방면,30,Feb-22,051-220-4344,35.109234,128.963012,2023-02-16,[35.109234 128.963012]
437,부산광역시 사하구청,부산광역시 사하구 장림시장4길 133,부산광역시 사하구 장림동 342,다목적,1,200,360도 전방면,30,Nov-17,051-220-4344,35.08027,128.96939,2023-02-16,[35.08027 128.96939]
438,부산광역시 사하구청,부산광역시 사하구 옥천로75번길 14,부산광역시 사하구 감천동 12-121,다목적,1,200,360도 전방면,30,Dec-13,051-220-4344,35.09399,129.00908,2023-02-16,[35.09399 129.00908]
439,부산광역시 사하구청,부산광역시 사하구 다대로530번길 21,부산광역시 사하구 다대동 934-1,다목적,1,200,360도 전방면,30,Dec-13,051-220-4344,35.05957,128.97098,2023-02-16,[35.05957 128.97098]
440,부산광역시 사하구청,부산광역시 사하구 윤공단로51번길 22,부산광역시 사하구 다대동 949-19,다목적,1,200,360도 전방면,30,Dec-13,051-220-4344,35.05603,128.96727,2023-02-16,[35.05603 128.96727]
441,부산광역시 사하구청,부산광역시 사하구 윤공단로 58,부산광역시 사하구 다대동 946-10,다목적,1,200,360도 전방면,30,Dec-13,051-220-4344,35.05742,128.96748,2023-02-16,[35.05742 128.96748]
442,부산광역시 사하구청,부산광역시 사하구 하신번영로 243,부산광역시 사하구 하단동 1172,다목적,1,200,360도 전방면,30,Dec-13,051-220-4344,35.10278,128.956716,2023-02-16,[35.10278 128.956716]
443,부산광역시 사하구청,부산광역시 사하구 하신번영로 243,부산광역시 사하구 하단동 1172,다목적,1,200,360도 전방면,30,Dec-13,051-220-4344,35.10262,128.958232,2023-02-16,[35.10262 128.958232]
444,부산광역시 사하구청,부산광역시 사하구 낙동대로280번길 2,부산광역시 사하구 괴정동 769-3,다목적,1,200,360도 전방면,30,May-18,051-220-4344,35.09952,128.9864,2023-02-16,[35.09952 128.9864]
445,부산광역시 사하구청,부산광역시 사하구 다대로 740,부산광역시 사하구 다대1동 1548-5,다목적,1,200,360도 전방면,30,Nov-18,051-220-4344,35.050679,128.959332,2023-02-16,[35.050679 128.959332]
446,부산광역시 사하구청,부산광역시 사하구 낙동대로 449,부산광역시 사하구 하단1동 619-1,다목적,1,200,360도 전방면,30,Dec-18,051-220-4344,35.105061,128.96932,2023-02-16,[35.105061 128.96932]
447,부산광역시 사하구청,부산광역시 사하구 낙동대로 449,부산광역시 사하구 하단1동 619-1,다목적,1,200,360도 전방면,30,Sep-22,051-220-4344,35.105061,128.96932,2023-02-16,[35.105061 128.96932]
448,부산광역시 사하구청,부산광역시 사하구 낙동대로 449,부산광역시 사하구 하단1동 619-1,다목적,1,200,360도 전방면,30,Sep-22,051-220-4344,35.105061,128.96932,2023-02-16,[35.105061 128.96932]
449,부산광역시 사하구청,부산광역시 사하구 낙동대로 449,부산광역시 사하구 하단1동 619-1,다목적,1,200,360도 전방면,30,Sep-22,051-220-4344,35.105061,128.96932,2023-02-16,[35.105061 128.96932]
450,부산광역시 사하구청,부산광역시 사하구 괴정로 119,부산광역시 사하구 당리동 337-3,다목적,1,200,360도 전방면,30,Dec-18,051-220-4344,35.101264,128.976431,2023-02-16,[35.101264 128.976431]
451,부산광역시 사하구청,부산광역시 사하구 괴정로 119,부산광역시 사하구 당리동 337-3,다목적,1,200,360도 전방면,30,Sep-22,051-220-4344,35.101264,128.976431,2023-02-16,[35.101264 128.976431]
452,부산광역시 사하구청,부산광역시 사하구 괴정로 119,부산광역시 사하구 당리동 337-3,다목적,1,200,360도 전방면,30,Sep-22,051-220-4344,35.101264,128.976431,2023-02-16,[35.101264 128.976431]
453,부산광역시 사하구청,부산광역시 사하구 괴정로 119,부산광역시 사하구 당리동 337-3,다목적,1,200,360도 전방면,30,Sep-22,051-220-4344,35.101264,128.976431,2023-02-16,[35.101264 128.976431]
454,부산광역시 사하구청,부산광역시 사하구 감천로21번길 41,부산광역시 사하구 감천1동 589,다목적,1,200,360도 전방면,30,Dec-18,051-220-4344,35.092904,128.996636,2023-02-16,[35.092904 128.996636]
455,부산광역시 사하구청,부산광역시 사하구 서포로 61,부산광역시 사하구 구평동 173-2,다목적,1,200,360도 전방면,30,Dec-18,051-220-4344,35.081217,128.989936,2023-02-16,[35.081217 128.989936]
456,부산광역시 사하구청,부산광역시 사하구 사하로 98,부산광역시 사하구 감천1동 808-29,다목적,1,200,360도 전방면,30,Dec-18,051-220-4344,35.090338,128.993892,2023-02-16,[35.090338 128.993892]
457,부산광역시 사하구청,부산광역시 사하구 다대로586번길 14,부산광역시 사하구 다대1동 583-2,다목적,1,200,360도 전방면,30,Dec-18,051-220-4344,35.053904,128.969904,2023-02-16,[35.053904 128.969904]
458,부산광역시 사하구청,부산광역시 사하구 장림시장11길 48,부산광역시 사하구 장림1동 640-192,다목적,1,200,360도 전방면,30,Dec-18,051-220-4344,35.079417,128.967629,2023-02-16,[35.079417 128.967629]
459,부산광역시 사하구청,부산광역시 사하구 감천로 40,부산광역시 사하구 감천동 662-5,다목적,1,200,360도 전방면,30,Dec-17,051-220-4344,35.09079,128.99714,2023-02-16,[35.09079 128.99714]
460,부산광역시 사하구청,부산광역시 사하구 다대낙조2길 13,부산광역시 사하구 다대동 1548-11,다목적,1,200,360도 전방면,30,Dec-17,051-220-4344,35.05136,128.96296,2023-02-16,[35.05136 128.96296]
461,부산광역시 사하구청,부산광역시 사하구 서포로30번길 3,부산광역시 사하구 구평동 506-3,다목적,1,200,360도 전방면,30,Dec-17,051-220-4344,35.08327,128.98591,2023-02-16,[35.08327 128.98591]
462,부산광역시 사하구청,부산광역시 사하구 윤공단로 74,부산광역시 사하구 다대동 938-12,다목적,1,200,360도 전방면,30,Dec-17,051-220-4344,35.05852,128.96835,2023-02-16,[35.05852 128.96835]
463,부산광역시 사하구청,부산광역시 사하구 낙동대로233번길 21-15,부산광역시 사하구 괴정동 945-5,다목적,1,200,360도 전방면,30,Dec-17,051-220-4344,35.09871,128.99306,2023-02-16,[35.09871 128.99306]
464,부산광역시 사하구청,부산광역시 사하구 승학로233번길 80,부산광역시 사하구 괴정동 1063-136,다목적,1,200,360도 전방면,30,Dec-17,051-220-4344,35.10562,128.98979,2023-02-16,[35.10562 128.98979]
465,부산광역시 사하구청,부산광역시 사하구 대티로 44,부산광역시 사하구 괴정동 199-6,다목적,1,200,360도 전방면,30,Dec-17,051-220-4344,35.10546,129.00391,2023-02-16,[35.10546 129.00391]
466,부산광역시 사하구청,부산광역시 사하구 오작로122번길 5,부산광역시 사하구 괴정동 352-74,다목적,1,200,360도 전방면,30,Dec-17,051-220-4344,35.10232,129.0049,2023-02-16,[35.10232 129.0049]
467,부산광역시 사하구청,부산광역시 사하구 오작로 86-1,부산광역시 사하구 괴정동 378-7,다목적,1,200,360도 전방면,30,Dec-17,051-220-4344,35.09999,129.00232,2023-02-16,[35.09999 129.00232]
468,부산광역시 사하구청,부산광역시 사하구 오작로8번길 15-2,부산광역시 사하구 괴정동 448-31,다목적,1,200,360도 전방면,30,Dec-17,051-220-4344,35.09704,128.99553,2023-02-16,[35.09704 128.99553]
469,부산광역시 사하구청,부산광역시 사하구 낙동대로164번길 9,부산광역시 사하구 괴정동 251-9,다목적,1,200,360도 전방면,30,Dec-17,051-220-4344,35.10266,128.99786,2023-02-16,[35.10266 128.99786]
470,부산광역시 사하구청,부산광역시 사하구 하단동 786-1,부산광역시 사하구 하단동 786-1,다목적,1,200,360도 전방면,30,Feb-22,051-220-4344,35.109234,128.963012,2023-02-16,[35.109234 128.963012]
471,부산광역시 사하구청,부산광역시 사하구 하단동 786-1,부산광역시 사하구 하단동 786-1,다목적,1,200,360도 전방면,30,Feb-22,051-220-4344,35.108997,128.963494,2023-02-16,[35.108997 128.963494]
472,부산광역시 사하구청,부산광역시 사하구 하단동 786-1,부산광역시 사하구 하단동 786-1,다목적,1,200,360도 전방면,30,Feb-22,051-220-4344,35.108422,128.964127,2023-02-16,[35.108422 128.964127]
473,부산광역시 사하구청,부산광역시 사하구 하단동 786-1,부산광역시 사하구 하단동 786-1,다목적,1,200,360도 전방면,30,Feb-22,051-220-4344,35.110226,128.962717,2023-02-16,[35.110226 128.962717]
474,부산광역시 사하구청,부산광역시 사하구 하단동 786-1,부산광역시 사하구 하단동 786-1,다목적,1,200,360도 전방면,30,Feb-22,051-220-4344,35.109528,128.961821,2023-02-16,[35.109528 128.961821]
475,부산광역시 사하구청,부산광역시 사하구 하단동 786-1,부산광역시 사하구 하단동 786-1,다목적,1,200,360도 전방면,30,Feb-22,051-220-4344,35.109883,128.961633,2023-02-16,[35.109883 128.961633]
476,부산광역시 사하구청,부산광역시 사하구 하단동 786-1,부산광역시 사하구 하단동 786-1,다목적,1,200,360도 전방면,30,Feb-22,051-220-4344,35.109883,128.961633,2023-02-16,[35.109883 128.961633]
477,부산광역시 사하구청,부산광역시 사하구 하단동 786-1,부산광역시 사하구 하단동 786-1,다목적,1,200,360도 전방면,30,Feb-22,051-220-4344,35.10904,128.962668,2023-02-16,[35.10904 128.962668]
478,부산광역시 사하구청,부산광역시 사하구 하단동 786-1,부산광역시 사하구 하단동 786-1,다목적,1,200,360도 전방면,30,Feb-22,051-220-4344,35.109234,128.963832,2023-02-16,[35.109234 128.963832]
479,부산광역시 사하구청,부산광역시 사하구 하단동 786-1,부산광역시 사하구 하단동 786-1,다목적,1,200,360도 전방면,30,Feb-22,051-220-4344,35.109102,128.965468,2023-02-16,[35.109102 128.965468]
480,부산광역시 사하구청,부산광역시 사하구 하단동 786-1,부산광역시 사하구 하단동 786-1,다목적,1,200,360도 전방면,30,Feb-22,051-220-4344,35.109102,128.965468,2023-02-16,[35.109102 128.965468]
481,부산광역시 사하구청,부산광역시 사하구 하단동 786-1,부산광역시 사하구 하단동 786-1,다목적,1,200,360도 전방면,30,Feb-22,051-220-4344,35.108992,128.965345,2023-02-16,[35.108992 128.965345]
482,부산광역시 사하구청,부산광역시 사하구 하단동 786-1,부산광역시 사하구 하단동 786-1,다목적,1,200,360도 전방면,30,Feb-22,051-220-4344,35.108992,128.964878,2023-02-16,[35.108992 128.964878]
483,부산광역시 사하구청,부산광역시 사하구 하단동 786-1,부산광역시 사하구 하단동 786-1,다목적,1,200,360도 전방면,30,Feb-22,051-220-4344,35.108992,128.964878,2023-02-16,[35.108992 128.964878]
484,부산광역시 사하구청,부산광역시 사하구 하단동 786-1,부산광역시 사하구 하단동 786-1,다목적,1,200,360도 전방면,30,Feb-22,051-220-4344,35.109589,128.963816,2023-02-16,[35.109589 128.963816]
485,부산광역시 사하구청,부산광역시 사하구 하단동 786-1,부산광역시 사하구 하단동 786-1,다목적,1,200,360도 전방면,30,Nov-22,051-220-4344,35.109589,128.963816,2023-02-16,[35.109589 128.963816]
486,부산광역시 사하구청,부산광역시 사하구 하단동 786-1,부산광역시 사하구 하단동 786-1,다목적,1,200,360도 전방면,30,Nov-22,051-220-4344,35.109589,128.963816,2023-02-16,[35.109589 128.963816]
487,부산광역시 사하구청,부산광역시 사하구 하단동 786-1,부산광역시 사하구 하단동 786-1,다목적,1,200,360도 전방면,30,Feb-22,051-220-4344,35.109254,128.9643,2023-02-16,[35.109254 128.9643]
488,부산광역시 사하구청,부산광역시 사하구 하단동 786-1,부산광역시 사하구 하단동 786-1,다목적,1,200,360도 전방면,30,Feb-22,051-220-4344,35.109254,128.9643,2023-02-16,[35.109254 128.9643]
489,부산광역시 사하구청,부산광역시 사하구 하단동 786-1,부산광역시 사하구 하단동 786-1,다목적,1,200,360도 전방면,30,Feb-22,051-220-4344,35.10933,128.964616,2023-02-16,[35.10933 128.964616]
490,부산광역시 사하구청,부산광역시 사하구 하단동 786-1,부산광역시 사하구 하단동 786-1,다목적,1,200,360도 전방면,30,Feb-22,051-220-4344,35.10933,128.964616,2023-02-16,[35.10933 128.964616]
491,부산광역시 사하구청,부산광역시 사하구 하단동 786-1,부산광역시 사하구 하단동 786-1,다목적,1,200,360도 전방면,30,Nov-22,051-220-4344,35.10933,128.964616,2023-02-16,[35.10933 128.964616]
492,부산광역시 사하구청,부산광역시 사하구 장평로299번안길19,부산광역시 사하구 신평동170,다목적,1,200,360도 전방면,30,Jun-22,051-220-4344,35.09367,128.97221,2023-02-16,[35.09367 128.97221]
493,부산광역시 사하구청,부산광역시 사하구 장평로299번안길19,부산광역시 사하구 신평동170,다목적,1,200,360도 전방면,30,Jun-22,051-220-4344,35.09367,128.97221,2023-02-16,[35.09367 128.97221]
494,부산광역시 사하구청,부산광역시 사하구 장평로299번안길19,부산광역시 사하구 신평동170,다목적,1,200,360도 전방면,30,Jun-22,051-220-4344,35.09395,128.97211,2023-02-16,[35.09395 128.97211]
495,부산광역시 사하구청,부산광역시 사하구 다대로130번길163,부산광역시 사하구 신평동161-69,다목적,1,200,360도 전방면,30,Jun-22,051-220-4344,35.09304,128.97413,2023-02-16,[35.09304 128.97413]
496,부산광역시 사하구청,부산광역시 사하구 다대로130번길163,부산광역시 사하구 신평동161-69,다목적,1,200,360도 전방면,30,Jun-22,051-220-4344,35.09304,128.97413,2023-02-16,[35.09304 128.97413]
497,부산광역시 사하구청,부산광역시 사하구 다대로130번길163,부산광역시 사하구 신평동161-69,다목적,1,200,360도 전방면,30,Jun-22,051-220-4344,35.09304,128.97413,2023-02-16,[35.09304 128.97413]
498,부산광역시 사하구청,부산광역시 사하구 장평로322번길10,부산광역시 사하구 신평동11-188,다목적,1,200,360도 전방면,30,Jun-22,051-220-4344,35.09367,128.97542,2023-02-16,[35.09367 128.97542]
499,부산광역시 사하구청,부산광역시 사하구 장평로322번길10,부산광역시 사하구 신평동11-188,다목적,1,200,360도 전방면,30,Jun-22,051-220-4344,35.09367,128.97542,2023-02-16,[35.09367 128.97542]
500,부산광역시 사하구청,부산광역시 사하구 장평로322번길10,부산광역시 사하구 신평동11-188,다목적,1,200,360도 전방면,30,Jun-22,051-220-4344,35.09367,128.97542,2023-02-16,[35.09367 128.97542]
501,부산광역시 사하구청,부산광역시 사하구 장평로322번길10,부산광역시 사하구 신평동11-188,다목적,1,200,360도 전방면,30,Jun-22,051-220-4344,35.09367,128.97542,2023-02-16,[35.09367 128.97542]
502,부산광역시 사하구청,부산광역시 사하구 신평동73-1,부산광역시 사하구 신평동73-1,다목적,1,200,360도 전방면,30,Jun-22,051-220-4344,35.08972,128.97762,2023-02-16,[35.08972 128.97762]
503,부산광역시 사하구청,부산광역시 사하구 오작로8번길 2,부산광역시 사하구 괴정동 466-1,다목적,1,200,360도 전방면,30,Sep-22,051-220-4344,35.0973,128.99482,2023-02-16,[35.0973 128.99482]
504,부산광역시 사하구청,부산광역시 사하구 오작로8번길 2,부산광역시 사하구 괴정동 466-1,다목적,1,200,360도 전방면,30,Sep-22,051-220-4344,35.0973,128.99482,2023-02-16,[35.0973 128.99482]
505,부산광역시 사하구청,부산광역시 사하구 오작로8번길 2,부산광역시 사하구 괴정동 466-1,다목적,1,200,360도 전방면,30,Sep-22,051-220-4344,35.0973,128.99482,2023-02-16,[35.0973 128.99482]
506,부산광역시 사하구청,부산광역시 사하구 마하로 67,부산광역시 사하구 당리동 354-7,다목적,1,200,360도 전방면,30,Dec-17,051-220-4344,35.10544,128.98414,2023-02-16,[35.10544 128.98414]
507,부산광역시 사하구청,부산광역시 사하구 승학로 206,부산광역시 사하구 괴정동 795-13,다목적,1,200,360도 전방면,30,Dec-17,051-220-4344,35.10102,128.98813,2023-02-16,[35.10102 128.98813]
508,부산광역시 사하구청,부산광역시 사하구 괴정동 764-106,부산광역시 사하구 괴정동 764-106,다목적,1,200,360도 전방면,30,Dec-17,051-220-4344,35.10047,128.98528,2023-02-16,[35.10047 128.98528]
509,부산광역시 사하구청,부산광역시 사하구 제석로59번안길 1,부산광역시 사하구 당리동 311-18,다목적,1,200,360도 전방면,30,Dec-17,051-220-4344,35.10632,128.97458,2023-02-16,[35.10632 128.97458]
510,부산광역시 사하구청,부산광역시 사하구 동매로 161,부산광역시 사하구 당리동 331-21,다목적,1,200,360도 전방면,30,Dec-17,051-220-4344,35.10139,128.97584,2023-02-16,[35.10139 128.97584]
511,부산광역시 사하구청,부산광역시 사하구 제석로 31,부산광역시 사하구 당리동 313-12,다목적,1,200,360도 전방면,30,Sep-22,051-220-4344,35.1045,128.97253,2023-02-16,[35.1045 128.97253]
512,부산광역시 사하구청,부산광역시 사하구 제석로 31,부산광역시 사하구 당리동 313-12,다목적,1,200,360도 전방면,30,Sep-22,051-220-4344,35.1045,128.97253,2023-02-16,[35.1045 128.97253]
513,부산광역시 사하구청,부산광역시 사하구 제석로 31,부산광역시 사하구 당리동 313-12,다목적,1,200,360도 전방면,30,Sep-22,051-220-4344,35.1045,128.97253,2023-02-16,[35.1045 128.97253]
514,부산광역시 사하구청,부산광역시 사하구 제석로 6,부산광역시 사하구 하단동 62-4,다목적,1,200,360도 전방면,30,Sep-22,051-220-4344,35.10296,128.97042,2023-02-16,[35.10296 128.97042]
515,부산광역시 사하구청,부산광역시 사하구 제석로 6,부산광역시 사하구 하단동 62-4,다목적,1,200,360도 전방면,30,Sep-22,051-220-4344,35.10296,128.97042,2023-02-16,[35.10296 128.97042]
516,부산광역시 사하구청,부산광역시 사하구 제석로 6,부산광역시 사하구 하단동 62-4,다목적,1,200,360도 전방면,30,Sep-22,051-220-4344,35.10296,128.97042,2023-02-16,[35.10296 128.97042]
517,부산광역시 사하구청,부산광역시 사하구 제석로 6,부산광역시 사하구 하단동 62-4,다목적,1,200,360도 전방면,30,Sep-22,051-220-4344,35.10296,128.97042,2023-02-16,[35.10296 128.97042]
518,부산광역시 사하구청,부산광역시 사하구 동매로66번길 34,부산광역시 사하구 하단동 381-31,다목적,1,200,360도 전방면,30,Dec-17,051-220-4344,35.1018,128.9663,2023-02-16,[35.1018 128.9663]
519,부산광역시 사하구청,부산광역시 사하구 낙동남로1423번길 87-5,부산광역시 사하구 하단동 781,다목적,1,200,360도 전방면,30,Dec-17,051-220-4344,35.1099,128.96458,2023-02-16,[35.1099 128.96458]
520,부산광역시 사하구청,부산광역시 사하구 승학로17번길 74,부산광역시 사하구 하단동 508-11,다목적,1,200,360도 전방면,30,Dec-17,051-220-4344,35.10943,128.96802,2023-02-16,[35.10943 128.96802]
521,부산광역시 사하구청,부산광역시 사하구 감천동 산 99-1,부산광역시 사하구 감천동 산 99-1,다목적,1,200,360도 전방면,30,Sep-12,051-220-4344,35.093919,129.011702,2023-02-16,[35.093919 129.011702]
522,부산광역시 사하구청,부산광역시 사하구 감천동 13-1523,부산광역시 사하구 감천동 13-1523,다목적,1,200,360도 전방면,30,Sep-12,051-220-4344,35.092839,129.011617,2023-02-16,[35.092839 129.011617]
523,부산광역시 사하구청,부산광역시 사하구 하단2동 1203,부산광역시 사하구 하단2동 1203,다목적,1,200,360도 전방면,30,Sep-12,051-220-4344,35.1071839,128.9567391,2023-02-16,[35.1071839 128.9567391]
524,부산광역시 사하구청,부산광역시 사하구 하단2동 1203,부산광역시 사하구 하단2동 1203,다목적,1,200,360도 전방면,30,Sep-12,051-220-4344,35.106776,128.956329,2023-02-16,[35.106776 128.956329]
525,부산광역시 사하구청,부산광역시 사하구 다송로72번길 80,부산광역시 사하구 다대2동 1573-1,다목적,1,200,360도 전방면,30,Sep-12,051-220-4344,35.0608562,128.980154,2023-02-16,[35.0608562 128.980154]
526,부산광역시 사하구청,부산광역시 사하구 다대로554번길 43,부산광역시 사하구 다대1동 946-19,다목적,1,200,360도 전방면,30,Sep-12,051-220-4344,35.057923,128.968762,2023-02-16,[35.057923 128.968762]
527,부산광역시 사하구청,부산광역시 사하구 다송로 76,부산광역시 사하구 다대2동 1580,다목적,1,200,360도 전방면,30,Sep-12,051-220-4344,35.0621782,128.9837749,2023-02-16,[35.0621782 128.9837749]
528,부산광역시 사하구청,부산광역시 사하구 괴정4동 661,부산광역시 사하구 괴정4동 661,다목적,1,200,360도 전방면,30,Dec-13,051-220-4344,35.098975,128.9865699,2023-02-16,[35.098975 128.9865699]
529,부산광역시 사하구청,부산광역시 사하구 낙동대로244번길 48,부산광역시 사하구 괴정동 1045-4,다목적,1,200,360도 전방면,30,Dec-13,051-220-4344,35.101311,128.990237,2023-02-16,[35.101311 128.990237]
530,부산광역시 사하구청,부산광역시 사하구 낙동대로244번길 48,부산광역시 사하구 괴정동 1045-4,다목적,1,200,360도 전방면,30,Jul-22,051-220-4344,35.101311,128.990237,2023-02-16,[35.101311 128.990237]
531,부산광역시 사하구청,부산광역시 사하구 낙동대로244번길 48,부산광역시 사하구 괴정동 1045-4,다목적,1,200,360도 전방면,30,Jul-22,051-220-4344,35.101311,128.990237,2023-02-16,[35.101311 128.990237]
532,부산광역시 사하구청,부산광역시 사하구 승학로224번길 122,부산광역시 사하구 괴정동 260-23,다목적,1,200,360도 전방면,30,Dec-13,051-220-4344,35.102238,128.996315,2023-02-16,[35.102238 128.996315]
533,부산광역시 사하구청,부산광역시 사하구 괴정로15번길 47,부산광역시 사하구 하단1동 157-3,다목적,1,200,360도 전방면,30,Dec-13,051-220-4344,35.103954,128.968661,2023-02-16,[35.103954 128.968661]
534,부산광역시 사하구청,부산광역시 사하구 낙동대로549번길 29,부산광역시 사하구 하단2동 487-1,다목적,1,200,360도 전방면,30,Dec-13,051-220-4344,35.112588,128.961713,2023-02-16,[35.112588 128.961713]
535,부산광역시 사하구청,부산광역시 사하구 비봉로 21,부산광역시 사하구 신평2동 414-3,다목적,1,200,360도 전방면,30,Dec-13,051-220-4344,35.096992,128.9635099,2023-02-16,[35.096992 128.9635099]
536,부산광역시 사하구청,부산광역시 사하구 신평동370-211,부산광역시 사하구 신평동370-211,다목적,1,200,360도 전방면,30,Jun-22,051-220-4344,35.09182,128.96413,2023-02-16,[35.09182 128.96413]
537,부산광역시 사하구청,부산광역시 사하구 신평동370-211,부산광역시 사하구 신평동370-211,다목적,1,200,360도 전방면,30,Jun-22,051-220-4344,35.09182,128.96413,2023-02-16,[35.09182 128.96413]
538,부산광역시 사하구청,부산광역시 사하구 하신중앙로53번길60,부산광역시 사하구 신평동370-95,다목적,1,200,360도 전방면,30,Jun-22,051-220-4344,35.08183,128.95772,2023-02-16,[35.08183 128.95772]
539,부산광역시 사하구청,부산광역시 사하구 하신중앙로53번길60,부산광역시 사하구 신평동370-95,다목적,1,200,360도 전방면,30,Jun-22,051-220-4344,35.08183,128.95772,2023-02-16,[35.08183 128.95772]
540,부산광역시 사하구청,부산광역시 사하구 하신중앙로3번가길46,부산광역시 사하구 장림동975-95,다목적,1,200,360도 전방면,30,Jun-22,051-220-4344,35.07716,128.96115,2023-02-16,[35.07716 128.96115]
541,부산광역시 사하구청,부산광역시 사하구 장림시장9길99,부산광역시 사하구 장림동640-92,다목적,1,200,360도 전방면,30,Jun-22,051-220-4344,35.07991,128.96723,2023-02-16,[35.07991 128.96723]
542,부산광역시 사하구청,부산광역시 사하구 장평로125번길125-14,부산광역시 사하구 장림동625-27,다목적,1,200,360도 전방면,30,Jun-22,051-220-4344,35.07846,128.97008,2023-02-16,[35.07846 128.97008]
543,부산광역시 사하구청,부산광역시 사하구 다대로250,부산광역시 사하구 장림동192-4,다목적,1,200,360도 전방면,30,Jun-22,051-220-4344,35.08003,128.97722,2023-02-16,[35.08003 128.97722]
544,부산광역시 사하구청,부산광역시 사하구 다대로250,부산광역시 사하구 장림동192-4,다목적,1,200,360도 전방면,30,Jun-22,051-220-4344,35.08003,128.97722,2023-02-16,[35.08003 128.97722]
545,부산광역시 사하구청,부산광역시 사하구 장림동 285-4,부산광역시 사하구 장림동 285-4,다목적,1,200,360도 전방면,30,Jun-22,051-220-4344,35.07758,128.97728,2023-02-16,[35.07758 128.97728]
546,부산광역시 사하구청,부산광역시 사하구 다대로271번길4,부산광역시 사하구 장림동274-3,다목적,1,200,360도 전방면,30,Jun-22,051-220-4344,35.07786,128.97771,2023-02-16,[35.07786 128.97771]
547,부산광역시 사하구청,부산광역시 사하구 다대로271번길4,부산광역시 사하구 장림동274-3,다목적,1,200,360도 전방면,30,Jun-22,051-220-4344,35.07786,128.97771,2023-02-16,[35.07786 128.97771]
548,부산광역시 사하구청,부산광역시 사하구 다대로271번길4,부산광역시 사하구 장림동274-3,다목적,1,200,360도 전방면,30,Jun-22,051-220-4344,35.07786,128.97771,2023-02-16,[35.07786 128.97771]
549,부산광역시 사하구청,부산광역시 사하구 감천로210번길37,부산광역시 사하구 감천동325-1,다목적,1,200,360도 전방면,30,Jun-22,051-220-4344,35.08086,129.00948,2023-02-16,[35.08086 129.00948]
550,부산광역시 사하구청,부산광역시 사하구 감천동846-4,부산광역시 사하구 감천동846-4,다목적,1,200,360도 전방면,30,Jun-22,051-220-4344,35.07968,129.01143,2023-02-16,[35.07968 129.01143]
551,부산광역시 사하구청,부산광역시 사하구 원양로350번길9,부산광역시 사하구 감천동236,다목적,1,200,360도 전방면,30,Jun-22,051-220-4344,35.08173,129.00654,2023-02-16,[35.08173 129.00654]
552,부산광역시 사하구청,부산광역시 사하구 감천로73번안길7,부산광역시 사하구 감천동500-98,다목적,1,200,360도 전방면,30,Jun-22,051-220-4344,35.08991,129.00074,2023-02-16,[35.08991 129.00074]
553,부산광역시 사하구청,부산광역시 사하구 감천로73번안길7,부산광역시 사하구 감천동500-98,다목적,1,200,360도 전방면,30,Jun-22,051-220-4344,35.08991,129.00074,2023-02-16,[35.08991 129.00074]
554,부산광역시 사하구청,부산광역시 사하구 감천로43번길17,부산광역시 사하구 감천동655-17,다목적,1,200,360도 전방면,30,Jun-22,051-220-4344,35.09164,128.99807,2023-02-16,[35.09164 128.99807]
555,부산광역시 사하구청,부산광역시 사하구 감내2로151번길29,부산광역시 사하구 감천동5-3,다목적,1,200,360도 전방면,30,Jun-22,051-220-4344,35.09901,129.00876,2023-02-16,[35.09901 129.00876]
556,부산광역시 사하구청,부산광역시 사하구 감천동5-111,부산광역시 사하구 감천동5-111,다목적,1,200,360도 전방면,30,Jun-22,051-220-4344,35.09815,129.00786,2023-02-16,[35.09815 129.00786]
557,부산광역시 사하구청,부산광역시 사하구 감천동5-111,부산광역시 사하구 감천동5-111,다목적,1,200,360도 전방면,30,Jun-22,051-220-4344,35.09815,129.00786,2023-02-16,[35.09815 129.00786]
558,부산광역시 사하구청,부산광역시 사하구 옥천로67번길9,부산광역시 사하구 감천동16-635,다목적,1,200,360도 전방면,30,Jun-22,051-220-4344,35.09279,129.00849,2023-02-16,[35.09279 129.00849]
559,부산광역시 사하구청,부산광역시 사하구 옥천로67번길9,부산광역시 사하구 감천동16-635,다목적,1,200,360도 전방면,30,Jun-22,051-220-4344,35.09279,129.00849,2023-02-16,[35.09279 129.00849]
560,부산광역시 사하구청,부산광역시 사하구 신산북로61,부산광역시 사하구 신평동292-1,다목적,1,200,360도 전방면,30,Jun-22,051-220-4344,35.09101,128.97086,2023-02-16,[35.09101 128.97086]
561,부산광역시 사하구청,부산광역시 사하구 하신번영로157번길28,부산광역시 사하구 신평동624-10,다목적,1,200,360도 전방면,30,Jun-22,051-220-4344,35.09669,128.95843,2023-02-16,[35.09669 128.95843]
562,부산광역시 사하구청,부산광역시 사하구 하신번영로157번길28,부산광역시 사하구 신평동624-10,다목적,1,200,360도 전방면,30,Jun-22,051-220-4344,35.09669,128.95843,2023-02-16,[35.09669 128.95843]
563,부산광역시 사하구청,부산광역시 사하구 장림동1-8,부산광역시 사하구 장림동1-8,다목적,1,200,360도 전방면,30,Jun-22,051-220-4344,35.07311004,128.9831025,2023-02-16,[35.07311004 128.9831025]
564,부산광역시 사하구청,부산광역시 사하구 장림동1-8,부산광역시 사하구 장림동1-8,다목적,1,200,360도 전방면,30,Jun-22,051-220-4344,35.07311004,128.9831025,2023-02-16,[35.07311004 128.9831025]
565,부산광역시 사하구청,부산광역시 사하구 장림동1-8,부산광역시 사하구 장림동1-8,다목적,1,200,360도 전방면,30,Jun-22,051-220-4344,35.07311004,128.9831025,2023-02-16,[35.07311004 128.9831025]
566,부산광역시 사하구청,부산광역시 사하구 하단동1149-13,부산광역시 사하구 하단동1149-13,다목적,1,200,360도 전방면,30,Jun-22,051-220-4344,35.1077314,128.9472467,2023-02-16,[35.1077314 128.9472467]
567,부산광역시 사하구청,부산광역시 사하구 하단동1149-13,부산광역시 사하구 하단동1149-13,다목적,1,200,360도 전방면,30,Jun-22,051-220-4344,35.107934,128.945976,2023-02-16,[35.107934 128.945976]
568,부산광역시 사하구청,부산광역시 사하구 하단동1150-1,부산광역시 사하구 하단동1150-1,다목적,1,200,360도 전방면,30,Jun-22,051-220-4344,35.108183,128.946247,2023-02-16,[35.108183 128.946247]
569,부산광역시 사하구청,부산광역시 사하구 하신중앙로17번길 11,부산광역시 사하구 장림1동 824,다목적,1,200,360도 전방면,30,Dec-13,051-220-4344,35.080424,128.963323,2023-02-16,[35.080424 128.963323]
570,부산광역시 사하구청,부산광역시 사하구 윤공단로62번길 49,부산광역시 사하구 다대1동 936-11,다목적,1,200,360도 전방면,30,Dec-13,051-220-4344,35.058963,128.969899,2023-02-16,[35.058963 128.969899]
571,부산광역시 사하구청,부산광역시 사하구 윤공단로18번길 30,부산광역시 사하구 다대1동 956-1,다목적,1,200,360도 전방면,30,Dec-13,051-220-4344,35.056343,128.968892,2023-02-16,[35.056343 128.968892]
572,부산광역시 사하구청,부산광역시 사하구 감천1동 849-10,부산광역시 사하구 감천1동 849-10,다목적,1,200,360도 전방면,30,Jan-14,051-220-4344,35.0896926,128.9946941,2023-02-16,[35.0896926 128.9946941]
573,부산광역시 사하구청,부산광역시 사하구 감천1동 849-10,부산광역시 사하구 감천1동 849-10,다목적,1,200,360도 전방면,30,Jan-14,051-220-4344,35.08968,128.99422,2023-02-16,[35.08968 128.99422]
574,부산광역시 사하구청,부산광역시 사하구 낙동대로405,부산광역시 사하구 당리동 323,다목적,2,200,360도 전방면,30,Jan-14,051-220-4344,35.1015327,128.9785988,2023-02-16,[35.1015327 128.9785988]
575,부산광역시 사하구청,부산광역시 사하구 장평로147,부산광역시 사하구 장림2동 334-14,다목적,1,200,360도 전방면,30,Apr-14,051-220-4344,35.079201,128.972713,2023-02-16,[35.079201 128.972713]
576,부산광역시 사하구청,부산광역시 사하구 두송로146번길 21-1,부산광역시 사하구 구평동 435-7,다목적,1,200,360도 전방면,30,Apr-14,051-220-4344,35.07156,128.9837,2023-02-16,[35.07156 128.9837]
577,부산광역시 사하구청,부산광역시 사하구 옥천로70번길 51-1,부산광역시 사하구 감천2동 13-1421,다목적,1,200,360도 전방면,30,Nov-14,051-220-4344,35.092855,129.010137,2023-02-16,[35.092855 129.010137]
578,부산광역시 사하구청,부산광역시 사하구 하신번영로 206,부산광역시 사하구 하단동 1181-2,다목적,1,200,360도 전방면,30,May-15,051-220-4344,35.0998733,128.9591566,2023-02-16,[35.0998733 128.9591566]
579,부산광역시 사하구청,부산광역시 사하구 하신번영로 186,부산광역시 사하구 하단동 1181-25,다목적,1,200,360도 전방면,30,May-15,051-220-4344,35.0997961,128.9601046,2023-02-16,[35.0997961 128.9601046]
580,부산광역시 사하구청,부산광역시 사하구 승학로31번길 33,부산광역시 사하구 당리동 182-11,다목적,1,200,360도 전방면,30,Sep-15,051-220-4344,35.107222,128.9743857,2023-02-16,[35.107222 128.9743857]
581,부산광역시 사하구청,부산광역시 사하구 장평로450번길 42,부산광역시 사하구 괴정1동 532-27,다목적,1,200,360도 전방면,30,Sep-15,051-220-4344,35.097563,128.988939,2023-02-16,[35.097563 128.988939]
582,부산광역시 사하구청,부산광역시 사하구 제석로62번길 16,부산광역시 사하구 당리동 143-1,다목적,1,200,360도 전방면,30,Dec-15,051-220-4344,35.105301,128.97511,2023-02-16,[35.105301 128.97511]
583,부산광역시 사하구청,부산광역시 사하구 감천로117번길 16,부산광역시 사하구 감천1동 479-1,다목적,1,200,360도 전방면,30,Dec-15,051-220-4344,35.0882434,129.0048851,2023-02-16,[35.0882434 129.0048851]
584,부산광역시 사하구청,부산광역시 사하구 사하로185번길 35-1,부산광역시 사하구 괴정1동 872-1,다목적,1,200,360도 전방면,30,Dec-15,051-220-4344,35.0976345,128.9917533,2023-02-16,[35.0976345 128.9917533]
585,부산광역시 사하구청,부산광역시 사하구 다대2동 86-6,부산광역시 사하구 다대2동 86-6,다목적,1,200,360도 전방면,30,Oct-14,051-220-4344,35.063545,128.983319,2023-02-16,[35.063545 128.983319]
586,부산광역시 사하구청,부산광역시 사하구 신평동 660,부산광역시 사하구 신평동 660,다목적,1,200,360도 전방면,30,Apr-16,051-220-4344,35.0805183,128.9529544,2023-02-16,[35.0805183 128.9529544]
587,부산광역시 사하구청,부산광역시 사하구 신평동 660,부산광역시 사하구 신평동 660,다목적,1,200,360도 전방면,30,Apr-16,051-220-4344,35.0811724,128.9554435,2023-02-16,[35.0811724 128.9554435]
588,부산광역시 사하구청,부산광역시 사하구 다대2동 120-7,부산광역시 사하구 다대2동 120-7,다목적,1,200,360도 전방면,30,Aug-16,051-220-4344,35.0611322,128.9797845,2023-02-16,[35.0611322 128.9797845]
589,부산광역시 사하구청,부산광역시 사하구 다대2동 120-7,부산광역시 사하구 다대2동 120-7,다목적,1,200,360도 전방면,30,Aug-16,051-220-4344,35.0621312,128.9792159,2023-02-16,[35.0621312 128.9792159]
590,부산광역시 사하구청,부산광역시 사하구 원양로 368-5,부산광역시 사하구 감천동 142-2,다목적,1,200,360도 전방면,30,Nov-16,051-220-4344,35.0837569,129.00697,2023-02-16,[35.0837569 129.00697]
591,부산광역시 사하구청,부산광역시 사하구 감천로42번길_26,부산광역시 사하구 감천동 864,다목적,1,200,360도 전방면,30,Nov-16,051-220-4344,35.089902,128.995875,2023-02-16,[35.089902 128.995875]
592,부산광역시 사하구청,부산광역시 사하구 감천로210번가길_19,부산광역시 사하구 감천동 847,다목적,1,200,360도 전방면,30,Nov-16,051-220-4344,35.081532,129.008998,2023-02-16,[35.081532 129.008998]
593,부산광역시 사하구청,부산광역시 사하구 을숙도대로873번길_32,부산광역시 사하구 감천동 849-38,다목적,1,200,360도 전방면,30,Nov-16,051-220-4344,35.089888,128.99707,2023-02-16,[35.089888 128.99707]
594,부산광역시 사하구청,부산광역시 사하구 사하로141번가길_3,부산광역시 사하구 괴정동 663,다목적,1,200,360도 전방면,30,Nov-16,051-220-4344,35.09462,128.9923,2023-02-16,[35.09462 128.9923]
595,부산광역시 사하구청,부산광역시 사하구 승학로281번길_78,부산광역시 사하구 괴정동 1040-6,다목적,1,200,360도 전방면,30,Nov-16,051-220-4344,35.103914,128.991644,2023-02-16,[35.103914 128.991644]
596,부산광역시 사하구청,부산광역시 사하구 낙동대로234번길_18,부산광역시 사하구 괴정동 922-5,다목적,1,200,360도 전방면,30,Nov-16,051-220-4344,35.100811,128.991162,2023-02-16,[35.100811 128.991162]
597,부산광역시 사하구청,부산광역시 사하구 괴정로232번길_10,부산광역시 사하구 괴정동 663,다목적,1,200,360도 전방면,30,Nov-16,051-220-4344,35.096314,128.986616,2023-02-16,[35.096314 128.986616]
598,부산광역시 사하구청,부산광역시 사하구 괴정로244번길_39,부산광역시 사하구 괴정동 538-1,다목적,1,200,360도 전방면,30,Nov-16,051-220-4344,35.094994,128.987675,2023-02-16,[35.094994 128.987675]
599,부산광역시 사하구청,부산광역시 사하구 괴정로_283,부산광역시 사하구 괴정동 659,다목적,1,200,360도 전방면,30,Nov-16,051-220-4344,35.096646,128.992379,2023-02-16,[35.096646 128.992379]
600,부산광역시 사하구청,부산광역시 사하구 오작로162번길_19,부산광역시 사하구 괴정동 1-2,다목적,1,200,360도 전방면,30,Nov-16,051-220-4344,35.103972,129.008402,2023-02-16,[35.103972 129.008402]
601,부산광역시 사하구청,부산광역시 사하구 낙동대로140번길_134,부산광역시 사하구 괴정동 149,다목적,1,200,360도 전방면,30,Nov-16,051-220-4344,35.106222,129.007041,2023-02-16,[35.106222 129.007041]
602,부산광역시 사하구청,부산광역시 사하구 낙동남로1233번길1,부산광역시 사하구 하단동1150-2,다목적,1,200,360도 전방면,30,Jun-22,051-220-4344,35.107971,128.947373,2023-02-16,[35.107971 128.947373]
603,부산광역시 사하구청,부산광역시 사하구 하단동1193,부산광역시 사하구 하단동1193,다목적,1,200,360도 전방면,30,Nov-22,051-220-4344,35.1138,128.96033,2023-02-16,[35.1138 128.96033]
604,부산광역시 사하구청,부산광역시 사하구 하단동1193,부산광역시 사하구 하단동1193,다목적,1,200,360도 전방면,30,Nov-22,051-220-4344,35.1138,128.96033,2023-02-16,[35.1138 128.96033]
605,부산광역시 사하구청,부산광역시 사하구 하단동1193,부산광역시 사하구 하단동1193,다목적,1,200,360도 전방면,30,Nov-22,051-220-4344,35.1138,128.96033,2023-02-16,[35.1138 128.96033]
606,부산광역시 사하구청,부산광역시 사하구 하단동1193,부산광역시 사하구 하단동1193,다목적,1,200,360도 전방면,30,Nov-22,051-220-4344,35.11177,128.95946,2023-02-16,[35.11177 128.95946]
607,부산광역시 사하구청,부산광역시 사하구 하단동1193,부산광역시 사하구 하단동1193,다목적,1,200,360도 전방면,30,Nov-22,051-220-4344,35.11177,128.95946,2023-02-16,[35.11177 128.95946]
608,부산광역시 사하구청,부산광역시 사하구 하단동1193,부산광역시 사하구 하단동1193,다목적,1,200,360도 전방면,30,Nov-22,051-220-4344,35.11177,128.95946,2023-02-16,[35.11177 128.95946]
609,부산광역시 사하구청,부산광역시 사하구 하단동1193,부산광역시 사하구 하단동1193,다목적,1,200,360도 전방면,30,Nov-22,051-220-4344,35.11053,128.95911,2023-02-16,[35.11053 128.95911]
610,부산광역시 사하구청,부산광역시 사하구 하단동1193,부산광역시 사하구 하단동1193,다목적,1,200,360도 전방면,30,Nov-22,051-220-4344,35.11053,128.95911,2023-02-16,[35.11053 128.95911]
611,부산광역시 사하구청,부산광역시 사하구 하단동1193,부산광역시 사하구 하단동1193,다목적,1,200,360도 전방면,30,Nov-22,051-220-4344,35.11053,128.95911,2023-02-16,[35.11053 128.95911]
612,부산광역시 사하구청,부산광역시 사하구 하단동1193,부산광역시 사하구 하단동1193,다목적,1,200,360도 전방면,30,Nov-22,051-220-4344,35.10852,128.95876,2023-02-16,[35.10852 128.95876]
613,부산광역시 사하구청,부산광역시 사하구 하단동1193,부산광역시 사하구 하단동1193,다목적,1,200,360도 전방면,30,Nov-22,051-220-4344,35.10852,128.95876,2023-02-16,[35.10852 128.95876]
614,부산광역시 사하구청,부산광역시 사하구 하단동1193,부산광역시 사하구 하단동1193,다목적,1,200,360도 전방면,30,Nov-22,051-220-4344,35.10852,128.95876,2023-02-16,[35.10852 128.95876]
615,부산광역시 사하구청,부산광역시 사하구 장평로420번길33,부산광역시 사하구 괴정동647-15,다목적,1,200,360도 전방면,30,Nov-22,051-220-4344,35.095086,128.985131,2023-02-16,[35.095086 128.985131]
616,부산광역시 사하구청,부산광역시 사하구 장평로420번길33,부산광역시 사하구 괴정동647-15,다목적,1,200,360도 전방면,30,Nov-22,051-220-4344,35.095086,128.985131,2023-02-16,[35.095086 128.985131]
617,부산광역시 사하구청,부산광역시 사하구 괴정로245번길18,부산광역시 사하구 괴정동659,다목적,1,200,360도 전방면,30,Nov-22,051-220-4344,35.097856,128.988545,2023-02-16,[35.097856 128.988545]
618,부산광역시 사하구청,부산광역시 사하구 승학로233번길16,부산광역시 사하구 괴정동1249-15,다목적,1,200,360도 전방면,30,Nov-22,051-220-4344,35.102772,128.990029,2023-02-16,[35.102772 128.990029]
619,부산광역시 사하구청,부산광역시 사하구 승학로233번길16,부산광역시 사하구 괴정동1249-15,다목적,1,200,360도 전방면,30,Nov-22,051-220-4344,35.102772,128.990029,2023-02-16,[35.102772 128.990029]
620,부산광역시 사하구청,부산광역시 사하구 괴정동 1218-13,부산광역시 사하구 괴정동 1218-13,다목적,1,200,360도 전방면,30,Dec-22,051-220-4344,35.096769,128.97845,2023-02-16,[35.096769 128.97845]
621,부산광역시 사하구청,부산광역시 사하구 괴정동 1218-13,부산광역시 사하구 괴정동 1218-13,다목적,1,200,360도 전방면,30,Dec-22,051-220-4344,35.096613,128.979158,2023-02-16,[35.096613 128.979158]
622,부산광역시 사하구청,부산광역시 사하구 다대동 1585,부산광역시 사하구 다대동 1585,다목적,1,200,360도 전방면,30,Dec-22,051-220-4344,35.0596,128.9796,2023-02-16,[35.0596 128.9796]
623,부산광역시 사하구청,부산광역시 사하구 다대동 1585,부산광역시 사하구 다대동 1585,다목적,1,200,360도 전방면,30,Dec-22,051-220-4344,35.0595,128.9797,2023-02-16,[35.0595 128.9797]
624,부산광역시 사하구청,부산광역시 사하구 대티로_63번가길_2,부산광역시 사하구 괴정동 118,다목적,1,200,360도 전방면,30,Nov-16,051-220-4344,35.106754,129.006402,2023-02-16,[35.106754 129.006402]
625,부산광역시 사하구청,부산광역시 사하구 오작로76번길_19,부산광역시 사하구 괴정동 378-268,다목적,1,200,360도 전방면,30,Nov-16,051-220-4344,35.098677,129.001568,2023-02-16,[35.098677 129.001568]
626,부산광역시 사하구청,부산광역시 사하구 낙동대로194번길3,부산광역시 사하구 괴정동 261-1,다목적,1,200,360도 전방면,30,Nov-16,051-220-4344,35.101349,128.995236,2023-02-16,[35.101349 128.995236]
627,부산광역시 사하구청,부산광역시 사하구 오작로25,부산광역시 사하구 괴정동 1238-281,다목적,1,200,360도 전방면,30,Nov-16,051-220-4344,35.098501,128.996262,2023-02-16,[35.098501 128.996262]
628,부산광역시 사하구청,부산광역시 사하구 낙동대로179번길 7,부산광역시 사하구 괴정동 409-56,다목적,1,200,360도 전방면,30,Nov-16,051-220-4344,35.101233,128.99708,2023-02-16,[35.101233 128.99708]
629,부산광역시 사하구청,부산광역시 사하구 사리로27번길 13,부산광역시 사하구 괴정동 295-1,다목적,1,200,360도 전방면,30,Nov-16,051-220-4344,35.101923,128.998521,2023-02-16,[35.101923 128.998521]
630,부산광역시 사하구청,부산광역시 사하구 낙동대로140번길 112,부산광역시 사하구 괴정동 165,다목적,1,200,360도 전방면,30,Nov-16,051-220-4344,35.09754,128.979287,2023-02-16,[35.09754 128.979287]
631,부산광역시 사하구청,부산광역시 사하구 장평로 420,부산광역시 사하구 괴정동 557-2,다목적,1,200,360도 전방면,30,Nov-16,051-220-4344,35.096486,128.984931,2023-02-16,[35.096486 128.984931]
632,부산광역시 사하구청,부산광역시 사하구 장평로 420,부산광역시 사하구 괴정동 557-2,다목적,1,200,360도 전방면,30,Sep-22,051-220-4344,35.096486,128.984931,2023-02-16,[35.096486 128.984931]
633,부산광역시 사하구청,부산광역시 사하구 장평로 420,부산광역시 사하구 괴정동 557-2,다목적,1,200,360도 전방면,30,Sep-22,051-220-4344,35.096486,128.984931,2023-02-16,[35.096486 128.984931]
634,부산광역시 사하구청,부산광역시 사하구 장평로 420,부산광역시 사하구 괴정동 557-2,다목적,1,200,360도 전방면,30,Sep-22,051-220-4344,35.096486,128.984931,2023-02-16,[35.096486 128.984931]
635,부산광역시 사하구청,부산광역시 사하구 승학로 163,부산광역시 사하구 괴정동 1080-7,다목적,1,200,360도 전방면,30,Nov-16,051-220-4344,35.101384,128.983666,2023-02-16,[35.101384 128.983666]
636,부산광역시 사하구청,부산광역시 사하구 괴정로 203,부산광역시 사하구 괴정동 568-10,다목적,1,200,360도 전방면,30,Nov-16,051-220-4344,35.097597,128.98406,2023-02-16,[35.097597 128.98406]
637,부산광역시 사하구청,부산광역시 사하구 장평로443번길 111,부산광역시 사하구 괴정동 656-7,다목적,1,200,360도 전방면,30,Nov-16,051-220-4344,35.099114,128.979786,2023-02-16,[35.099114 128.979786]
638,부산광역시 사하구청,부산광역시 사하구 을숙도대로 747-1,부산광역시 사하구 구평동 101-9,다목적,1,200,360도 전방면,30,Nov-16,051-220-4344,35.0861103,128.9869389,2023-02-16,[35.0861103 128.9869389]
639,부산광역시 사하구청,부산광역시 사하구 승학로20번길 22,부산광역시 사하구 당리동 306-16,다목적,1,200,360도 전방면,30,Nov-16,051-220-4344,35.106323,128.971553,2023-02-16,[35.106323 128.971553]
640,부산광역시 사하구청,부산광역시 사하구 괴정로 101,부산광역시 사하구 당리동 324-2,다목적,1,200,360도 전방면,30,Nov-16,051-220-4344,35.102332,128.975362,2023-02-16,[35.102332 128.975362]
641,부산광역시 사하구청,부산광역시 사하구 괴정로 101,부산광역시 사하구 당리동 324-2,다목적,1,200,360도 전방면,30,Sep-22,051-220-4344,35.102332,128.975362,2023-02-16,[35.102332 128.975362]
642,부산광역시 사하구청,부산광역시 사하구 괴정로 101,부산광역시 사하구 당리동 324-2,다목적,1,200,360도 전방면,30,Sep-22,051-220-4344,35.102332,128.975362,2023-02-16,[35.102332 128.975362]
643,부산광역시 사하구청,부산광역시 사하구 괴정로 101,부산광역시 사하구 당리동 324-2,다목적,1,200,360도 전방면,30,Sep-22,051-220-4344,35.102332,128.975362,2023-02-16,[35.102332 128.975362]
644,부산광역시 사하구청,부산광역시 사하구 괴정로 101,부산광역시 사하구 당리동 324-2,다목적,1,200,360도 전방면,30,Sep-22,051-220-4344,35.102332,128.975362,2023-02-16,[35.102332 128.975362]
645,부산광역시 사하구청,부산광역시 사하구 낙동대로372번길 10,부산광역시 사하구 당리동 342-3,다목적,1,200,360도 전방면,30,Nov-16,051-220-4344,35.102815,128.977778,2023-02-16,[35.102815 128.977778]
646,부산광역시 사하구청,부산광역시 사하구 승학로71번안길 33,부산광역시 사하구 당리동 101-26,다목적,1,200,360도 전방면,30,Nov-16,051-220-4344,35.106288,128.976244,2023-02-16,[35.106288 128.976244]
647,부산광역시 사하구청,부산광역시 사하구 제석로 17,부산광역시 사하구 하단동 619-23,다목적,1,200,360도 전방면,30,Nov-16,051-220-4344,35.103778,128.97112,2023-02-16,[35.103778 128.97112]
648,부산광역시 사하구청,부산광역시 사하구 제석로 17,부산광역시 사하구 하단동 619-23,다목적,1,200,360도 전방면,30,Sep-22,051-220-4344,35.103778,128.97112,2023-02-16,[35.103778 128.97112]
649,부산광역시 사하구청,부산광역시 사하구 제석로 17,부산광역시 사하구 하단동 619-23,다목적,1,200,360도 전방면,30,Sep-22,051-220-4344,35.103778,128.97112,2023-02-16,[35.103778 128.97112]
650,부산광역시 사하구청,부산광역시 사하구 제석로 17,부산광역시 사하구 하단동 619-23,다목적,1,200,360도 전방면,30,Sep-22,051-220-4344,35.103778,128.97112,2023-02-16,[35.103778 128.97112]
651,부산광역시 사하구청,부산광역시 사하구 승학로71번길 70,부산광역시 사하구 당리동 60-4,다목적,1,200,360도 전방면,30,Nov-16,051-220-4344,35.107141,128.978004,2023-02-16,[35.107141 128.978004]
652,부산광역시 사하구청,부산광역시 사하구 다대로135번길_68,부산광역시 사하구 신평동 26-3,다목적,1,200,360도 전방면,30,Nov-16,051-220-4344,35.092524,128.980796,2023-02-16,[35.092524 128.980796]
653,부산광역시 사하구청,부산광역시 사하구 신산북로57번길_25,부산광역시 사하구 신평동 461,다목적,1,200,360도 전방면,30,Nov-16,051-220-4344,35.092274,128.971034,2023-02-16,[35.092274 128.971034]
654,부산광역시 사하구청,부산광역시 사하구 다대로144번길_133,부산광역시 사하구 신평동 161-215,다목적,1,200,360도 전방면,30,Nov-16,051-220-4344,35.092197,128.97472,2023-02-16,[35.092197 128.97472]
655,부산광역시 사하구청,부산광역시 사하구 하신번영로_179,부산광역시 사하구 신평동 665,다목적,1,200,360도 전방면,30,Nov-16,051-220-4344,35.098526,128.960334,2023-02-16,[35.098526 128.960334]
656,부산광역시 사하구청,부산광역시 사하구 장림시장8길_14,부산광역시 사하구 장림동 808-1,다목적,1,200,360도 전방면,30,Nov-16,051-220-4344,35.080622,128.965285,2023-02-16,[35.080622 128.965285]
